-- --------------------------------------------------------
-- Host:                         127.0.0.1
-- Server version:               10.1.19-MariaDB - mariadb.org binary distribution
-- Server OS:                    Win32
-- HeidiSQL Version:             9.3.0.4984
-- --------------------------------------------------------

/*!40101 SET @OLD_CHARACTER_SET_CLIENT=@@CHARACTER_SET_CLIENT */;
/*!40101 SET NAMES utf8mb4 */;
/*!40014 SET @OLD_FOREIGN_KEY_CHECKS=@@FOREIGN_KEY_CHECKS, FOREIGN_KEY_CHECKS=0 */;
/*!40101 SET @OLD_SQL_MODE=@@SQL_MODE, SQL_MODE='NO_AUTO_VALUE_ON_ZERO' */;

-- Dumping database structure for lawmsac_lawyer
CREATE DATABASE IF NOT EXISTS `lawmsac_lawyer` /*!40100 DEFAULT CHARACTER SET latin1 */;
USE `lawmsac_lawyer`;


-- Dumping structure for table lawmsac_lawyer.appeal
CREATE TABLE IF NOT EXISTS `appeal` (
  `id_appeal` int(11) NOT NULL AUTO_INCREMENT,
  `user_id` int(11) DEFAULT NULL,
  `lawyer_id` int(11) DEFAULT NULL,
  `appeal_type_id` int(11) DEFAULT NULL,
  `experience` varchar(255) CHARACTER SET utf8 DEFAULT NULL,
  `subject` varchar(255) CHARACTER SET utf8 DEFAULT NULL,
  `attachment` text,
  `description` text CHARACTER SET utf8,
  `status` varchar(255) NOT NULL DEFAULT 'pending',
  `created_date_time` timestamp NOT NULL DEFAULT CURRENT_TIMESTAMP,
  `payment_status` varchar(150) DEFAULT 'pending',
  PRIMARY KEY (`id_appeal`)
) ENGINE=InnoDB AUTO_INCREMENT=46 DEFAULT CHARSET=latin1;

-- Dumping data for table lawmsac_lawyer.appeal: ~43 rows (approximately)
/*!40000 ALTER TABLE `appeal` DISABLE KEYS */;
INSERT INTO `appeal` (`id_appeal`, `user_id`, `lawyer_id`, `appeal_type_id`, `experience`, `subject`, `attachment`, `description`, `status`, `created_date_time`, `payment_status`) VALUES
	(1, 4, 3, 1, '0-5', 'test', '', 'test', 'closed', '2016-08-18 00:18:40', 'pending'),
	(2, 4, 25, 2, '0-5', 'test3', '', 'test', 'rejected', '2016-08-18 00:19:06', 'pending'),
	(3, 4, 3, 2, '0-5', 'test09', '', 'test', 'closed', '2016-08-18 00:48:51', 'pending'),
	(4, 8, 5, 0, '6', 'test', '', 'test', 'pending', '2016-08-22 12:20:31', 'pending'),
	(5, 24, 25, 0, '5', 'uploading', '', 'uploading', 'accepted', '2016-09-02 12:31:21', 'pending'),
	(6, 24, 25, 0, '5', 'update', '', 'update', 'pending', '2016-09-02 12:32:59', 'pending'),
	(7, 24, 25, 0, '5', 'testing from user', '', 'testing from user', 'pending', '2016-09-06 16:58:00', 'pending'),
	(8, 24, 25, 0, '5', 'to malllikarjun', '', 'mallikarjun from malli', 'pending', '2016-09-06 17:03:35', 'pending'),
	(9, 24, 25, 1, '5', 'testing from postman', '', 'user testing from postman', 'accepted', '2016-09-06 17:07:44', 'pending'),
	(10, 34, 25, 0, '5', 'tester999 testing', '', 'tester999 posted', 'accepted', '2016-09-07 10:28:29', 'pending'),
	(11, 34, 25, 0, '5', 'with img', '', 'uploading with images', 'accepted', '2016-09-07 11:59:44', 'pending'),
	(12, 34, 25, 0, '5', 'tester sending again', '', 'tester testing', 'pending', '2016-09-07 12:05:23', 'pending'),
	(13, 34, 25, 0, '5', 'testing', '', 'tester', 'pending', '2016-09-07 12:57:13', 'pending'),
	(14, 34, 25, 0, '5', 'again teat', '', 'test', 'pending', '2016-09-07 12:58:10', 'pending'),
	(15, 34, 25, 0, '5', 'test cam', '', 'from cam', 'accepted', '2016-09-07 12:59:22', 'pending'),
	(16, 34, 25, 0, '5', 'test from mobile', '', 'test', 'rejected', '2016-09-07 13:01:20', 'pending'),
	(17, 34, 25, 0, '5', 'again test', '', 'again test', 'pending', '2016-09-07 14:34:58', 'pending'),
	(18, 34, 25, 0, '5', 'test with images', '', 'test with multiple images', 'pending', '2016-09-07 14:36:16', 'pending'),
	(19, 34, 25, 0, '5', 'single img', '', 'single img', 'pending', '2016-09-07 14:37:16', 'pending'),
	(20, 34, 25, 0, '5', 'from cam', '', 'from came testing', 'pending', '2016-09-07 14:38:01', 'pending'),
	(21, 34, 25, 0, '5', 'uploading audio', '', 'uploading audio', 'accepted', '2016-09-07 14:39:33', 'pending'),
	(22, 34, 25, 0, '5', 'cam', '', 'cam', 'pending', '2016-09-07 15:30:28', 'pending'),
	(23, 34, 25, 0, '5', 'again cam test', '', 'again cam test', 'accepted', '2016-09-07 15:31:56', 'pending'),
	(24, 34, 25, 0, '5', 'multiple images ', '', 'multiple images uploading with audio file ', 'pending', '2016-09-07 15:37:32', 'pending'),
	(25, 34, 25, 0, '5', 'multiple images ', '', 'multiple images uploading with audio file ', 'pending', '2016-09-07 15:37:33', 'pending'),
	(26, 34, 25, 0, '5', 'multiple images ', '', 'multiple images uploading with audio file ', 'pending', '2016-09-07 15:37:35', 'pending'),
	(27, 34, 25, 0, '5', 'multiple images ', '', 'multiple images uploading with audio file ', 'pending', '2016-09-07 15:37:36', 'pending'),
	(28, 34, 25, 0, '5', 'multiple images ', '', 'multiple images uploading with audio file ', 'pending', '2016-09-07 15:37:36', 'pending'),
	(29, 34, 25, 0, '5', 'cam with single img', '', 'single img', 'accepted', '2016-09-07 15:42:05', 'pending'),
	(30, 34, 25, 0, '5', 'testing purpose', '', 'testing purpose  uploading', 'closed', '2016-09-08 10:18:34', 'pending'),
	(31, 30, 25, 0, '5', 'PDF uploading', '', 'PDF uploading testing', 'closed', '2016-09-12 17:50:37', 'pending'),
	(32, 30, 25, 0, '5', 'testing purpose', '', 'testing purpose adding', 'pending', '2016-09-22 16:37:15', 'pending'),
	(33, 30, 25, 0, '5', 'testing purpose', '', 'testing purpose adding', 'pending', '2016-09-22 16:37:39', 'pending'),
	(34, 30, 25, 0, '5', 'testing purpose 7', '', 'testing purpose adding7', 'accepted', '2016-09-22 16:39:16', 'pending'),
	(35, 30, 25, 0, '5', 'testing purpose', '', 'testing purpise', 'accepted', '2016-10-05 12:55:55', 'paid'),
	(36, 6, 15, 2, '', 'Test Appeal for IOS', '', 'Test Appeal for IOS', 'pending', '2016-10-08 13:35:43', 'pending'),
	(37, 6, 66, 1, '', 'Test Appeal for IOS', '', 'Test Appeal for IOS', 'accepted', '2016-10-08 13:36:35', 'pending'),
	(38, 6, 15, 1, '', 'Test Appeal for IOS -2 ', '', 'Test Appeal for IOS -2 ', 'rejected', '2016-10-08 13:36:58', 'pending'),
	(39, 6, 15, 1, '', '***************** Test Appeal for IOS -2  Test Appeal for IOS -2  Test Appeal for IOS -2  Test Appeal for IOS -2  Test Appeal for IOS -2  Test Appeal for IOS -2  Test Appeal for IOS -2  Test Appeal for IOS -2  Test Appeal for IOS -2  Test Appeal for IOS -', '', 'Test Appeal for IOS -2  Test Appeal for IOS -2  Test Appeal for IOS -2  Test Appeal for IOS -2  Test Appeal for IOS -2  Test Appeal for IOS -2  Test Appeal for IOS -2 Test Appeal for IOS -2  Test Appeal for IOS -2  Test Appeal for IOS -2  Test Appeal for IOS -2  Test Appeal for IOS -2  Test Appeal for IOS -2  Test Appeal for IOS -2 Test Appeal for IOS -2  Test Appeal for IOS -2  Test Appeal for IOS -2  Test Appeal for IOS -2  Test Appeal for IOS -2  Test Appeal for IOS -2  Test Appeal for IOS -2 Test Appeal for IOS -2  Test Appeal for IOS -2  Test Appeal for IOS -2  Test Appeal for IOS -2  Test Appeal for IOS -2  Test Appeal for IOS -2  Test Appeal for IOS -2 Test Appeal for IOS -2  Test Appeal for IOS -2  Test Appeal for IOS -2  Test Appeal for IOS -2  Test Appeal for IOS -2  Test Appeal for IOS -2  Test Appeal for IOS -2 Test Appeal for IOS -2  Test Appeal for IOS -2  Test Appeal for IOS -2  Test Appeal for IOS -2  Test Appeal for IOS -2  Test Appeal for IOS -2  Test Appeal for IOS -2 Test Appeal for IOS -2  Test Appeal for IOS -2  Test Appeal for IOS -2  Test Appeal for IOS -2  Test Appeal for IOS -2  Test Appeal for IOS -2  Test Appeal for IOS -2 Test Appeal for IOS -2  Test Appeal for IOS -2  Test Appeal for IOS -2  Test Appeal for IOS -2  Test Appeal for IOS -2  Test Appeal for IOS -2  Test Appeal for IOS -2 Test Appeal for IOS -2  Test Appeal for IOS -2  Test Appeal for IOS -2  Test Appeal for IOS -2  Test Appeal for IOS -2  Test Appeal for IOS -2  Test Appeal for IOS -2 Test Appeal for IOS -2  Test Appeal for IOS -2  Test Appeal for IOS -2  Test Appeal for IOS -2  Test Appeal for IOS -2  Test Appeal for IOS -2  Test Appeal for IOS -2 Test Appeal for IOS -2  Test Appeal for IOS -2  Test Appeal for IOS -2  Test Appeal for IOS -2  Test Appeal for IOS -2  Test Appeal for IOS -2  Test Appeal for IOS -2 Test Appeal for IOS -2  Test Appeal for IOS -2  Test Appeal for IOS -2  Test Appeal for IOS -2  Test Appeal for IOS -2  Test Appeal for IOS -2  Test Appeal for IOS -2 Test Appeal for IOS -2  Test Appeal for IOS -2  Test Appeal for IOS -2  Test Appeal for IOS -2  Test Appeal for IOS -2  Test Appeal for IOS -2  Test Appeal for IOS -2 Test Appeal for IOS -2  Test Appeal for IOS -2  Test Appeal for IOS -2  Test Appeal for IOS -2  Test Appeal for IOS -2  Test Appeal for IOS -2  Test Appeal for IOS -2 Test Appeal for IOS -2  Test Appeal for IOS -2  Test Appeal for IOS -2  Test Appeal for IOS -2  Test Appeal for IOS -2  Test Appeal for IOS -2  Test Appeal for IOS -2 Test Appeal for IOS -2  Test Appeal for IOS -2  Test Appeal for IOS -2  Test Appeal for IOS -2  Test Appeal for IOS -2  Test Appeal for IOS -2  Test Appeal for IOS -2 Test Appeal for IOS -2  Test Appeal for IOS -2  Test Appeal for IOS -2  Test Appeal for IOS -2  Test Appeal for IOS -2  Test Appeal for IOS -2  Test Appeal for IOS -2 Test Appeal for IOS -2  Test Appeal for IOS -2  Test Appeal for IOS -2  Test Appeal for IOS -2  Test Appeal for IOS -2  Test Appeal for IOS -2  Test Appeal for IOS -2 Test Appeal for IOS -2  Test Appeal for IOS -2  Test Appeal for IOS -2  Test Appeal for IOS -2  Test Appeal for IOS -2  Test Appeal for IOS -2  Test Appeal for IOS -2 Test Appeal for IOS -2  Test Appeal for IOS -2  Test Appeal for IOS -2  Test Appeal for IOS -2  Test Appeal for IOS -2  Test Appeal for IOS -2  Test Appeal for IOS -2 Test Appeal for IOS -2  Test Appeal for IOS -2  Test Appeal for IOS -2  Test Appeal for IOS -2  Test Appeal for IOS -2  Test Appeal for IOS -2  Test Appeal for IOS -2 Test Appeal for IOS -2  Test Appeal for IOS -2  Test Appeal for IOS -2  Test Appeal for IOS -2  Test Appeal for IOS -2  Test Appeal for IOS -2  Test Appeal for IOS -2 Test Appeal for IOS -2  Test Appeal for IOS -2  Test Appeal for IOS -2  Test Appeal for IOS -2  Test Appeal for IOS -2  Test Appeal for IOS -2  Test Appeal for IOS -2 Test Appeal for IOS -2  Test Appeal for IOS -2  Test Appeal for IOS -2  Test Appeal for IOS -2  Test Appeal for IOS -2  Test Appeal for IOS -2  Test Appeal for IOS -2 Test Appeal for IOS -2  Test Appeal for IOS -2  Test Appeal for IOS -2  Test Appeal for IOS -2  Test Appeal for IOS -2  Test Appeal for IOS -2  Test Appeal for IOS -2 Test Appeal for IOS -2  Test Appeal for IOS -2  Test Appeal for IOS -2  Test Appeal for IOS -2  Test Appeal for IOS -2  Test Appeal for IOS -2  Test Appeal for IOS -2 Test Appeal for IOS -2  Test Appeal for IOS -2  Test Appeal for IOS -2  Test Appeal for IOS -2  Test Appeal for IOS -2  Test Appeal for IOS -2  Test Appeal for IOS -2 Test Appeal for IOS -2  Test Appeal for IOS -2  Test Appeal for IOS -2  Test Appeal for IOS -2  Test Appeal for IOS -2  Test Appeal for IOS -2  Test Appeal for IOS -2 Test Appeal for IOS -2  Test Appeal for IOS -2  Test Appeal for IOS -2  Test Appeal for IOS -2  Test Appeal for IOS -2  Test Appeal for IOS -2  Test Appeal for IOS -2 Test Appeal for IOS -2  Test Appeal for IOS -2  Test Appeal for IOS -2  Test Appeal for IOS -2  Test Appeal for IOS -2  Test Appeal for IOS -2  Test Appeal for IOS -2 Test Appeal for IOS -2  Test Appeal for IOS -2  Test Appeal for IOS -2  Test Appeal for IOS -2  Test Appeal for IOS -2  Test Appeal for IOS -2  Test Appeal for IOS -2 Test Appeal for IOS -2  Test Appeal for IOS -2  Test Appeal for IOS -2  Test Appeal for IOS -2  Test Appeal for IOS -2  Test Appeal for IOS -2  Test Appeal for IOS -2 Test Appeal for IOS -2  Test Appeal for IOS -2  Test Appeal for IOS -2  Test Appeal for IOS -2  Test Appeal for IOS -2  Test Appeal for IOS -2  Test Appeal for IOS -2 Test Appeal for IOS -2  Test Appeal for IOS -2  Test Appeal for IOS -2  Test Appeal for IOS -2  Test Appeal for IOS -2  Test Appeal for IOS -2  Test Appeal for IOS -2 Test Appeal for IOS -2  Test Appeal for IOS -2  Test Appeal for IOS -2  Test Appeal for IOS -2  Test Appeal for IOS -2  Test Appeal for IOS -2  Test Appeal for IOS -2 Test Appeal for IOS -2  Test Appeal for IOS -2  Test Appeal for IOS -2  Test Appeal for IOS -2  Test Appeal for IOS -2  Test Appeal for IOS -2  Test Appeal for IOS -2 Test Appeal for IOS -2  Test Appeal for IOS -2  Test Appeal for IOS -2  Test Appeal for IOS -2  Test Appeal for IOS -2  Test Appeal for IOS -2  Test Appeal for IOS -2 Test Appeal for IOS -2  Test Appeal for IOS -2  Test Appeal for IOS -2  Test Appeal for IOS -2  Test Appeal for IOS -2  Test Appeal for IOS -2  Test Appeal for IOS -2 Test Appeal for IOS -2  Test Appeal for IOS -2  Test Appeal for IOS -2  Test Appeal for IOS -2  Test Appeal for IOS -2  Test Appeal for IOS -2  Test Appeal for IOS -2 Test Appeal for IOS -2  Test Appeal for IOS -2  Test Appeal for IOS -2  Test Appeal for IOS -2  Test Appeal for IOS -2  Test Appeal for IOS -2  Test Appeal for IOS -2 Test Appeal for IOS -2  Test Appeal for IOS -2  Test Appeal for IOS -2  Test Appeal for IOS -2  Test Appeal for IOS -2  Test Appeal for IOS -2  Test Appeal for IOS -2 Test Appeal for IOS -2  Test Appeal for IOS -2  Test Appeal for IOS -2  Test Appeal for IOS -2  Test Appeal for IOS -2  Test Appeal for IOS -2  Test Appeal for IOS -2 Test Appeal for IOS -2  Test Appeal for IOS -2  Test Appeal for IOS -2  Test Appeal for IOS -2  Test Appeal for IOS -2  Test Appeal for IOS -2  Test Appeal for IOS -2 Test Appeal for IOS -2  Test Appeal for IOS -2  Test Appeal for IOS -2  Test Appeal for IOS -2  Test Appeal for IOS -2  Test Appeal for IOS -2  Test Appeal for IOS -2 Test Appeal for IOS -2  Test Appeal for IOS -2  Test Appeal for IOS -2  Test Appeal for IOS -2  Test Appeal for IOS -2  Test Appeal for IOS -2  Test Appeal for IOS -2 Test Appeal for IOS -2  Test Appeal for IOS -2  Test Appeal for IOS -2  Test Appeal for IOS -2  Test Appeal for IOS -2  Test Appeal for IOS -2  Test Appeal for IOS -2 Test Appeal for IOS -2  Test Appeal for IOS -2  Test Appeal for IOS -2  Test Appeal for IOS -2  Test Appeal for IOS -2  Test Appeal for IOS -2  Test Appeal for IOS -2 Test Appeal for IOS -2  Test Appeal for IOS -2  Test Appeal for IOS -2  Test Appeal for IOS -2  Test Appeal for IOS -2  Test Appeal for IOS -2  Test Appeal for IOS -2 Test Appeal for IOS -2  Test Appeal for IOS -2  Test Appeal for IOS -2  Test Appeal for IOS -2  Test Appeal for IOS -2  Test Appeal for IOS -2  Test Appeal for IOS -2 Test Appeal for IOS -2  Test Appeal for IOS -2  Test Appeal for IOS -2  Test Appeal for IOS -2  Test Appeal for IOS -2  Test Appeal for IOS -2  Test Appeal for IOS -2 Test Appeal for IOS -2  Test Appeal for IOS -2  Test Appeal for IOS -2  Test Appeal for IOS -2  Test Appeal for IOS -2  Test Appeal for IOS -2  Test Appeal for IOS -2 Test Appeal for IOS -2  Test Appeal for IOS -2  Test Appeal for IOS -2  Test Appeal for IOS -2  Test Appeal for IOS -2  Test Appeal for IOS -2  Test Appeal for IOS -2 Test Appeal for IOS -2  Test Appeal for IOS -2  Test Appeal for IOS -2  Test Appeal for IOS -2  Test Appeal for IOS -2  Test Appeal for IOS -2  Test Appeal for IOS -2 Test Appeal for IOS -2  Test Appeal for IOS -2  Test Appeal for IOS -2  Test Appeal for IOS -2  Test Appeal for IOS -2  Test Appeal for IOS -2  Test Appeal for IOS -2 Test Appeal for IOS -2  Test Appeal for IOS -2  Test Appeal for IOS -2  Test Appeal for IOS -2  Test Appeal for IOS -2  Test Appeal for IOS -2  Test Appeal for IOS -2 Test Appeal for IOS -2  Test Appeal for IOS -2  Test Appeal for IOS -2  Test Appeal for IOS -2  Test Appeal for IOS -2  Test Appeal for IOS -2  Test Appeal for IOS -2 Test Appeal for IOS -2  Test Appeal for IOS -2  Test Appeal for IOS -2  Test Appeal for IOS -2  Test Appeal for IOS -2  Test Appeal for IOS -2  Test Appeal for IOS -2 Test Appeal for IOS -2  Test Appeal for IOS -2  Test Appeal for IOS -2  Test Appeal for IOS -2  Test Appeal for IOS -2  Test Appeal for IOS -2  Test Appeal for IOS -2 Test Appeal for IOS -2  Test Appeal for IOS -2  Test Appeal for IOS -2  Test Appeal for IOS -2  Test Appeal for IOS -2  Test Appeal for IOS -2  Test Appeal for IOS -2 Test Appeal for IOS -2  Test Appeal for IOS -2  Test Appeal for IOS -2  Test Appeal for IOS -2  Test Appeal for IOS -2  Test Appeal for IOS -2  Test Appeal for IOS -2 Test Appeal for IOS -2  Test Appeal for IOS -2  Test Appeal for IOS -2  Test Appeal for IOS -2  Test Appeal for IOS -2  Test Appeal for IOS -2  Test Appeal for IOS -2 Test Appeal for IOS -2  Test Appeal for IOS -2  Test Appeal for IOS -2  Test Appeal for IOS -2  Test Appeal for IOS -2  Test Appeal for IOS -2  Test Appeal for IOS -2 Test Appeal for IOS -2  Test Appeal for IOS -2  Test Appeal for IOS -2  Test Appeal for IOS -2  Test Appeal for IOS -2  Test Appeal for IOS -2  Test Appeal for IOS -2 Test Appeal for IOS -2  Test Appeal for IOS -2  Test Appeal for IOS -2  Test Appeal for IOS -2  Test Appeal for IOS -2  Test Appeal for IOS -2  Test Appeal for IOS -2 Test Appeal for IOS -2  Test Appeal for IOS -2  Test Appeal for IOS -2  Test Appeal for IOS -2  Test Appeal for IOS -2  Test Appeal for IOS -2  Test Appeal for IOS -2 Test Appeal for IOS -2  Test Appeal for IOS -2  Test Appeal for IOS -2  Test Appeal for IOS -2  Test Appeal for IOS -2  Test Appeal for IOS -2  Test Appeal for IOS -2 Test Appeal for IOS -2  Test Appeal for IOS -2  Test Appeal for IOS -2  Test Appeal for IOS -2  Test Appeal for IOS -2  Test Appeal for IOS -2  Test Appeal for IOS -2 Test Appeal for IOS -2  Test Appeal for IOS -2  Test Appeal for IOS -2  Test Appeal for IOS -2  Test Appeal for IOS -2  Test Appeal for IOS -2  Test Appeal for IOS -2 Test Appeal for IOS -2  Test Appeal for IOS -2  Test Appeal for IOS -2  Test Appeal for IOS -2  Test Appeal for IOS -2  Test Appeal for IOS -2  Test Appeal for IOS -2 Test Appeal for IOS -2  Test Appeal for IOS -2  Test Appeal for IOS -2  Test Appeal for IOS -2  Test Appeal for IOS -2  Test Appeal for IOS -2  Test Appeal for IOS -2 Test Appeal for IOS -2  Test Appeal for IOS -2  Test Appeal for IOS -2  Test Appeal for IOS -2  Test Appeal for IOS -2  Test Appeal for IOS -2  Test Appeal for IOS -2 Test Appeal for IOS -2  Test Appeal for IOS -2  Test Appeal for IOS -2  Test Appeal for IOS -2  Test Appeal for IOS -2  Test Appeal for IOS -2  Test Appeal for IOS -2 Test Appeal for IOS -2  Test Appeal for IOS -2  Test Appeal for IOS -2  Test Appeal for IOS -2  Test Appeal for IOS -2  Test Appeal for IOS -2  Test Appeal for IOS -2 Test Appeal for IOS -2  Test Appeal for IOS -2  Test Appeal for IOS -2  Test Appeal for IOS -2  Test Appeal for IOS -2  Test Appeal for IOS -2  Test Appeal for IOS -2 Test Appeal for IOS -2  Test Appeal for IOS -2  Test Appeal for IOS -2  Test Appeal for IOS -2  Test Appeal for IOS -2  Test Appeal for IOS -2  Test Appeal for IOS -2 Test Appeal for IOS -2  Test Appeal for IOS -2  Test Appeal for IOS -2  Test Appeal for IOS -2  Test Appeal for IOS -2  Test Appeal for IOS -2  Test Appeal for IOS -2 Test Appeal for IOS -2  Test Appeal for IOS -2  Test Appeal for IOS -2  Test Appeal for IOS -2  Test Appeal for IOS -2  Test Appeal for IOS -2  Test Appeal for IOS -2 Test Appeal for IOS -2  Test Appeal for IOS -2  Test Appeal for IOS -2  Test Appeal for IOS -2  Test Appeal for IOS -2  Test Appeal for IOS -2  Test Appeal for IOS -2 Test Appeal for IOS -2  Test Appeal for IOS -2  Test Appeal for IOS -2  Test Appeal for IOS -2  Test Appeal for IOS -2  Test Appeal for IOS -2  Test Appeal for IOS -2 Test Appeal for IOS -2  Test Appeal for IOS -2  Test Appeal for IOS -2  Test Appeal for IOS -2  Test Appeal for IOS -2  Test Appeal for IOS -2  Test Appeal for IOS -2 Test Appeal for IOS -2  Test Appeal for IOS -2  Test Appeal for IOS -2  Test Appeal for IOS -2  Test Appeal for IOS -2  Test Appeal for IOS -2  Test Appeal for IOS -2 Test Appeal for IOS -2  Test Appeal for IOS -2  Test Appeal for IOS -2  Test Appeal for IOS -2  Test Appeal for IOS -2  Test Appeal for IOS -2  Test Appeal for IOS -2 Test Appeal for IOS -2  Test Appeal for IOS -2  Test Appeal for IOS -2  Test Appeal for IOS -2  Test Appeal for IOS -2  Test Appeal for IOS -2  Test Appeal for IOS -2 Test Appeal for IOS -2  Test Appeal for IOS -2  Test Appeal for IOS -2  Test Appeal for IOS -2  Test Appeal for IOS -2  Test Appeal for IOS -2  Test Appeal for IOS -2 Test Appeal for IOS -2  Test Appeal for IOS -2  Test Appeal for IOS -2  Test Appeal for IOS -2  Test Appeal for IOS -2  Test Appeal for IOS -2  Test Appeal for IOS -2 Test Appeal for IOS -2  Test Appeal for IOS -2  Test Appeal for IOS -2  Test Appeal for IOS -2  Test Appeal for IOS -2  Test Appeal for IOS -2  Test Appeal for IOS -2 Test Appeal for IOS -2  Test Appeal for IOS -2  Test Appeal for IOS -2  Test Appeal for IOS -2  Test Appeal for IOS -2  Test Appeal for IOS -2  Test Appeal for IOS -2 Test Appeal for IOS -2  Test Appeal for IOS -2  Test Appeal for IOS -2  Test Appeal for IOS -2  Test Appeal for IOS -2  Test Appeal for IOS -2  Test Appeal for IOS -2 Test Appeal for IOS -2  Test Appeal for IOS -2  Test Appeal for IOS -2  Test Appeal for IOS -2  Test Appeal for IOS -2  Test Appeal for IOS -2  Test Appeal for IOS -2 Test Appeal for IOS -2  Test Appeal for IOS -2  Test Appeal for IOS -2  Test Appeal for IOS -2  Test Appeal for IOS -2  Test Appeal for IOS -2  Test Appeal for IOS -2 Test Appeal for IOS -2  Test Appeal for IOS -2  Test Appeal for IOS -2  Test Appeal for IOS -2  Test Appeal for IOS -2  Test Appeal for IOS -2  Test Appeal for IOS -2 Test Appeal for IOS -2  Test Appeal for IOS -2  Test Appeal for IOS -2  Test Appeal for IOS -2  Test Appeal for IOS -2  Test Appeal for IOS -2  Test Appeal for IOS -2 Test Appeal for IOS -2  Test Appeal for IOS -2  Test Appeal for IOS -2  Test Appeal for IOS -2  Test Appeal for IOS -2  Test Appeal for IOS -2  Test Appeal for IOS -2 Test Appeal for IOS -2  Test Appeal for IOS -2  Test Appeal for IOS -2  Test Appeal for IOS -2  Test Appeal for IOS -2  Test Appeal for IOS -2  Test Appeal for IOS -2 Test Appeal for IOS -2  Test Appeal for IOS -2  Test Appeal for IOS -2  Test Appeal for IOS -2  Test Appeal for IOS -2  Test Appeal for IOS -2  Test Appeal for IOS -2 Test Appeal for IOS -2  Test Appeal for IOS -2  Test Appeal for IOS -2  Test Appeal for IOS -2  Test Appeal for IOS -2  Test Appeal for IOS -2  Test Appeal for IOS -2 Test Appeal for IOS -2  Test Appeal for IOS -2  Test Appeal for IOS -2  Test Appeal for IOS -2  Test Appeal for IOS -2  Test Appeal for IOS -2  Test Appeal for IOS -2 Test Appeal for IOS -2  Test Appeal for IOS -2  Test Appeal for IOS -2  Test Appeal for IOS -2  Test Appeal for IOS -2  Test Appeal for IOS -2  Test Appeal for IOS -2 Test Appeal for IOS -2  Test Appeal for IOS -2  Test Appeal for IOS -2  Test Appeal for IOS -2  Test Appeal for IOS -2  Test Appeal for IOS -2  Test Appeal for IOS -2 Test Appeal for IOS -2  Test Appeal for IOS -2  Test Appeal for IOS -2  Test Appeal for IOS -2  Test Appeal for IOS -2  Test Appeal for IOS -2  Test Appeal for IOS -2 Test Appeal for IOS -2  Test Appeal for IOS -2  Test Appeal for IOS -2  Test Appeal for IOS -2  Test Appeal for IOS -2  Test Appeal for IOS -2  Test Appeal for IOS -2 Test Appeal for IOS -2  Test Appeal for IOS -2  Test Appeal for IOS -2  Test Appeal for IOS -2  Test Appeal for IOS -2  Test Appeal for IOS -2  Test Appeal for IOS -2 Test Appeal for IOS -2  Test Appeal for IOS -2  Test Appeal for IOS -2  Test Appeal for IOS -2  Test Appeal for IOS -2  Test Appeal for IOS -2  Test Appeal for IOS -2 Test Appeal for IOS -2  Test Appeal for IOS -2  Test Appeal for IOS -2  Test Appeal for IOS -2  Test Appeal for IOS -2  Test Appeal for IOS -2  Test Appeal for IOS -2 Test Appeal for IOS -2  Test Appeal for IOS -2  Test Appeal for IOS -2  Test Appeal for IOS -2  Test Appeal for IOS -2  Test Appeal for IOS -2  Test Appeal for IOS -2 Test Appeal for IOS -2  Test Appeal for IOS -2  Test Appeal for IOS -2  Test Appeal for IOS -2  Test Appeal for IOS -2  Test Appeal for IOS -2  Test Appeal for IOS -2 Test Appeal for IOS -2  Test Appeal for IOS -2  Test Appeal for IOS -2  Test Appeal for IOS -2  Test Appeal for IOS -2  Test Appeal for IOS -2  Test Appeal for IOS -2 Test Appeal for IOS -2  Test Appeal for IOS -2  Test Appeal for IOS -2  Test Appeal for IOS -2  Test Appeal for IOS -2  Test Appeal for IOS -2  Test Appeal for IOS -2 Test Appeal for IOS -2  Test Appeal for IOS -2  Test Appeal for IOS -2  Test Appeal for IOS -2  Test Appeal for IOS -2  Test Appeal for IOS -2  Test Appeal for IOS -2 Test Appeal for IOS -2  Test Appeal for IOS -2  Test Appeal for IOS -2  Test Appeal for IOS -2  Test Appeal for IOS -2  Test Appeal for IOS -2  Test Appeal for IOS -2 Test Appeal for IOS -2  Test Appeal for IOS -2  Test Appeal for IOS -2  Test Appeal for IOS -2  Test Appeal for IOS -2  Test Appeal for IOS -2  Test Appeal for IOS -2 Test Appeal for IOS -2  Test Appeal for IOS -2  Test Appeal for IOS -2  Test Appeal for IOS -2  Test Appeal for IOS -2  Test Appeal for IOS -2  Test Appeal for IOS -2 Test Appeal for IOS -2  Test Appeal for IOS -2  Test Appeal for IOS -2  Test Appeal for IOS -2  Test Appeal for IOS -2  Test Appeal for IOS -2  Test Appeal for IOS -2 Test Appeal for IOS -2  Test Appeal for IOS -2  Test Appeal for IOS -2  Test Appeal for IOS -2  Test Appeal for IOS -2  Test Appeal for IOS -2  Test Appeal for IOS -2 Test Appeal for IOS -2  Test Appeal for IOS -2  Test Appeal for IOS -2  Test Appeal for IOS -2  Test Appeal for IOS -2  Test Appeal for IOS -2  Test Appeal for IOS -2 Test Appeal for IOS -2  Test Appeal for IOS -2  Test Appeal for IOS -2  Test Appeal for IOS -2  Test Appeal for IOS -2  Test Appeal for IOS -2  Test Appeal for IOS -2 Test Appeal for IOS -2  Test Appeal for IOS -2  Test Appeal for IOS -2  Test Appeal for IOS -2  Test Appeal for IOS -2  Test Appeal for IOS -2  Test Appeal for IOS -2 Test Appeal for IOS -2  Test Appeal for IOS -2  Test Appeal for IOS -2  Test Appeal for IOS -2  Test Appeal for IOS -2  Test Appeal for IOS -2  Test Appeal for IOS -2 Test Appeal for IOS -2  Test Appeal for IOS -2  Test Appeal for IOS -2  Test Appeal for IOS -2  Test Appeal for IOS -2  Test Appeal for IOS -2  Test Appeal for IOS -2 Test Appeal for IOS -2  Test Appeal for IOS -2  Test Appeal for IOS -2  Test Appeal for IOS -2  Test Appeal for IOS -2  Test Appeal for IOS -2  Test Appeal for IOS -2 Test Appeal for IOS -2  Test Appeal for IOS -2  Test Appeal for IOS -2  Test Appeal for IOS -2  Test Appeal for IOS -2  Test Appeal for IOS -2  Test Appeal for IOS -2 Test Appeal for IOS -2  Test Appeal for IOS -2  Test Appeal for IOS -2  Test Appeal for IOS -2  Test Appeal for IOS -2  Test Appeal for IOS -2  Test Appeal for IOS -2 Test Appeal for IOS -2  Test Appeal for IOS -2  Test Appeal for IOS -2  Test Appeal for IOS -2  Test Appeal for IOS -2  Test Appeal for IOS -2  Test Appeal for IOS -2 Test Appeal for IOS -2  Test Appeal for IOS -2  Test Appeal for IOS -2  Test Appeal for IOS -2  Test Appeal for IOS -2  Test Appeal for IOS -2  Test Appeal for IOS -2 Test Appeal for IOS -2  Test Appeal for IOS -2  Test Appeal for IOS -2  Test Appeal for IOS -2  Test Appeal for IOS -2  Test Appeal for IOS -2  Test Appeal for IOS -2 Test Appeal for IOS -2  Test Appeal for IOS -2  Test Appeal for IOS -2  Test Appeal for IOS -2  Test Appeal for IOS -2  Test Appeal for IOS -2  Test Appeal for IOS -2 Test Appeal for IOS -2  Test Appeal for IOS -2  Test Appeal for IOS -2  Test Appeal for IOS -2  Test Appeal for IOS -2  Test Appeal for IOS -2  Test Appeal for IOS -2 Test Appeal for IOS -2  Test Appeal for IOS -2  Test Appeal for IOS -2  Test Appeal for IOS -2  Test Appeal for IOS -2  Test Appeal for IOS -2  Test Appeal for IOS -2 Test Appeal for IOS -2  Test Appeal for IOS -2  Test Appeal for IOS -2  Test Appeal for IOS -2  Test Appeal for IOS -2  Test Appeal for IOS -2  Test Appeal for IOS -2 Test Appeal for IOS -2  Test Appeal for IOS -2  Test Appeal for IOS -2  Test Appeal for IOS -2  Test Appeal for IOS -2  Test Appeal for IOS -2  Test Appeal for IOS -2 Test Appeal for IOS -2  Test Appeal for IOS -2  Test Appeal for IOS -2  Test Appeal for IOS -2  Test Appeal for IOS -2  Test Appeal for IOS -2  Test Appeal for IOS -2 Test Appeal for IOS -2  Test Appeal for IOS -2  Test Appeal for IOS -2  Test Appeal for IOS -2  Test Appeal for IOS -2  Test Appeal for IOS -2  Test Appeal for IOS -2 Test Appeal for IOS -2  Test Appeal for IOS -2  Test Appeal for IOS -2  Test Appeal for IOS -2  Test Appeal for IOS -2  Test Appeal for IOS -2  Test Appeal for IOS -2 Test Appeal for IOS -2  Test Appeal for IOS -2  Test Appeal for IOS -2  Test Appeal for IOS -2  Test Appeal for IOS -2  Test Appeal for IOS -2  Test Appeal for IOS -2 Test Appeal for IOS -2  Test Appeal for IOS -2  Test Appeal for IOS -2  Test Appeal for IOS -2  Test Appeal for IOS -2  Test Appeal for IOS -2  Test Appeal for IOS -2 Test Appeal for IOS -2  Test Appeal for IOS -2  Test Appeal for IOS -2  Test Appeal for IOS -2  Test Appeal for IOS -2  Test Appeal for IOS -2  Test Appeal for IOS -2 Test Appeal for IOS -2  Test Appeal for IOS -2  Test Appeal for IOS -2  Test Appeal for IOS -2  Test Appeal for IOS -2  Test Appeal for IOS -2  Test Appeal for IOS -2 Test Appeal for IOS -2  Test Appeal for IOS -2  Test Appeal for IOS -2  Test Appeal for IOS -2  Test Appeal for IOS -2  Test Appeal for IOS -2  Test Appeal for IOS -2 Test Appeal for IOS -2  Test Appeal for IOS -2  Test Appeal for IOS -2  Test Appeal for IOS -2  Test Appeal for IOS -2  Test Appeal for IOS -2  Test Appeal for IOS -2 Test Appeal for IOS -2  Test Appeal for IOS -2  Test Appeal for IOS -2  Test Appeal for IOS -2  Test Appeal for IOS -2  Test Appeal for IOS -2  Test Appeal for IOS -2 Test Appeal for IOS -2  Test Appeal for IOS -2  Test Appeal for IOS -2  Test Appeal for IOS -2  Test Appeal for IOS -2  Test Appeal for IOS -2  Test Appeal for IOS -2 Test Appeal for IOS -2  Test Appeal for IOS -2  Test Appeal for IOS -2  Test Appeal for IOS -2  Test Appeal for IOS -2  Test Appeal for IOS -2  Test Appeal for IOS -2 Test Appeal for IOS -2  Test Appeal for IOS -2  Test Appeal for IOS -2  Test Appeal for IOS -2  Test Appeal for IOS -2  Test Appeal for IOS -2  Test Appeal for IOS -2 Test Appeal for IOS -2  Test Appeal for IOS -2  Test Appeal for IOS -2  Test Appeal for IOS -2  Test Appeal for IOS -2  Test Appeal for IOS -2  Test Appeal for IOS -2 Test Appeal for IOS -2  Test Appeal for IOS -2  Test Appeal for IOS -2  Test Appeal for IOS -2  Test Appeal for IOS -2  Test Appeal for IOS -2  Test Appeal for IOS -2 Test Appeal for IOS -2  Test Appeal for IOS -2  Test Appeal for IOS -2  Test Appeal for IOS -2  Test Appeal for IOS -2  Test Appeal for IOS -2  Test Appeal for IOS -2 Test Appeal for IOS -2  Test Appeal for IOS -2  Test Appeal for IOS -2  Test Appeal for IOS -2  Test Appeal for IOS -2  Test Appeal for IOS -2  Test Appeal for IOS -2 Test Appeal for IOS -2  Test Appeal for IOS -2  Test Appeal for IOS -2  Test Appeal for IOS -2  Test Appeal for IOS -2  Test Appeal for IOS -2  Test Appeal for IOS -2 Test Appeal for IOS -2  Test Appeal for IOS -2  Test Appeal for IOS -2  Test Appeal for IOS -2  Test Appeal for IOS -2  Test Appeal for IOS -2  Test Appeal for IOS -2 ', 'pending', '2016-10-08 13:37:35', 'pending'),
	(40, 4, 7, 1, '', '54-1', '', '4wrg-1', 'pending', '2016-10-12 23:53:59', 'pending'),
	(41, 4, 5, 1, '', 'zzzzzzzzzzzzzzzzzzzz', '', 'zzzzzzzzzzzzzzzzzzzzzzzzzzzzz', 'pending', '2016-10-21 01:43:09', 'pending'),
	(42, 4, 3, 1, '', 'kkkkkkkkkkkkkkkkkkkkkkkkkkkkkkkkkkkkkkkkkkkkkkkkkkkkk', '', 'kkkkkkkkkkkkkkkkkkkkkkkkkkkkkkkkkkkkkk', 'accepted', '2016-10-21 01:52:13', 'pending'),
	(43, 6, 67, 1, '', 'Test MIME Type', '', 'Test MIME Type', 'accepted', '2016-11-13 12:05:34', 'pending'),
	(44, 65, 67, 1, '2', 'Testing New Appeal', '', 'Testing New Appeal...', 'accepted', '2016-12-19 18:09:56', 'pending'),
	(45, 65, 67, 1, '', 'Testing New Appeal', '', 'Testing New Appeal Description', 'pending', '2017-01-11 12:33:44', 'pending');
/*!40000 ALTER TABLE `appeal` ENABLE KEYS */;


-- Dumping structure for table lawmsac_lawyer.appeal_type
CREATE TABLE IF NOT EXISTS `appeal_type` (
  `id_appeal_type` int(11) NOT NULL AUTO_INCREMENT,
  `appeal_type` varchar(255) CHARACTER SET utf8 DEFAULT NULL,
  PRIMARY KEY (`id_appeal_type`)
) ENGINE=InnoDB AUTO_INCREMENT=3 DEFAULT CHARSET=latin1;

-- Dumping data for table lawmsac_lawyer.appeal_type: ~2 rows (approximately)
/*!40000 ALTER TABLE `appeal_type` DISABLE KEYS */;
INSERT INTO `appeal_type` (`id_appeal_type`, `appeal_type`) VALUES
	(1, 'type1'),
	(2, 'type2');
/*!40000 ALTER TABLE `appeal_type` ENABLE KEYS */;


-- Dumping structure for table lawmsac_lawyer.article
CREATE TABLE IF NOT EXISTS `article` (
  `id_article` int(11) NOT NULL AUTO_INCREMENT,
  `menu_id` int(11) DEFAULT NULL,
  `order` int(11) DEFAULT NULL,
  `created_date_time` timestamp NULL DEFAULT CURRENT_TIMESTAMP,
  PRIMARY KEY (`id_article`)
) ENGINE=InnoDB AUTO_INCREMENT=13 DEFAULT CHARSET=latin1;

-- Dumping data for table lawmsac_lawyer.article: ~5 rows (approximately)
/*!40000 ALTER TABLE `article` DISABLE KEYS */;
INSERT INTO `article` (`id_article`, `menu_id`, `order`, `created_date_time`) VALUES
	(8, 34, 0, '2016-07-16 20:21:20'),
	(9, 37, 0, '2016-07-17 11:21:26'),
	(10, 39, 0, '2016-07-17 11:34:09'),
	(11, 35, 0, '2016-07-17 11:37:53'),
	(12, 38, 0, '2016-07-17 11:42:15');
/*!40000 ALTER TABLE `article` ENABLE KEYS */;


-- Dumping structure for table lawmsac_lawyer.article_data
CREATE TABLE IF NOT EXISTS `article_data` (
  `id_article_data` int(11) NOT NULL AUTO_INCREMENT,
  `article_id` int(11) DEFAULT NULL,
  `language_id` int(11) DEFAULT NULL,
  `article_title` varchar(255) CHARACTER SET utf8 DEFAULT NULL,
  `content` mediumtext CHARACTER SET utf8,
  PRIMARY KEY (`id_article_data`)
) ENGINE=InnoDB AUTO_INCREMENT=13 DEFAULT CHARSET=latin1;

-- Dumping data for table lawmsac_lawyer.article_data: ~10 rows (approximately)
/*!40000 ALTER TABLE `article_data` DISABLE KEYS */;
INSERT INTO `article_data` (`id_article_data`, `article_id`, `language_id`, `article_title`, `content`) VALUES
	(1, 1, 1, 'our practices', '<div style="background-image:url(\'http://lawm.sa/assets/img/bg1.jpg\');background-size: 100%;background-repeat: no-repeat;height:600px;" >\n\n<center class="welcometext" >\n\n<h2>WELCOME TO LAWM<hr/>  A Leading Law Firm for Business, Family and Criminal Matters</h2>\n\n<p>Lawm specializes in strong family business practice with an emphasis on legal consultations, contract writing, company establishment and appeals in Saudi Arabia.\n \nOur professional attorneys combine solid legal expertise and diverse legal backgrounds allowing for the structuring of unique legal solutions for your complex business needs.</p>\n\n</center>\n\n</div>\n'),
	(4, 8, 2, 'ممارساتنا', '\n\n<div style="background-image:url(\'http://lawm.sa/assets/img/bg1.jpg\');background-size: 100%;background-repeat: no-repeat;height:600px;" >\n\n<center class="welcometext" >\n\n<h2>اجي للمحاماة هي شركة رائدة مت<hr/>  اجي للمحاماة هي شركة رائدة متخصصة في ممارسة الشركات العائلية مع التركيز على استدامة الأعمال والتخطيط للخلافة، ودعم وهيكلة الشركات والحكم.</h2>\n\n\n<p>ناجي للمحاماة هي شركة رائدة متخصصة في ممارسة الشركات العائلية مع التركيز على استدامة الأعمال والتخطيط للخلافة، ودعم وهيكلة الشركات والحكم.\n\n\nناجي للمحاماة هي شركة رائدة متخصصة في ممارسة الشركات العائلية مع التركيز على استدامة الأعمال والتخطيط للخلافة، ودعم وهيكلة الشركات والحكم.</p>\n\n</center>\n\n</div>\n\n'),
	(5, 9, 1, 'Contact us', '<p>Riyadh ZIP code 11573 , PO Box 52977 King Abdulaziz district of Salah al - Din road against the field Mosque (Qasr al - Hariri)&nbsp;<br />\nCalifornia, US&nbsp;<br />\nPhone: 01/4550844, 01/4944018&nbsp;<br />\nFax: 01/4503187&nbsp;<br />\nEmail: info@lawm.sa</p>\n'),
	(6, 9, 2, 'اتصل بنا', '<p>الرياض الرمز البريدي 11573، ص.ب 52977 حي الملك عبد العزيز صلاح - طريق الدين ضد هذا المجال المسجد (قصر - الحريري)<br />\nكاليفورنيا، الولايات المتحدة<br />\nالهاتف: 01/4550844، 01/4944018<br />\nفاكس: 01/4503187<br />\nالبريد الإلكتروني: info@almurafaat.com</p>\n'),
	(7, 10, 1, 'About us', '<div style="background-image:url(\'http://lawm.sa/assets/img/bg1.jpg\');background-size: 100%;background-repeat: no-repeat;height:600px;" >\n\n<center class="welcometext" >\n\n<h2>WELCOME TO LAWM<hr/>  A Leading Law Firm for Business, Family and Criminal Matters</h2>\n\n<p>Lawm specializes in strong family business practice with an emphasis on legal consultations, contract writing, company establishment and appeals in Saudi Arabia.\n \nOur professional attorneys combine solid legal expertise and diverse legal backgrounds allowing for the structuring of unique legal solutions for your complex business needs.</p>\n\n</center>\n\n</div>\n'),
	(8, 10, 2, 'معلومات عنا', '\n\n<div style="background-image:url(\'http://lawm.sa/assets/img/bg1.jpg\');background-size: 100%;background-repeat: no-repeat;height:600px;" >\n\n<center class="welcometext" >\n\n<h2>اجي للمحاماة هي شركة رائدة مت<hr/>  اجي للمحاماة هي شركة رائدة متخصصة في ممارسة الشركات العائلية مع التركيز على استدامة الأعمال والتخطيط للخلافة، ودعم وهيكلة الشركات والحكم.</h2>\n\n\n<p>ناجي للمحاماة هي شركة رائدة متخصصة في ممارسة الشركات العائلية مع التركيز على استدامة الأعمال والتخطيط للخلافة، ودعم وهيكلة الشركات والحكم.\n\n\nناجي للمحاماة هي شركة رائدة متخصصة في ممارسة الشركات العائلية مع التركيز على استدامة الأعمال والتخطيط للخلافة، ودعم وهيكلة الشركات والحكم.</p>\n\n</center>\n\n</div>\n\n'),
	(9, 11, 1, 'Our Sectors', '<div style="background-image:url(\'http://lawm.sa/assets/img/bg1.jpg\');background-size: 100%;background-repeat: no-repeat;height:600px;" >\n\n<center class="welcometext" >\n\n<h2>WELCOME TO LAWM<hr/>  A Leading Law Firm for Business, Family and Criminal Matters</h2>\n\n<p>Lawm specializes in strong family business practice with an emphasis on legal consultations, contract writing, company establishment and appeals in Saudi Arabia.\n \nOur professional attorneys combine solid legal expertise and diverse legal backgrounds allowing for the structuring of unique legal solutions for your complex business needs.</p>\n\n</center>\n\n</div>\n'),
	(10, 11, 2, 'لدينا القطاعات', '\n\n<div style="background-image:url(\'http://lawm.sa/assets/img/bg1.jpg\');background-size: 100%;background-repeat: no-repeat;height:600px;" >\n\n<center class="welcometext" >\n\n<h2>اجي للمحاماة هي شركة رائدة مت<hr/>  اجي للمحاماة هي شركة رائدة متخصصة في ممارسة الشركات العائلية مع التركيز على استدامة الأعمال والتخطيط للخلافة، ودعم وهيكلة الشركات والحكم.</h2>\n\n\n<p>ناجي للمحاماة هي شركة رائدة متخصصة في ممارسة الشركات العائلية مع التركيز على استدامة الأعمال والتخطيط للخلافة، ودعم وهيكلة الشركات والحكم.\n\n\nناجي للمحاماة هي شركة رائدة متخصصة في ممارسة الشركات العائلية مع التركيز على استدامة الأعمال والتخطيط للخلافة، ودعم وهيكلة الشركات والحكم.</p>\n\n</center>\n\n</div>\n\n'),
	(11, 12, 1, 'Corporate and Commercial', '<div style="background-image:url(\'http://lawm.sa/assets/img/bg1.jpg\');background-size: 100%;background-repeat: no-repeat;height:600px;" >\n\n<center class="welcometext" >\n\n<h2>WELCOME TO LAWM<hr/>  A Leading Law Firm for Business, Family and Criminal Matters</h2>\n\n<p>Lawm specializes in strong family business practice with an emphasis on legal consultations, contract writing, company establishment and appeals in Saudi Arabia.\n \nOur professional attorneys combine solid legal expertise and diverse legal backgrounds allowing for the structuring of unique legal solutions for your complex business needs.</p>\n\n</center>\n\n</div>\n'),
	(12, 12, 2, 'والشركات التجارية', '\n\n<div style="background-image:url(\'http://lawm.sa/assets/img/bg1.jpg\');background-size: 100%;background-repeat: no-repeat;height:600px;" >\n\n<center class="welcometext" >\n\n<h2>اجي للمحاماة هي شركة رائدة مت<hr/>  اجي للمحاماة هي شركة رائدة متخصصة في ممارسة الشركات العائلية مع التركيز على استدامة الأعمال والتخطيط للخلافة، ودعم وهيكلة الشركات والحكم.</h2>\n\n\n<p>ناجي للمحاماة هي شركة رائدة متخصصة في ممارسة الشركات العائلية مع التركيز على استدامة الأعمال والتخطيط للخلافة، ودعم وهيكلة الشركات والحكم.\n\n\nناجي للمحاماة هي شركة رائدة متخصصة في ممارسة الشركات العائلية مع التركيز على استدامة الأعمال والتخطيط للخلافة، ودعم وهيكلة الشركات والحكم.</p>\n\n</center>\n\n</div>\n\n');
/*!40000 ALTER TABLE `article_data` ENABLE KEYS */;


-- Dumping structure for table lawmsac_lawyer.attachments
CREATE TABLE IF NOT EXISTS `attachments` (
  `id_attachment` int(11) NOT NULL AUTO_INCREMENT,
  `type` varchar(255) DEFAULT NULL,
  `reference_id` int(11) DEFAULT NULL,
  `attachment` text,
  PRIMARY KEY (`id_attachment`)
) ENGINE=InnoDB AUTO_INCREMENT=236 DEFAULT CHARSET=latin1;

-- Dumping data for table lawmsac_lawyer.attachments: ~187 rows (approximately)
/*!40000 ALTER TABLE `attachments` DISABLE KEYS */;
INSERT INTO `attachments` (`id_attachment`, `type`, `reference_id`, `attachment`) VALUES
	(1, 'reply', 2, 'http://lawm.sa/uploads/1471085399.jpg'),
	(2, 'reply', 2, 'http://lawm.sa/uploads/1471085399.jpg'),
	(3, 'contract-writing', 1, 'http://lawm.sa/uploads/1471086371.jpg'),
	(4, 'contract-writing', 1, 'http://lawm.sa/uploads/1471086371anta.MP3'),
	(5, 'consultation', 3, 'http://lawm.sa/uploads/1471452288anthemum.jpg'),
	(6, 'consultation', 3, 'http://lawm.sa/uploads/1471452288t.jpg'),
	(7, 'reply', 3, 'http://lawm.sa/uploads/1471453666.jpg'),
	(8, 'reply', 3, 'http://lawm.sa/uploads/1471453666ins.jpg'),
	(9, 'reply', 4, 'http://lawm.sa/uploads/1471547421ngeas.jpg'),
	(10, 'reply', 16, 'http://lawm.sa/rest_api/uploads/p_1471933113.'),
	(11, 'reply', 17, 'http://lawm.sa/rest_api/uploads/A_1471935748.'),
	(12, 'reply', 18, 'http://lawm.sa/rest_api/uploads/e_1471935814.'),
	(13, 'reply', 19, 'http://lawm.sa/rest_api/uploads/p_1471943820.'),
	(14, 'reply', 20, 'http://lawm.sa/rest_api/uploads/h_1471943822.'),
	(15, 'reply', 21, 'http://lawm.sa/rest_api/uploads/p_1471944079.'),
	(16, 'reply', 22, 'http://lawm.sa/rest_api/uploads/e_1471944705.'),
	(17, 'reply', 25, 'http://lawm.sa/rest_api/uploads/p_1471946494.'),
	(18, 'reply', 28, 'http://lawm.sa/rest_api/uploads/p_1471949479.'),
	(19, 'reply', 29, 'http://lawm.sa/rest_api/uploads/p_1471949540.'),
	(20, 'reply', 30, 'http://lawm.sa/rest_api/uploads/S_1471976338.'),
	(21, 'reply', 40, 'http://lawm.sa/rest_api/uploads/Samsung_On5_Pro_(Black)_1471977339.jpg'),
	(22, 'reply', 40, 'http://lawm.sa/rest_api/uploads/lawmsac_lawyer_1471977339.sql'),
	(23, 'company', 6, 'http://lawm.sa/uploads/1472401748fish.jpg'),
	(24, 'company', 6, 'http://lawm.sa/uploads/1472401748.jpg'),
	(25, 'company', 7, 'http://lawm.sa/uploads/1472402174fish.jpg'),
	(26, 'company', 7, 'http://lawm.sa/uploads/1472402174.jpg'),
	(27, 'contract-writing', 5, 'http://lawm.sa/uploads/1472402882.jpg'),
	(28, 'reply', 41, 'http://lawm.sa/rest_api/uploads/01_1472447850.png'),
	(29, 'reply', 41, 'http://lawm.sa/rest_api/uploads/02_1472447850.png'),
	(30, 'reply', 41, 'http://lawm.sa/rest_api/uploads/03_1472447850.png'),
	(31, 'reply', 42, 'http://lawm.sa/rest_api/uploads/01_1472447863.png'),
	(32, 'reply', 42, 'http://lawm.sa/rest_api/uploads/02_1472447863.png'),
	(33, 'reply', 42, 'http://lawm.sa/rest_api/uploads/03_1472447863.png'),
	(34, 'consultation', 10, 'http://lawm.sa/rest_api/uploads/Screenshot_20160829-202035_1472553093.png'),
	(35, 'company', 8, 'http://lawm.sa/uploads/1472577812ins.jpg'),
	(36, 'company', 8, 'http://lawm.sa/uploads/1472577812.jpg'),
	(37, 'consultation', 11, 'http://lawm.sa/rest_api/uploads/Chrysanthemum_1472580943.jpg'),
	(38, 'consultation', 11, 'http://lawm.sa/rest_api/uploads/Koala_1472580943.jpg'),
	(39, 'consultation', 14, 'http://lawm.sa/rest_api/uploads/upload_img_error_page1_1472708764.png'),
	(40, 'consultation', 14, 'http://lawm.sa/rest_api/uploads/Screenshot_20160829-202035_1472708764.png'),
	(41, 'consultation', 15, 'http://lawm.sa/rest_api/uploads/IMG-20160901-WA0001_1472733109.jpg'),
	(42, 'consultation', 15, 'http://lawm.sa/rest_api/uploads/IMG-20160901-WA0000_1472733109.jpg'),
	(43, 'consultation', 16, 'http://lawm.sa/rest_api/uploads/IMG-20160901-WA0001_1472734040.jpg'),
	(44, 'consultation', 16, 'http://lawm.sa/rest_api/uploads/IMG-20160831-WA0000_1472734040.jpg'),
	(45, 'consultation', 17, 'http://lawm.sa/rest_api/uploads/IMG-20160902-WA0001_1472799387.jpg'),
	(46, 'consultation', 17, 'http://lawm.sa/rest_api/uploads/IMG-20160901-WA0000_1472799387.jpg'),
	(47, 'consultation', 18, 'http://lawm.sa/rest_api/uploads/IMG-20160902-WA0001_1472799558.jpg'),
	(48, 'consultation', 18, 'http://lawm.sa/rest_api/uploads/IMG-20160901-WA0000_1472799558.jpg'),
	(49, 'consultation', 19, 'http://lawm.sa/uploads/1472984149.jpg'),
	(50, 'consultation', 20, 'http://lawm.sa/rest_api/uploads/IMG-20160901-WA0001_1473145262.jpg'),
	(51, 'consultation', 20, 'http://lawm.sa/rest_api/uploads/IMG-20160901-WA0001_1473145262.jpg'),
	(52, 'appeal', 9, 'http://lawm.sa/rest_api/uploads/directoryframe_1473161864.png'),
	(53, 'appeal', 9, 'http://lawm.sa/rest_api/uploads/fp_logo_1473161864.jpg'),
	(54, 'appeal', 9, 'http://lawm.sa/rest_api/uploads/teaserframe_1473161864.png'),
	(55, 'consultation', 22, 'http://lawm.sa/rest_api/uploads/android-wallpaper5_2560x1600_1_1473223238.jpg'),
	(56, 'consultation', 23, 'http://lawm.sa/rest_api/uploads/android-wallpaper5_2560x1600_1_1473226898.jpg'),
	(57, 'reply', 53, 'http://lawm.sa/rest_api/uploads/android-boot-logo_634639_1473231097.jpg'),
	(58, 'consultation', 25, 'http://lawm.sa/rest_api/uploads/android-wallpaper5_2560x1600_1_1473233078.jpg'),
	(59, 'consultation', 25, 'http://lawm.sa/rest_api/uploads/IMG-20160907-WA0000_1473233078.jpg'),
	(60, 'appeal', 17, 'http://lawm.sa/rest_api/uploads/android-wallpaper5_2560x1600_1_1473239099.jpg'),
	(61, 'appeal', 19, 'http://lawm.sa/rest_api/uploads/IMG-20160907-WA0000_1473239236.jpg'),
	(62, 'appeal', 19, 'http://lawm.sa/rest_api/uploads/android-wallpaper5_2560x1600_1_1473239236.jpg'),
	(63, 'appeal', 21, 'http://lawm.sa/rest_api/uploads/Birdsong_1473239373.ogg'),
	(64, 'appeal', 21, 'http://lawm.sa/rest_api/uploads/android-wallpaper5_2560x1600_1_1473239373.jpg'),
	(65, 'contract-writing', 9, 'http://lawm.sa/rest_api/uploads/android-wallpaper5_2560x1600_1_1473239423.jpg'),
	(66, 'contract-writing', 9, 'http://lawm.sa/rest_api/uploads/IMG-20160907-WA0000_1473239423.jpg'),
	(67, 'reply', 59, 'http://lawm.sa/rest_api/uploads/android-wallpaper5_2560x1600_1_1473239634.jpg'),
	(68, 'reply', 60, 'http://lawm.sa/rest_api/uploads/android-wallpaper5_2560x1600_1_1473239749.jpg'),
	(69, 'appeal', 23, 'http://lawm.sa/rest_api/uploads/IMG_20160907_153139_1473242516.jpg'),
	(70, 'appeal', 24, 'http://lawm.sa/rest_api/uploads/IMG_20160907_153259_1473242852.jpg'),
	(71, 'appeal', 24, 'http://lawm.sa/rest_api/uploads/android-wallpaper5_2560x1600_1_1473242852.jpg'),
	(72, 'appeal', 24, 'http://lawm.sa/rest_api/uploads/Birdsong_1473242852.ogg'),
	(73, 'appeal', 29, 'http://lawm.sa/rest_api/uploads/IMG_20160907_154145_1473243125.jpg'),
	(74, 'reply', 62, 'http://lawm.sa/rest_api/uploads/IMG_20160907_162409_1473245670.jpg'),
	(75, 'company', 12, 'http://lawm.sa/rest_api/uploads/Koala_1473270513.jpg'),
	(76, 'company', 13, 'http://lawm.sa/rest_api/uploads/android-boot-logo_634639_1473309486.jpg'),
	(77, 'appeal', 30, 'http://lawm.sa/rest_api/uploads/IMG_20160908_101755_1473310114.jpg'),
	(78, 'appeal', 30, 'http://lawm.sa/rest_api/uploads/android-wallpaper5_2560x1600_1_1473310114.jpg'),
	(79, 'company', 16, 'http://lawm.sa/rest_api/uploads/android-wallpaper5_2560x1600_1_1473320107.jpg'),
	(80, 'company', 17, 'http://lawm.sa/rest_api/uploads/IMG_20160908_142516_1473324972.jpg'),
	(81, 'reply', 64, 'http://lawm.sa/rest_api/uploads/android-wallpaper5_2560x1600_1_1473330408.jpg'),
	(82, 'reply', 66, 'http://lawm.sa/rest_api/uploads/android-wallpaper5_2560x1600_1_1473331235.jpg'),
	(83, 'reply', 67, 'http://lawm.sa/rest_api/uploads/android-wallpaper5_2560x1600_1_1473332695.jpg'),
	(84, 'reply', 68, 'http://lawm.sa/rest_api/uploads/android-wallpaper5_2560x1600_1_1473332772.jpg'),
	(85, 'reply', 69, 'http://lawm.sa/rest_api/uploads/android-wallpaper5_2560x1600_1_1473336344.jpg'),
	(86, 'reply', 69, 'http://lawm.sa/rest_api/uploads/android-wallpaper5_2560x1600_1_1473336344.jpg'),
	(87, 'reply', 70, 'http://lawm.sa/rest_api/uploads/android-wallpaper5_2560x1600_1_1473397901.jpg'),
	(88, 'reply', 70, 'http://lawm.sa/rest_api/uploads/Birdsong_1473397901.ogg'),
	(89, 'consultation', 19, 'http://lawm.sa/uploads/1473490273.jpg'),
	(90, 'consultation', 27, 'http://lawm.sa/rest_api/uploads/IMG_20160910_130412_1473492881.jpg'),
	(91, 'reply', 72, 'http://lawm.sa/rest_api/uploads/Screenshot_20160907-170432_1473492941.png'),
	(92, 'reply', 74, 'http://lawm.sa/rest_api/uploads/Screenshot_20160907-170432_1473493181.png'),
	(93, 'consultation', 28, 'http://lawm.sa/rest_api/uploads/android-wallpaper5_2560x1600_1_1473656225.jpg'),
	(94, 'consultation', 29, 'http://lawm.sa/rest_api/uploads/android-wallpaper5_2560x1600_1_1473659266.jpg'),
	(95, 'reply', 76, 'http://lawm.sa/rest_api/uploads/pdf-sample_1473660117.pdf'),
	(96, 'reply', 77, 'http://lawm.sa/rest_api/uploads/user_recording1473680371_1473680399.3gp'),
	(97, 'reply', 79, 'http://lawm.sa/rest_api/uploads/user_recording1473680468_1473680489.3gp'),
	(98, 'reply', 79, 'http://lawm.sa/rest_api/uploads/android-wallpaper5_2560x1600_1_1473680489.jpg'),
	(99, 'reply', 80, 'http://lawm.sa/rest_api/uploads/user_recording1473680526_1473680544.3gp'),
	(100, 'reply', 81, 'http://lawm.sa/rest_api/uploads/user_recording1473681209_1473681246.3gp'),
	(101, 'reply', 81, 'http://lawm.sa/rest_api/uploads/user_recording1473681225_1473681246.3gp'),
	(102, 'appeal', 31, 'http://lawm.sa/rest_api/uploads/pdf-sample_1473682837.pdf'),
	(103, 'company', 18, 'http://lawm.sa/rest_api/uploads/pdf-sample_1473682914.pdf'),
	(104, 'company', 18, 'http://lawm.sa/rest_api/uploads/user_recording1473682879_1473682914.3gp'),
	(105, 'reply', 82, 'http://lawm.sa/rest_api/uploads/pdf-sample_1473683086.pdf'),
	(106, 'reply', 82, 'http://lawm.sa/rest_api/uploads/user_recording1473683063_1473683086.3gp'),
	(107, 'reply', 82, 'http://lawm.sa/rest_api/uploads/user_recording1473683073_1473683086.3gp'),
	(108, 'reply', 83, 'http://lawm.sa/rest_api/uploads/android-wallpaper5_2560x1600_1_1473683220.jpg'),
	(109, 'contract-writing', 10, 'http://lawm.sa/rest_api/uploads/user_recording1473683233_1473683258.3gp'),
	(110, 'contract-writing', 10, 'http://lawm.sa/rest_api/uploads/pdf-sample_1473683258.pdf'),
	(112, 'consultation', 31, 'http://lawm.sa/rest_api/uploads/IMG_20160916_103213_1474002295.jpg'),
	(113, 'consultation', 31, 'http://lawm.sa/rest_api/uploads/user_recording1474002277_1474002295.3gp'),
	(114, 'reply', 84, 'http://lawm.sa/rest_api/uploads/user_recording1474002332_1474002341.3gp'),
	(115, 'consultation', 33, 'http://lawm.sa/uploads/1474099072.jpg'),
	(116, 'consultation', 33, 'http://lawm.sa/uploads/1474099072t.jpg'),
	(117, 'consultation', 34, 'http://lawm.sa/rest_api/uploads/Screenshot_20160907-170432_1474100006.png'),
	(118, 'consultation', 35, 'http://lawm.sa/rest_api/uploads/IMG_20160917_134357_1474100066.jpg'),
	(121, 'contract-writing', 11, 'http://lawm.sa/rest_api/uploads/IMG_20160915_133803_1474370582.jpg'),
	(122, 'contract-writing', 12, 'http://lawm.sa/rest_api/uploads/IMG_20160915_133803_1474443782.jpg'),
	(123, 'contract-writing', 13, 'http://lawm.sa/rest_api/uploads/IMG_20160915_133803_1474448464.jpg'),
	(124, 'contract-writing', 14, 'http://lawm.sa/rest_api/uploads/1473926868366_1474448780.jpg'),
	(125, 'reply', 86, 'http://lawm.sa/rest_api/uploads/IMG-20160921-WA0001_1474458018.jpg'),
	(126, 'reply', 87, 'http://lawm.sa/rest_api/uploads/IMG-20160921-WA0001_1474458051.jpg'),
	(127, 'reply', 88, 'http://lawm.sa/rest_api/uploads/IMG-20160921-WA0001_1474458164.jpg'),
	(128, 'reply', 89, 'http://lawm.sa/rest_api/uploads/IMG-20160921-WA0000_1474458217.jpg'),
	(129, 'reply', 90, 'http://lawm.sa/rest_api/uploads/IMG-20160921-WA0001_1474458263.jpg'),
	(138, 'consultation', 41, 'http://lawm.sa/rest_api/uploads/IMG-20160921-WA0001_1474540324.jpg'),
	(141, 'appeal', 32, 'http://lawm.sa/rest_api/uploads/IMG-20160921-WA0003_1474542435.jpg'),
	(142, 'contract-writing', 15, 'http://lawm.sa/rest_api/uploads/IMG-20160922-WA0000_1474543896.jpg'),
	(143, 'contract-writing', 16, 'http://lawm.sa/rest_api/uploads/IMG-20160921-WA0001_1474544315.jpg'),
	(147, 'consultation', 42, 'http://lawm.sa/rest_api/uploads/IMG-20160921-WA0001_1474606256.jpg'),
	(148, 'appeal', 34, 'http://lawm.sa/rest_api/uploads/IMG-20160922-WA0000_1474606456.jpg'),
	(151, 'contract-writing', 19, 'http://lawm.sa/rest_api/uploads/IMG-20160921-WA0001_1474607596.jpg'),
	(152, 'contract-writing', 19, 'http://lawm.sa/rest_api/uploads/IMG-20160922-WA0000_1474607986.jpg'),
	(153, 'company', 23, 'http://lawm.sa/rest_api/uploads/IMG-20160922-WA0000_1474608414.jpg'),
	(154, 'company', 28, 'http://lawm.sa/rest_api/uploads/IMG_20160915_142642_1474872315.jpg'),
	(155, 'consultation', 44, 'http://lawm.sa/uploads/1474876012.exe'),
	(156, 'company', 29, 'http://lawm.sa/rest_api/uploads/IMG_20160915_142642_1474882726.jpg'),
	(157, 'company', 30, 'http://lawm.sa/rest_api/uploads/IMG_20160915_142642_1474883536.jpg'),
	(158, 'company', 27, 'http://lawm.sa/rest_api/uploads/IMG-20160926-WA0002_1474884405.jpg'),
	(159, 'reply', 95, 'http://lawm.sa/rest_api/uploads/user_recording1475564640_1475564727.3gp'),
	(160, 'reply', 95, 'http://lawm.sa/rest_api/uploads/IMG_20160915_155751_1475564727.jpg'),
	(161, 'reply', 95, 'http://lawm.sa/rest_api/uploads/IMG_20161004_123446_1475564727.jpg'),
	(162, 'consultation', 48, 'http://lawm.sa/rest_api/uploads/IMG_20160917_134357_1475564925.jpg'),
	(163, 'consultation', 52, 'http://lawm.sa/rest_api/uploads/IMG-20161004-WA0003_1475573365.jpg'),
	(164, 'appeal', 35, 'http://lawm.sa/rest_api/uploads/IMG_20160916_103213_1475652355.jpg'),
	(165, 'reply', 98, 'http://lawm.sa/rest_api/uploads/IMG_20161004_123316_1475652998.jpg'),
	(166, 'consultation', 57, 'http://lawm.sa/uploads/1475909813.exe'),
	(167, 'company', 31, 'http://lawm.sa/uploads/1475910886UN_EN.jpg'),
	(168, 'company', 32, 'http://lawm.sa/uploads/1475911877UN_EN.jpg'),
	(169, 'company', 33, 'http://lawm.sa/uploads/1475912541UN_EN.jpg'),
	(170, 'reply', 104, 'http://lawm.sa/uploads/1475912745UN_EN.jpg'),
	(171, 'reply', 104, 'http://lawm.sa/uploads/1475912745UN_EN.jpg'),
	(172, 'company', 34, 'http://lawm.sa/uploads/1475912842.exe'),
	(173, 'appeal', 40, 'http://lawm.sa/uploads/1476296639opy.png'),
	(174, 'contract-writing', 21, 'http://lawm.sa/uploads/1476296764opy.png'),
	(175, 'contract-writing', 22, 'http://lawm.sa/uploads/1476296815opy.png'),
	(176, 'reply', 105, 'http://lawm.sa/uploads/1476296969.png'),
	(177, 'forum', 10, 'http://lawm.sa/uploads/1476723004anthemum.jpg'),
	(178, 'appeal', 41, 'http://lawm.sa/uploads/1476994389.jpg'),
	(179, 'appeal', 42, 'http://lawm.sa/uploads/1476994934111111.jpg'),
	(180, 'consultation', 64, 'http://lawm.sa/rest_api/uploads/IMG_20161022_181146_1477140193.jpg'),
	(181, 'consultation', 64, 'http://lawm.sa/rest_api/uploads/IMG_20161022_181208_1477140193.jpg'),
	(182, 'consultation', 64, 'http://lawm.sa/rest_api/uploads/IMG_20161022_181218_1477140193.jpg'),
	(183, 'consultation', 70, 'http://lawm.sa/uploads/1478014561ogo1.jpg'),
	(184, 'appeal', 43, 'http://lawm.sa/uploads/1479018934docx.docx'),
	(185, 'appeal', 43, 'http://lawm.sa/uploads/1479018934est.pdf'),
	(186, 'reply', 122, 'http://lawm.sa/rest_api/uploads/IMG_20161120_114800_1479622719.jpg'),
	(188, 'consultation', 72, 'http://lawm.sa/uploads/1479726306id-logo-new.png'),
	(189, 'consultation', 73, 'http://lawm.sa/uploads/1479726309id-logo-new.png'),
	(191, 'consultation', 75, 'http://lawm.sa/uploads/1479743629le-1280x720.jpg'),
	(192, 'contract-writing', 23, 'http://lawm.sa/uploads/1479744156ment.docx'),
	(193, 'company', 36, 'http://lawm.sa/uploads/1479744305ter.docx'),
	(194, 'reply', 124, 'http://localhost/lawm/uploads/148161824992504ngeas.jpg'),
	(195, 'forum', 13, 'http://localhost/lawm/uploads/148162776999235.jpg'),
	(196, 'consultation', 76, 'http://localhost/lawm/uploads/148187527143629le-1280x720.jpg'),
	(197, 'forum', 14, 'http://localhost/lawm/uploads/1481907318Wide_full-hd-wallpapers-1080p-widescreen-nature.jpg'),
	(198, 'consultation', 77, 'http://localhost/lawm/uploads/1482142837le-1280x720.jpg'),
	(199, 'consultation', 78, 'http://localhost/lawm/uploads/1482142934le-1280x720.jpg'),
	(200, 'consultation', 79, 'http://localhost/lawm/uploads/1482148970le-1280x720.jpg'),
	(201, 'consultation', 80, 'http://localhost/lawm/uploads/1482149727le-1280x720.jpg'),
	(202, 'contract-writing', 24, 'http://localhost/lawm/uploads/1482149831dible-india-wallpapers-taj-mahal-hd.jpg'),
	(203, 'contract-writing', 25, 'http://localhost/lawm/uploads/1482149909dible-india-wallpapers-taj-mahal-hd.jpg'),
	(204, 'contract-writing', 26, 'http://localhost/lawm/uploads/1482150072dible-india-wallpapers-taj-mahal-hd.jpg'),
	(205, 'company', 37, 'http://localhost/lawm/uploads/1482150355.jpg'),
	(206, 'appeal', 44, 'http://localhost/lawm/uploads/1482151196ational-hd-wallpaper1.jpg'),
	(222, 'consultation', 81, 'http://localhost/lawm/uploads/1484117356Wide_full-hd-wallpapers-1080p-widescreen-nature.jpg'),
	(225, 'appeal', 45, 'http://localhost/lawm/uploads/1484118224l-Night-globe.png'),
	(226, 'contract-writing', 27, 'http://localhost/lawm/uploads/1484122617ane_PNG_Clipart-421.png'),
	(227, 'company', 38, 'http://localhost/lawm/uploads/1484137162wave_logo.png'),
	(228, 'consultation', 82, 'http://localhost/lawm/uploads/1484546904.jpg'),
	(229, 'consultation', 83, 'http://localhost/lawm/uploads/1484547273.jpg'),
	(230, 'consultation', 84, 'http://localhost/lawm/uploads/1484551106.jpg'),
	(231, 'consultation', 85, 'http://localhost/lawm/uploads/1484551599.jpg'),
	(232, 'consultation', 86, 'http://localhost/lawm/uploads/1484554824monials.png'),
	(233, 'contract-writing', 28, 'http://localhost/lawm/uploads/1484555959.jpg'),
	(234, 'company', 39, 'http://localhost/lawm/uploads/1484568408aper-india-5.jpg'),
	(235, 'consultation', 87, 'http://localhost/uploads/i_1484635514.');
/*!40000 ALTER TABLE `attachments` ENABLE KEYS */;


-- Dumping structure for table lawmsac_lawyer.company
CREATE TABLE IF NOT EXISTS `company` (
  `id_company` int(11) NOT NULL AUTO_INCREMENT,
  `user_id` int(11) DEFAULT NULL,
  `lawyer_id` int(11) DEFAULT NULL,
  `experience` varchar(255) CHARACTER SET utf8 DEFAULT NULL,
  `subject` varchar(255) CHARACTER SET utf8 DEFAULT NULL,
  `attachment` text,
  `description` text CHARACTER SET utf8,
  `status` varchar(255) NOT NULL DEFAULT 'pending',
  `created_date_time` timestamp NOT NULL DEFAULT CURRENT_TIMESTAMP ON UPDATE CURRENT_TIMESTAMP,
  `payment_status` varchar(150) DEFAULT 'pending',
  PRIMARY KEY (`id_company`)
) ENGINE=InnoDB AUTO_INCREMENT=40 DEFAULT CHARSET=latin1;

-- Dumping data for table lawmsac_lawyer.company: ~36 rows (approximately)
/*!40000 ALTER TABLE `company` DISABLE KEYS */;
INSERT INTO `company` (`id_company`, `user_id`, `lawyer_id`, `experience`, `subject`, `attachment`, `description`, `status`, `created_date_time`, `payment_status`) VALUES
	(1, 4, 7, '0-5', 'test', '', 'test', 'pending', '2016-09-10 12:34:30', 'pending'),
	(2, 4, 3, '0-5', 'test2', '', 'tes', 'closed', '2016-08-23 23:02:18', 'pending'),
	(3, 4, 3, '0-5', 'test9', '', 'te', 'closed', '2016-08-23 23:12:51', 'pending'),
	(4, 8, 3, '2', ' cvvb', '', 'cgggvhhh', 'accepted', '2016-08-23 23:21:37', 'pending'),
	(5, 8, 7, '6', ' cvvb', '', 'cgggvhhh', 'pending', '2016-09-10 12:34:37', 'pending'),
	(6, 4, 7, NULL, 'test', '', 'desc', 'pending', '2016-09-10 12:33:49', 'pending'),
	(7, 4, 7, '', 'test', '', 'desc', 'pending', '2016-09-10 12:33:43', 'pending'),
	(8, 4, 7, '', 'test', '', 'test description', 'pending', '2016-09-10 12:33:36', 'pending'),
	(9, 26, 7, '2.5', 'subject', '', 'details', 'pending', '2016-09-10 12:33:31', 'pending'),
	(10, 26, 7, '2.5', 'subject', '', 'details', 'pending', '2016-09-10 12:33:18', 'pending'),
	(11, 26, 7, '2.5', 'subject', '', 'details', 'pending', '2016-09-10 12:33:12', 'pending'),
	(12, 26, 7, '2.5', 'subject', '', 'details', 'pending', '2016-09-10 12:33:19', 'pending'),
	(13, 34, 7, '5', 'testing', '', 'testing', 'pending', '2016-09-10 12:33:06', 'pending'),
	(14, 34, 7, '5', 'testing purpose', '', 'testing purpose uploading', 'pending', '2016-09-10 12:32:56', 'pending'),
	(15, 34, 25, '5', 'test with img', '', 'test with images', 'accepted', '2016-09-21 17:13:23', 'pending'),
	(16, 38, 7, '5', 'test with file', '', 'test with file', 'accepted', '2016-09-10 12:35:47', 'pending'),
	(17, 38, 25, '5', 'test with cam', '', 'test with cam', 'accepted', '2016-09-21 16:44:06', 'pending'),
	(18, 30, 25, '5', 'bxbx', '', 'xhxbdbd', 'closed', '2016-09-12 17:56:41', 'pending'),
	(19, 30, 25, '5', 'testing', '', 'testing', 'pending', '2016-09-22 17:34:39', 'pending'),
	(20, 30, 25, '5', 'testing1', '', 'testing1', 'pending', '2016-09-22 17:34:54', 'pending'),
	(21, 30, 25, '5', 'testing2', '', 'testing2', 'pending', '2016-09-22 17:36:11', 'pending'),
	(22, 30, 25, '5', 'testing', '', 'testing', 'pending', '2016-09-23 10:53:28', 'pending'),
	(23, 30, 25, '5', 'testing99', '', 'testing99', 'pending', '2016-09-23 10:56:53', 'pending'),
	(24, 30, 25, '5', 'testing991', '', 'testing992', 'accepted', '2016-10-04 10:24:17', 'pending'),
	(25, 30, 25, '5', 'testing993', '', 'testing993', 'accepted', '2016-10-03 12:44:51', 'pending'),
	(26, 26, 9, '2.5', 'subject123', '', 'details', 'pending', '2016-09-25 14:05:44', 'pending'),
	(27, 30, 25, '5', 'testing994', '', 'testing994', 'rejected', '2016-10-05 15:57:49', 'paid'),
	(28, 40, 25, '5', 'Testing3', '', 'Testing3', 'accepted', '2016-10-04 10:24:09', 'pending'),
	(29, 40, 25, '5', 'Testing', '', 'Testing', 'closed', '2016-10-03 10:58:22', 'pending'),
	(30, 40, 25, '5', 'Test with patner', '', 'Tester5@gmail.com ', 'closed', '2016-10-03 10:57:35', 'pending'),
	(31, 6, 15, '', 'Test IOS as Lawyer App', '', 'Test IOS as Lawyer App', 'closed', '2016-10-08 13:21:06', 'pending'),
	(32, 6, 7, '', 'Test IOS Establish Company Listed', '', 'Test IOS Establish Company Listed', 'pending', '2016-10-08 13:14:12', 'pending'),
	(33, 6, 15, '', 'Ganga - IOS Testing', '', 'Easy to check partner id', 'closed', '2016-10-08 13:20:20', 'pending'),
	(34, 6, 52, '', 'Test Reject Case', '', '@#$%^&', 'closed', '2016-11-20 11:49:02', 'pending'),
	(35, 1, NULL, '', NULL, '', NULL, 'pending', '2016-10-21 00:26:02', 'pending'),
	(36, 65, 66, '', 'Please register my firm', '', 'This is my new software firm. Please help me in establishing it.', 'accepted', '2016-12-13 13:58:20', 'pending'),
	(37, 65, 67, '2', 'Testing New Company Establishment', '', 'Testing New Company Establishment', 'accepted', '2016-12-20 11:07:18', 'pending'),
	(38, 65, 67, '', 'Testing New Company Establishment', '', 'Testing New Company Establishment Description', 'pending', '2017-01-11 17:49:22', 'pending'),
	(39, 65, 67, '', 'Test Establish Company ', '', 'Test Establish Company ', 'pending', '2017-01-16 17:37:21', 'pending');
/*!40000 ALTER TABLE `company` ENABLE KEYS */;


-- Dumping structure for table lawmsac_lawyer.company_partner
CREATE TABLE IF NOT EXISTS `company_partner` (
  `id_company_partner` int(11) NOT NULL AUTO_INCREMENT,
  `company_id` int(11) DEFAULT NULL,
  `partner_name` varchar(255) CHARACTER SET utf8 DEFAULT NULL,
  `partner_id` varchar(255) CHARACTER SET utf8 DEFAULT NULL,
  `created_date_time` timestamp NOT NULL DEFAULT CURRENT_TIMESTAMP,
  PRIMARY KEY (`id_company_partner`)
) ENGINE=InnoDB AUTO_INCREMENT=63 DEFAULT CHARSET=latin1;

-- Dumping data for table lawmsac_lawyer.company_partner: ~38 rows (approximately)
/*!40000 ALTER TABLE `company_partner` DISABLE KEYS */;
INSERT INTO `company_partner` (`id_company_partner`, `company_id`, `partner_name`, `partner_id`, `created_date_time`) VALUES
	(1, 1, 'test2', '1', '2016-08-18 00:17:57'),
	(2, 2, 'test', '4', '2016-08-18 00:18:18'),
	(3, 3, 'tes', '6', '2016-08-18 00:50:54'),
	(4, 4, 'df', '25', '2016-08-22 12:39:34'),
	(5, 5, 'gggh', '588', '2016-08-22 12:39:48'),
	(6, 6, 'testing', '4', '2016-08-28 21:59:07'),
	(7, 7, 'testing', '4', '2016-08-28 22:06:14'),
	(8, 8, 'abc', '456', '2016-08-30 22:53:32'),
	(9, 8, 'edf', '456', '2016-08-30 22:53:32'),
	(10, 9, NULL, NULL, '2016-09-07 23:10:45'),
	(11, 9, NULL, NULL, '2016-09-07 23:10:45'),
	(12, 11, 'malli', '1', '2016-09-07 23:14:02'),
	(13, 12, 'malli', '1', '2016-09-07 23:18:33'),
	(14, 13, 'p1', '999', '2016-09-08 10:08:06'),
	(15, 14, 'p1', '999', '2016-09-08 10:24:22'),
	(16, 14, 'p2', '888', '2016-09-08 10:24:22'),
	(17, 15, 'p1', '99999', '2016-09-08 10:27:05'),
	(18, 16, 'p1', '999', '2016-09-08 13:05:06'),
	(19, 17, 'p2', '6898', '2016-09-08 14:26:12'),
	(20, 17, 'p3', '89898', '2016-09-08 14:26:12'),
	(21, 18, 'p1', '999', '2016-09-12 17:51:54'),
	(22, 19, 'p1', '669', '2016-09-22 17:34:39'),
	(23, 20, '', '', '2016-09-22 17:34:54'),
	(24, 21, '', '', '2016-09-22 17:36:11'),
	(25, 22, '', '', '2016-09-23 10:53:28'),
	(26, 23, 'p1', '9999', '2016-09-23 10:56:53'),
	(27, 24, '', '', '2016-09-23 10:57:19'),
	(28, 25, '', '', '2016-09-23 17:24:46'),
	(31, 26, 'malli', '1', '2016-09-25 14:05:44'),
	(36, 28, '', '', '2016-09-26 12:23:26'),
	(40, 29, '', '', '2016-09-26 15:09:00'),
	(41, 30, 'p1', '5888', '2016-09-26 15:22:14'),
	(42, 30, 'p2', '8888', '2016-09-26 15:22:15'),
	(51, 27, 'p1', '888', '2016-09-26 15:37:42'),
	(52, 27, 'p2', '8566', '2016-09-26 15:37:42'),
	(53, 27, 'p3', '6666', '2016-09-26 15:37:42'),
	(54, 33, '----', '-', '2016-10-08 13:12:21'),
	(55, 36, 'Arun', '1', '2016-11-21 21:35:05'),
	(56, 37, 'Arun', '1', '2016-12-19 17:55:55'),
	(59, 38, 'Arun K', '1', '2017-01-11 17:49:22'),
	(61, 39, 'Arun', '1', '2017-01-16 17:37:21'),
	(62, 39, 'kiran', '2', '2017-01-16 17:37:22');
/*!40000 ALTER TABLE `company_partner` ENABLE KEYS */;


-- Dumping structure for table lawmsac_lawyer.consultation
CREATE TABLE IF NOT EXISTS `consultation` (
  `id_consultation` int(11) NOT NULL AUTO_INCREMENT,
  `user_id` int(11) NOT NULL,
  `lawyer_id` int(11) NOT NULL,
  `consultation_type` int(11) DEFAULT NULL,
  `experience` int(11) DEFAULT NULL,
  `complain` varchar(255) CHARACTER SET utf8 DEFAULT NULL,
  `date` datetime DEFAULT NULL,
  `subject` text CHARACTER SET utf8,
  `description` text CHARACTER SET utf8,
  `attachment` varchar(500) CHARACTER SET utf8 DEFAULT NULL,
  `status` varchar(225) DEFAULT 'pending',
  `payment_status` varchar(150) DEFAULT 'pending',
  `created_date_time` timestamp NOT NULL DEFAULT CURRENT_TIMESTAMP,
  PRIMARY KEY (`id_consultation`)
) ENGINE=InnoDB AUTO_INCREMENT=88 DEFAULT CHARSET=latin1;

-- Dumping data for table lawmsac_lawyer.consultation: ~77 rows (approximately)
/*!40000 ALTER TABLE `consultation` DISABLE KEYS */;
INSERT INTO `consultation` (`id_consultation`, `user_id`, `lawyer_id`, `consultation_type`, `experience`, `complain`, `date`, `subject`, `description`, `attachment`, `status`, `payment_status`, `created_date_time`) VALUES
	(1, 8, 7, 1, NULL, 'yes', NULL, 'this is very basic test ', 'this is very basic details', '', 'closed', 'pending', '2016-08-13 16:13:34'),
	(2, 8, 7, 2, NULL, 'yes', NULL, 'i am going to create one more consultation here', 'details of one more consultation', '', 'closed', 'pending', '2016-08-13 17:06:24'),
	(3, 4, 3, 1, NULL, 'yes', NULL, 'Test subject', 'Testing', '', 'closed', 'pending', '2016-08-17 22:14:47'),
	(4, 4, 3, 1, NULL, 'yes', NULL, 'test', 'test', '', 'closed', 'pending', '2016-08-17 22:51:58'),
	(5, 4, 3, 1, NULL, 'yes', NULL, 'test-2', 'test', '', 'closed', 'pending', '2016-08-18 00:14:47'),
	(6, 8, 15, 2, NULL, 'Yes', NULL, 'testing purposes', 'test details', '', 'closed', 'pending', '2016-08-22 12:19:44'),
	(7, 13, 15, 0, NULL, '1', NULL, 'Ss', 'Details', '', 'closed', 'pending', '2016-08-27 00:09:14'),
	(8, 13, 15, 0, NULL, '1', NULL, 'Ss', 'Dd', '', 'closed', 'pending', '2016-08-28 20:34:57'),
	(9, 13, 3, 0, NULL, '1', NULL, 'Dd', 'Dd123', '', 'closed', 'pending', '2016-08-28 20:36:09'),
	(10, 24, 25, 1, NULL, 'Yes', NULL, 'subject', 'desc', '', 'closed', 'pending', '2016-08-30 16:01:33'),
	(11, 3, 2, 1, NULL, 'yes', NULL, 'test', 'test', '', 'closed', 'pending', '2016-08-30 23:45:42'),
	(12, 26, 15, 1, NULL, 'yes', NULL, 'test123', 'test1234', '', 'closed', 'pending', '2016-08-31 00:32:20'),
	(13, 26, 15, 1, NULL, 'yes', NULL, 'reject testing', 'reject123', '', 'closed', 'pending', '2016-08-31 00:38:42'),
	(14, 24, 25, 1, NULL, 'Yes', NULL, 'subject', 'desc', '', 'closed', 'pending', '2016-09-01 11:16:03'),
	(15, 24, 25, 0, NULL, 'Yes', NULL, 'test for uploading', 'uploading more images', '', 'accepted', 'pending', '2016-09-01 18:01:49'),
	(16, 24, 25, 2, NULL, 'Yes', NULL, 'test9', 'uploading multiple images', '', 'closed', 'pending', '2016-09-01 18:17:20'),
	(17, 24, 25, 2, NULL, 'Yes', NULL, 'fghhhjj', 'gvbhjjj', '', 'closed', 'pending', '2016-09-02 12:26:27'),
	(18, 24, 7, 1, NULL, 'Yes', NULL, 'tttty', 'ghhhh', '', 'accepted', 'pending', '2016-09-02 12:29:18'),
	(19, 6, 7, 2, NULL, 'no', NULL, 'Test Consultation -1', 'Test Consultation -1', '', 'closed', 'pending', '2016-09-04 15:45:49'),
	(20, 24, 25, 2, NULL, 'Yes', NULL, 'from user', 'testing from user', '', 'accepted', 'pending', '2016-09-06 12:31:01'),
	(21, 1, 5, 1, NULL, 'yes', NULL, 'Test again', 'I\'m testing the flow of the consultation ', '', 'accepted', 'pending', '2016-09-07 05:46:32'),
	(22, 34, 25, 2, NULL, 'Yes', NULL, 'tester999 posting', 'tester999 posted', '', 'accepted', 'pending', '2016-09-07 10:10:38'),
	(23, 34, 25, 2, NULL, 'Yes', NULL, 'tester 999 again posting', 'tester 999 again testing', '', 'accepted', 'pending', '2016-09-07 11:11:38'),
	(24, 34, 25, 2, NULL, 'Yes', NULL, 'multiple imgs', 'posted', '', 'accepted', 'pending', '2016-09-07 12:48:32'),
	(25, 34, 25, 2, NULL, 'Yes', NULL, 'again testing tester999', 'tester', '', 'accepted', 'pending', '2016-09-07 12:54:38'),
	(26, 6, 7, 1, NULL, 'yes', NULL, 'This is to test the longest messages in the alpha numeric and special characters it can be displayed in the android. 1234567890 qwertyuiopasdfgjkklzxcvbnnm ,./;\'[]\\`@#$%^&*()', 'Check Malli and let me know if your Android Application crashes or how many text characters are getting displayed. \r\nEOUL: North Korea said on Saturday it would not submit to US nuclear "blackmail", a day after shocking the world with its fifth and largest nuclear test.\r\n"Gone are the days never to return when the US could make a unilateral nuclear blackmail against the DPRK," said the ruling party newspaper Rodong Sinmun, using the country\'s official name.\r\n"The US is exasperated by the strong military steps being taken by the DPRK in a phased way."\r\nThe North\'s latest test, preceded by a volley of missile launches in recent months, sparked worldwide condemnation. The UN Security Council agreed on Friday immediately to begin work on a new series of sanctions.\r\nEOUL: North Korea said on Saturday it would not submit to US nuclear "blackmail", a day after shocking the world with its fifth and largest nuclear test.\r\n"Gone are the days never to return when the US could make a unilateral nuclear blackmail against the DPRK," said the ruling party newspaper Rodong Sinmun, using the country\'s official name.\r\n"The US is exasperated by the strong military steps being taken by the DPRK in a phased way."\r\nThe North\'s latest test, preceded by a volley of missile launches in recent months, sparked worldwide condemnation. The UN Security Council agreed on Friday immediately to begin work on a new series of sanctions.\r\nEOUL: North Korea said on Saturday it would not submit to US nuclear "blackmail", a day after shocking the world with its fifth and largest nuclear test.\r\n"Gone are the days never to return when the US could make a unilateral nuclear blackmail against the DPRK," said the ruling party newspaper Rodong Sinmun, using the country\'s official name.\r\n"The US is exasperated by the strong military steps being taken by the DPRK in a phased way."\r\nThe North\'s latest test, preceded by a volley of missile launches in recent months, sparked worldwide condemnation. The UN Security Council agreed on Friday immediately to begin work on a new series of sanctions.\r\nEOUL: North Korea said on Saturday it would not submit to US nuclear "blackmail", a day after shocking the world with its fifth and largest nuclear test.\r\n"Gone are the days never to return when the US could make a unilateral nuclear blackmail against the DPRK," said the ruling party newspaper Rodong Sinmun, using the country\'s official name.\r\n"The US is exasperated by the strong military steps being taken by the DPRK in a phased way."\r\nThe North\'s latest test, preceded by a volley of missile launches in recent months, sparked worldwide condemnation. The UN Security Council agreed on Friday immediately to begin work on a new series of sanctions.\r\nEOUL: North Korea said on Saturday it would not submit to US nuclear "blackmail", a day after shocking the world with its fifth and largest nuclear test.\r\n"Gone are the days never to return when the US could make a unilateral nuclear blackmail against the DPRK," said the ruling party newspaper Rodong Sinmun, using the country\'s official name.\r\n"The US is exasperated by the strong military steps being taken by the DPRK in a phased way."\r\nThe North\'s latest test, preceded by a volley of missile launches in recent months, sparked worldwide condemnation. The UN Security Council agreed on Friday immediately to begin work on a new series of sanctions.\r\nEOUL: North Korea said on Saturday it would not submit to US nuclear "blackmail", a day after shocking the world with its fifth and largest nuclear test.\r\n"Gone are the days never to return when the US could make a unilateral nuclear blackmail against the DPRK," said the ruling party newspaper Rodong Sinmun, using the country\'s official name.\r\n"The US is exasperated by the strong military steps being taken by the DPRK in a phased way."\r\nThe North\'s latest test, preceded by a volley of missile launches in recent months, sparked worldwide condemnation. The UN Security Council agreed on Friday immediately to begin work on a new series of sanctions.\r\nEOUL: North Korea said on Saturday it would not submit to US nuclear "blackmail", a day after shocking the world with its fifth and largest nuclear test.\r\n"Gone are the days never to return when the US could make a unilateral nuclear blackmail against the DPRK," said the ruling party newspaper Rodong Sinmun, using the country\'s official name.\r\n"The US is exasperated by the strong military steps being taken by the DPRK in a phased way."\r\nThe North\'s latest test, preceded by a volley of missile launches in recent months, sparked worldwide condemnation. The UN Security Council agreed on Friday immediately to begin work on a new series of sanctions.\r\nEOUL: North Korea said on Saturday it would not submit to US nuclear "blackmail", a day after shocking the world with its fifth and largest nuclear test.\r\n"Gone are the days never to return when the US could make a unilateral nuclear blackmail against the DPRK," said the ruling party newspaper Rodong Sinmun, using the country\'s official name.\r\n"The US is exasperated by the strong military steps being taken by the DPRK in a phased way."\r\nThe North\'s latest test, preceded by a volley of missile launches in recent months, sparked worldwide condemnation. The UN Security Council agreed on Friday immediately to begin work on a new series of sanctions.\r\nEOUL: North Korea said on Saturday it would not submit to US nuclear "blackmail", a day after shocking the world with its fifth and largest nuclear test.\r\n"Gone are the days never to return when the US could make a unilateral nuclear blackmail against the DPRK," said the ruling party newspaper Rodong Sinmun, using the country\'s official name.\r\n"The US is exasperated by the strong military steps being taken by the DPRK in a phased way."\r\nThe North\'s latest test, preceded by a volley of missile launches in recent months, sparked worldwide condemnation. The UN Security Council agreed on Friday immediately to begin work on a new series of sanctions.\r\nEOUL: North Korea said on Saturday it would not submit to US nuclear "blackmail", a day after shocking the world with its fifth and largest nuclear test.\r\n"Gone are the days never to return when the US could make a unilateral nuclear blackmail against the DPRK," said the ruling party newspaper Rodong Sinmun, using the country\'s official name.\r\n"The US is exasperated by the strong military steps being taken by the DPRK in a phased way."\r\nThe North\'s latest test, preceded by a volley of missile launches in recent months, sparked worldwide condemnation. The UN Security Council agreed on Friday immediately to begin work on a new series of sanctions.\r\nEOUL: North Korea said on Saturday it would not submit to US nuclear "blackmail", a day after shocking the world with its fifth and largest nuclear test.\r\n"Gone are the days never to return when the US could make a unilateral nuclear blackmail against the DPRK," said the ruling party newspaper Rodong Sinmun, using the country\'s official name.\r\n"The US is exasperated by the strong military steps being taken by the DPRK in a phased way."\r\nThe North\'s latest test, preceded by a volley of missile launches in recent months, sparked worldwide condemnation. The UN Security Council agreed on Friday immediately to begin work on a new series of sanctions.\r\nEOUL: North Korea said on Saturday it would not submit to US nuclear "blackmail", a day after shocking the world with its fifth and largest nuclear test.\r\n"Gone are the days never to return when the US could make a unilateral nuclear blackmail against the DPRK," said the ruling party newspaper Rodong Sinmun, using the country\'s official name.\r\n"The US is exasperated by the strong military steps being taken by the DPRK in a phased way."\r\nThe North\'s latest test, preceded by a volley of missile launches in recent months, sparked worldwide condemnation. The UN Security Council agreed on Friday immediately to begin work on a new series of sanctions.\r\nEOUL: North Korea said on Saturday it would not submit to US nuclear "blackmail", a day after shocking the world with its fifth and largest nuclear test.\r\n"Gone are the days never to return when the US could make a unilateral nuclear blackmail against the DPRK," said the ruling party newspaper Rodong Sinmun, using the country\'s official name.\r\n"The US is exasperated by the strong military steps being taken by the DPRK in a phased way."\r\nThe North\'s latest test, preceded by a volley of missile launches in recent months, sparked worldwide condemnation. The UN Security Council agreed on Friday immediately to begin work on a new series of sanctions.\r\nEOUL: North Korea said on Saturday it would not submit to US nuclear "blackmail", a day after shocking the world with its fifth and largest nuclear test.\r\n"Gone are the days never to return when the US could make a unilateral nuclear blackmail against the DPRK," said the ruling party newspaper Rodong Sinmun, using the country\'s official name.\r\n"The US is exasperated by the strong military steps being taken by the DPRK in a phased way."\r\nThe North\'s latest test, preceded by a volley of missile launches in recent months, sparked worldwide condemnation. The UN Security Council agreed on Friday immediately to begin work on a new series of sanctions.\r\nEOUL: North Korea said on Saturday it would not submit to US nuclear "blackmail", a day after shocking the world with its fifth and largest nuclear test.\r\n"Gone are the days never to return when the US could make a unilateral nuclear blackmail against the DPRK," said the ruling party newspaper Rodong Sinmun, using the country\'s official name.\r\n"The US is exasperated by the strong military steps being taken by the DPRK in a phased way."\r\nThe North\'s latest test, preceded by a volley of missile launches in recent months, sparked worldwide condemnation. The UN Security Council agreed on Friday immediately to begin work on a new series of sanctions.\r\nEOUL: North Korea said on Saturday it would not submit to US nuclear "blackmail", a day after shocking the world with its fifth and largest nuclear test.\r\n"Gone are the days never to return when the US could make a unilateral nuclear blackmail against the DPRK," said the ruling party newspaper Rodong Sinmun, using the country\'s official name.\r\n"The US is exasperated by the strong military steps being taken by the DPRK in a phased way."\r\nThe North\'s latest test, preceded by a volley of missile launches in recent months, sparked worldwide condemnation. The UN Security Council agreed on Friday immediately to begin work on a new series of sanctions.', '', 'pending', 'pending', '2016-09-10 12:24:11'),
	(27, 24, 25, 1, NULL, 'Yes', NULL, 'tttty', 'ghhhh', '', 'pending', 'pending', '2016-09-10 13:04:41'),
	(28, 30, 25, 2, NULL, 'Yes', NULL, 'testing', 'testing', '', 'closed', 'pending', '2016-09-12 10:27:05'),
	(29, 30, 25, 2, NULL, 'Yes', NULL, 'testing', 'testing', '', 'closed', 'pending', '2016-09-12 11:17:46'),
	(30, 30, 7, 2, NULL, 'Yes', NULL, 'ghhhh', 'gghhj', '', 'pending', 'pending', '2016-09-15 16:23:09'),
	(31, 40, 25, 2, NULL, 'Yes', NULL, 'Tester9@gmail.com ', 'Tester9@gmail.com ', '', 'closed', 'pending', '2016-09-16 10:34:55'),
	(32, 26, 25, 123, NULL, '1', NULL, '12', '12345', '', 'accepted', 'pending', '2016-09-17 12:31:21'),
	(33, 4, 3, 1, NULL, 'yes', NULL, 'testing for attachments', 'test', '', 'closed', 'pending', '2016-09-17 13:27:51'),
	(34, 41, 25, 1, NULL, 'No', NULL, 'Test subject', 'Test details', '', 'accepted', 'pending', '2016-09-17 13:43:26'),
	(35, 41, 15, 1, NULL, 'Yes', NULL, 'test subject 1', 'test details 1', '', 'pending', 'pending', '2016-09-17 13:44:26'),
	(36, 34, 25, 2, NULL, 'Yes', NULL, 'testing', 'testing', '', 'accepted', 'pending', '2016-09-19 11:03:50'),
	(37, 34, 15, 2, NULL, 'Yes', NULL, 'to tester', 'testing', '', 'accepted', 'pending', '2016-09-19 11:44:05'),
	(38, 34, 52, 2, NULL, 'No', NULL, 'again testing', 'testing agian', '', 'accepted', 'pending', '2016-09-19 11:47:12'),
	(39, 34, 25, 2, NULL, 'Yes', NULL, 'testing without  attachme', 'testing without  attached of files', '', 'closed', 'pending', '2016-09-19 11:51:49'),
	(40, 30, 25, 2, NULL, 'Yes', NULL, 'testing', 'testing', '', 'accepted', 'pending', '2016-09-22 15:06:24'),
	(41, 30, 25, 1, NULL, 'No', NULL, 'multiple images updated again', 'multiple images adding first img adding one more img', '', 'accepted', 'pending', '2016-09-22 15:09:15'),
	(42, 30, 25, 1, NULL, 'Yes', NULL, 'create new consultant', 'create new consultant with images ', '', 'accepted', 'pending', '2016-09-22 16:03:33'),
	(43, 4, 3, 1, NULL, 'no', NULL, 'tes', 'test', '', 'closed', 'pending', '2016-09-25 21:21:02'),
	(44, 6, 7, 1, NULL, 'no', NULL, 'New Ticket 26th Sept', 'Check the details.', '', 'closed', 'pending', '2016-09-26 13:16:52'),
	(45, 1, 15, 1, NULL, 'yes', NULL, 'Hello', 'test the app', '', 'accepted', 'pending', '2016-09-29 21:50:48'),
	(46, 51, 5, 1, NULL, 'yes', NULL, 'consultation testing', 'this is a part of testing.......', '', 'accepted', 'pending', '2016-10-02 23:02:03'),
	(47, 4, 3, 1, NULL, 'yes', NULL, 'test', 'testing', '', 'accepted', 'pending', '2016-10-02 23:14:15'),
	(48, 30, 25, 1, NULL, 'No', NULL, 'test payfort', 'test payfort', '', 'accepted', 'pending', '2016-10-04 12:38:45'),
	(49, 30, 25, 1, NULL, 'No', NULL, 'payfort tedting1', 'payfort testing 1', '', 'accepted', 'pending', '2016-10-04 12:45:17'),
	(50, 30, 25, 1, NULL, 'Yes', NULL, 'payfort testing2\n', 'payfort testing 2\n', '', 'accepted', 'pending', '2016-10-04 12:56:36'),
	(51, 30, 25, 1, NULL, 'Yes', NULL, 'payfort testing 3', 'payfort testing 3', '', 'accepted', 'pending', '2016-10-04 13:00:08'),
	(52, 30, 25, 2, NULL, 'Yes', NULL, 'testing payport from tester5', 'testing payport from tester5', '', 'accepted', 'paid', '2016-10-04 14:59:25'),
	(53, 30, 25, 1, NULL, 'No', NULL, 'payfort testing4', 'payfort testing4', '', 'accepted', 'paid', '2016-10-05 11:12:59'),
	(54, 30, 25, 1, NULL, 'Yes', NULL, 'testing payfort5', 'testing payfort5', '', 'accepted', 'pending', '2016-10-05 12:58:48'),
	(55, 6, 25, 1, NULL, 'Yes', NULL, 'check payfort ', 'We need a design that gives a feeling', '', 'accepted', 'pending', '2016-10-06 10:35:00'),
	(56, 6, 25, 1, NULL, 'Yes', NULL, 'test payfort with arif user', 'test payfort with arif user', '', 'closed', 'pending', '2016-10-06 11:37:07'),
	(57, 6, 55, 1, NULL, 'yes', NULL, 'Test Attachment format as .exe', 'Test Attachment format as .exe', '', 'accepted', 'pending', '2016-10-08 12:26:52'),
	(58, 13, 55, 1, NULL, 'yes', NULL, 'test', 'dfgjhdsfgdsjhg', '', 'accepted', 'pending', '2016-10-08 14:46:52'),
	(59, 15, 55, 0, NULL, '1', NULL, 'Ss', 'As', '', 'accepted', 'pending', '2016-10-11 01:33:16'),
	(60, 40, 25, 1, NULL, 'Yes', NULL, 'bzbzh', 'bzjzj', '', 'accepted', 'paid', '2016-10-14 12:20:42'),
	(61, 1, 5, 1, NULL, 'yes', NULL, 'test selecting the lawyer', 'I selected the lawyer', '', 'accepted', 'pending', '2016-10-15 20:43:15'),
	(62, 6, 52, 1, NULL, 'yes', NULL, 'Brother Abdullah, pl check if consultation is assigned to you.', 'user name : Lawyer and Mail id - dabils@yahoo.com', '', 'accepted', 'pending', '2016-10-15 22:04:47'),
	(63, 15, 15, 0, NULL, '1', NULL, 'MyCase', 'As', '', 'accepted', 'pending', '2016-10-18 22:21:32'),
	(64, 26, 7, 1, NULL, 'No', NULL, 'testing123', 'nothing', '', 'rejected', 'pending', '2016-10-22 18:13:13'),
	(65, 40, 55, 2, NULL, 'No', NULL, 'testing', 'testing', '', 'accepted', 'paid', '2016-10-24 14:57:50'),
	(66, 40, 55, 2, NULL, 'No', NULL, 'testing again', 'testing again for testing', '', 'accepted', 'paid', '2016-10-24 15:11:05'),
	(67, 40, 55, 2, NULL, 'No', NULL, 'testing again in 3rd time', 'testing again in 3rd time', '', 'accepted', 'pending', '2016-10-24 15:26:10'),
	(68, 40, 55, 2, NULL, 'No', NULL, 'testing again 4 th time', 'testing again 4 th time', '', 'accepted', 'paid', '2016-10-24 15:34:16'),
	(69, 40, 55, 2, NULL, 'No', NULL, 'testing with out internet', 'testing with out internet', '', 'accepted', 'paid', '2016-10-24 16:07:18'),
	(70, 1, 59, 1, NULL, 'yes', NULL, 'تجربة ', 'السلام عليكم أبو حمد\r\n', '', 'accepted', 'pending', '2016-11-01 21:06:01'),
	(71, 63, 7, 1, NULL, 'yes', NULL, 'test started', 'test', '', 'pending', 'pending', '2016-11-21 14:30:09'),
	(72, 63, 64, 2, NULL, 'yes', NULL, 'Accident case', 'Need help in accident case', '', 'pending', 'pending', '2016-11-21 16:35:06'),
	(73, 63, 64, 2, NULL, 'yes', NULL, 'Accident case', 'Need help in accident case', '', 'pending', 'pending', '2016-11-21 16:35:08'),
	(74, 63, 67, 1, NULL, 'Yes', NULL, 'Accident case', 'Need help in accident case', '', 'pending', 'pending', '2016-11-21 16:35:27'),
	(75, 65, 66, 1, NULL, 'yes', NULL, 'Robbery Case', 'Hi. Please help me.', '', 'closed', 'pending', '2016-11-21 21:23:49'),
	(76, 65, 67, 1, NULL, 'yes', NULL, 'Testing New Consultation', 'Testing New Consultation Description', '', 'accepted', 'pending', '2016-12-16 13:31:11'),
	(80, 65, 67, 1, 2, 'yes', NULL, 'Testing New Consultation', 'Testing New Consultation...', '', 'closed', 'pending', '2016-12-19 17:45:27'),
	(81, 65, 67, 2, 0, 'yes', NULL, 'Testing New Consultation again12', 'Testing New Consultation again12', '', 'pending', 'pending', '2017-01-06 12:45:40'),
	(82, 69, 67, 1, NULL, 'yes', NULL, 'Testing New Guest Consultation', 'Testing New Guest Consultation', '', 'pending', 'pending', '2017-01-16 11:38:24'),
	(83, 72, 67, 1, 2, 'no', NULL, 'Testing New Guest consultation', 'Testing New Guest consultation', '', 'pending', 'pending', '2017-01-16 11:44:33'),
	(84, 72, 67, 2, 2, 'yes', NULL, 'Testing New Guest  Consultation again', 'Testing New Guest  Consultation again', '', 'pending', 'pending', '2017-01-16 12:48:26'),
	(85, 72, 67, 1, 2, 'no', NULL, 'Testing New Guest Consultation again again', 'Testing New Guest Consultation again again', '', 'pending', 'pending', '2017-01-16 12:56:39'),
	(86, 72, 67, 1, 2, 'yes', NULL, 'Testing New Consultation as guest', 'Testing New Consultation as guest', '', 'pending', 'pending', '2017-01-16 13:50:24'),
	(87, 65, 67, 1, 0, 'yes', NULL, 'test test', 'test test', '', 'pending', 'pending', '2017-01-17 12:15:14');
/*!40000 ALTER TABLE `consultation` ENABLE KEYS */;


-- Dumping structure for table lawmsac_lawyer.consultation_type
CREATE TABLE IF NOT EXISTS `consultation_type` (
  `id_consultation_type` int(11) NOT NULL AUTO_INCREMENT,
  `consultation_type` varchar(255) CHARACTER SET utf8 DEFAULT NULL,
  PRIMARY KEY (`id_consultation_type`)
) ENGINE=InnoDB AUTO_INCREMENT=3 DEFAULT CHARSET=latin1;

-- Dumping data for table lawmsac_lawyer.consultation_type: ~2 rows (approximately)
/*!40000 ALTER TABLE `consultation_type` DISABLE KEYS */;
INSERT INTO `consultation_type` (`id_consultation_type`, `consultation_type`) VALUES
	(1, 'Consultation type-1'),
	(2, 'Consultation type-2');
/*!40000 ALTER TABLE `consultation_type` ENABLE KEYS */;


-- Dumping structure for table lawmsac_lawyer.contract_writing
CREATE TABLE IF NOT EXISTS `contract_writing` (
  `id_contract_writing` int(11) NOT NULL AUTO_INCREMENT,
  `user_id` int(11) DEFAULT NULL,
  `lawyer_id` int(11) DEFAULT NULL,
  `experience` varchar(255) CHARACTER SET utf8 DEFAULT NULL,
  `subject` varchar(255) CHARACTER SET utf8 DEFAULT NULL,
  `attachment` text CHARACTER SET utf8,
  `description` text CHARACTER SET utf8,
  `status` varchar(255) NOT NULL DEFAULT 'pending',
  `created_date_time` timestamp NOT NULL DEFAULT CURRENT_TIMESTAMP,
  `payment_status` varchar(150) DEFAULT 'pending',
  PRIMARY KEY (`id_contract_writing`)
) ENGINE=InnoDB AUTO_INCREMENT=29 DEFAULT CHARSET=latin1;

-- Dumping data for table lawmsac_lawyer.contract_writing: ~23 rows (approximately)
/*!40000 ALTER TABLE `contract_writing` DISABLE KEYS */;
INSERT INTO `contract_writing` (`id_contract_writing`, `user_id`, `lawyer_id`, `experience`, `subject`, `attachment`, `description`, `status`, `created_date_time`, `payment_status`) VALUES
	(1, 8, 7, '0-5', 'test subject', '', 'test description', 'closed', '2016-08-13 16:36:11', 'pending'),
	(2, 4, 3, '0-5', 'test2', '', 'test', 'closed', '2016-08-18 00:15:15', 'pending'),
	(3, 4, 3, '0-5', 'test3', '', 'test', 'closed', '2016-08-18 00:15:40', 'pending'),
	(4, 8, 5, '6', 'gcgg', '', 'fvvhhjj', 'closed', '2016-08-22 12:37:00', 'pending'),
	(5, 4, 25, '', 'hjfdkjqKJDk', '', 'jkccknvkjdfnv', 'accepted', '2016-08-28 22:18:02', 'pending'),
	(6, 24, 66, '5', 'update', '', 'uploaded', 'pending', '2016-09-02 12:54:06', 'pending'),
	(7, 34, 25, '5', 'tester999 posting', '', 'tester999 posted', 'accepted', '2016-09-07 10:26:49', 'pending'),
	(8, 34, 25, '5', 'tester999 again posts', '', 'tester 999 again testing', 'accepted', '2016-09-07 11:05:15', 'pending'),
	(9, 34, 25, '5', 'uploading images', '', 'uploading images', 'accepted', '2016-09-07 14:40:22', 'pending'),
	(10, 30, 25, '5', 'uploading', '', 'uploading files', 'closed', '2016-09-12 17:57:37', 'pending'),
	(11, 34, 25, '5', 'ggggg', '', 'ffgggggg', 'accepted', '2016-09-20 16:53:01', 'pending'),
	(12, 34, 25, '5', 'testing', '', 'testing', 'accepted', '2016-09-21 13:13:02', 'pending'),
	(13, 34, 25, '5', 'testing aging', '', 'test', 'accepted', '2016-09-21 14:31:04', 'pending'),
	(14, 34, 25, '5', 'final testing', '', 'final testing', 'accepted', '2016-09-21 14:36:20', 'pending'),
	(15, 30, 25, '5', 'testing with images', '', 'testing with images', 'rejected', '2016-09-22 17:01:36', 'pending'),
	(16, 30, 25, '5', 'testing with images updated', '', 'testing with images updated', 'accepted', '2016-09-22 17:08:35', 'pending'),
	(17, 30, 25, '5', 'testing with images updated', '', 'testing with images updated1', 'accepted', '2016-09-22 17:10:12', 'pending'),
	(18, 30, 66, '5', 'testing with images updated2', '', 'testing with images updated2', 'pending', '2016-09-22 17:12:38', 'pending'),
	(19, 30, 25, '5', 'testing with images updated9', '', 'testing with images updated9', 'accepted', '2016-09-22 17:16:03', 'pending'),
	(20, 4, 3, '', 'test', '', 'test', 'accepted', '2016-10-02 23:06:44', 'pending'),
	(21, 4, 66, '', '432', '', '5t4td', 'accepted', '2016-10-12 23:56:03', 'pending'),
	(22, 4, 25, '', '432', '', '5t4td', 'deleted', '2016-10-12 23:56:54', 'pending'),
	(23, 65, 66, '', 'Software Project Contract', '', 'This is a software project contract between the vendor and client. ', 'accepted', '2016-11-21 21:32:35', 'pending'),
	(26, 65, 67, '2', 'Testing New Contract Writing', '', 'Testing New Contract Writing..', 'accepted', '2016-12-19 17:51:12', 'pending'),
	(27, 65, 67, '2', 'Testing New Contract Writing', '', 'Testing New Contract Writing Description', 'pending', '2017-01-11 12:31:03', 'pending'),
	(28, 72, 67, '2', 'Test New Contract Writing', '', 'Test New Contract Writing', 'pending', '2017-01-16 14:09:19', 'pending');
/*!40000 ALTER TABLE `contract_writing` ENABLE KEYS */;


-- Dumping structure for table lawmsac_lawyer.conversation
CREATE TABLE IF NOT EXISTS `conversation` (
  `id_conversation` int(11) NOT NULL AUTO_INCREMENT,
  `reference_type` varchar(255) CHARACTER SET utf8 DEFAULT NULL,
  `reference_id` int(11) DEFAULT NULL,
  `from_id` int(11) DEFAULT NULL,
  `to_id` int(11) DEFAULT NULL,
  `comment` text CHARACTER SET utf8,
  `attachment` text CHARACTER SET utf8,
  `created_date_time` timestamp NOT NULL DEFAULT CURRENT_TIMESTAMP,
  PRIMARY KEY (`id_conversation`)
) ENGINE=InnoDB AUTO_INCREMENT=132 DEFAULT CHARSET=latin1;

-- Dumping data for table lawmsac_lawyer.conversation: ~122 rows (approximately)
/*!40000 ALTER TABLE `conversation` DISABLE KEYS */;
INSERT INTO `conversation` (`id_conversation`, `reference_type`, `reference_id`, `from_id`, `to_id`, `comment`, `attachment`, `created_date_time`) VALUES
	(1, 'consultation', 1, 8, 7, 'comment1', '', '2016-08-13 16:17:11'),
	(2, 'consultation', 1, 7, 8, 'Pl fill the form in following format.', '', '2016-08-13 16:19:59'),
	(3, 'consultation', 3, 3, 4, 'testing', '', '2016-08-17 22:37:46'),
	(4, 'contract-writing', 3, 3, 4, 'test', '', '2016-08-19 00:40:20'),
	(5, 'company', 3, 8, 3, 'test', '', '2016-08-22 12:21:48'),
	(6, 'contract-writing', 4, 8, 5, 'gghjnjmn', '', '2016-08-22 12:38:27'),
	(7, 'contract-writing', 4, 8, 5, 'yhhhhh', '', '2016-08-22 12:38:52'),
	(8, 'company', 5, 8, 5, 'ghhjjj', '', '2016-08-22 12:40:16'),
	(9, 'company', 4, 8, 3, 'oooooo', '', '2016-08-22 12:40:25'),
	(10, 'appeal', 4, 8, 5, 'ghhbhb', '', '2016-08-22 12:41:00'),
	(11, 'consultation', 6, 8, 7, 'dhdhdh', '', '2016-08-22 16:48:58'),
	(12, 'consultation', 6, 8, 7, 'yhjkki', '', '2016-08-22 16:52:39'),
	(13, 'consultation', 6, 8, 7, 'fghhhj', '', '2016-08-22 16:54:55'),
	(14, 'consultation', 6, 8, 7, 'ghjkki', '', '2016-08-22 16:55:43'),
	(15, 'consultation', 6, 8, 7, 'ghhj', '', '2016-08-22 16:58:17'),
	(16, 'null', 0, 0, 0, 'null', '', '2016-08-23 11:48:32'),
	(17, 'consulation', 1, 8, 7, 'upload image', '', '2016-08-23 12:32:28'),
	(18, 'consulation', 1, 8, 7, 'upload image', '', '2016-08-23 12:33:34'),
	(19, 'consulation', 1, 8, 7, 'upload image', '', '2016-08-23 14:46:59'),
	(20, 'consulation', 1, 8, 7, 'upload image', '', '2016-08-23 14:47:01'),
	(21, 'consulation', 1, 8, 7, 'upload image', '', '2016-08-23 14:51:19'),
	(22, 'consulation', 1, 8, 8, 'upload image', '', '2016-08-23 15:01:45'),
	(23, 'consultation', 1, 8, 7, 'test9', '', '2016-08-23 15:05:17'),
	(24, 'consultation', 2, 8, 7, 'hello', '', '2016-08-23 15:05:43'),
	(25, 'consulation', 1, 8, 7, 'upload image', '', '2016-08-23 15:31:34'),
	(26, 'consulation', 1, 8, 7, 'upload image', '', '2016-08-23 16:18:18'),
	(27, 'consulation', 1, 8, 7, 'upload image', '', '2016-08-23 16:19:06'),
	(28, 'consulation', 1, 8, 7, 'upload image', '', '2016-08-23 16:21:19'),
	(29, 'consulation', 1, 8, 7, 'upload image', '', '2016-08-23 16:22:20'),
	(30, 'consultation', 1, 8, 7, 'test', '', '2016-08-23 23:48:58'),
	(31, 'consultation', 1, 8, 7, 'test', '', '2016-08-23 23:50:15'),
	(32, 'consultation', 1, 8, 7, 'test', '', '2016-08-23 23:52:02'),
	(33, 'consultation', 1, 8, 7, 'test', '', '2016-08-23 23:55:01'),
	(34, 'consultation', 1, 8, 7, 'test', '', '2016-08-23 23:55:18'),
	(35, 'consultation', 1, 8, 7, 'test', '', '2016-08-23 23:55:50'),
	(36, 'consultation', 1, 8, 7, 'test', '', '2016-08-23 23:56:57'),
	(37, 'consultation', 1, 8, 7, 'test', '', '2016-08-23 23:57:36'),
	(38, 'consultation', 1, 8, 7, 'test', '', '2016-08-24 00:02:53'),
	(39, 'consultation', 1, 8, 7, 'test', '', '2016-08-24 00:04:28'),
	(40, 'consultation', 1, 8, 7, 'test', '', '2016-08-24 00:05:38'),
	(41, 'consulation', 1, 8, 8, 'upload image', '', '2016-08-29 10:47:30'),
	(42, 'consulation', 1, 8, 7, 'upload image', '', '2016-08-29 10:47:43'),
	(43, 'consultation', 4, 24, 3, 'uploading', '', '2016-09-01 13:26:51'),
	(44, 'consultation', 4, 24, 3, 'uploading images', '', '2016-09-01 18:25:33'),
	(45, 'consultation', 4, 24, 3, 'uploading 2', '', '2016-09-01 18:27:31'),
	(46, 'consultation', 4, 24, 3, 'test3', '', '2016-09-02 09:56:42'),
	(47, 'consultation', 4, 24, 3, 'update', '', '2016-09-02 11:41:41'),
	(48, 'appeal', 10, 34, 25, 'hello', '', '2016-09-07 11:22:10'),
	(49, 'consultation', 22, 34, 25, 'hello', '', '2016-09-07 11:26:00'),
	(50, 'consultation', 15, 34, 25, 'hello', '', '2016-09-07 11:58:33'),
	(51, 'consultation', 15, 34, 25, 'with img', '', '2016-09-07 11:58:52'),
	(52, 'consultation', 22, 34, 25, 'with text', '', '2016-09-07 12:12:28'),
	(53, 'consultation', 22, 34, 25, 'test from postman', '', '2016-09-07 12:21:37'),
	(54, 'consultation', 22, 34, 25, 'with', '', '2016-09-07 12:27:28'),
	(55, 'consultation', 22, 34, 25, 'img', '', '2016-09-07 12:27:42'),
	(56, 'consultation', 22, 34, 25, 'test', '', '2016-09-07 12:35:41'),
	(57, 'consultation', 23, 34, 25, 'test', '', '2016-09-07 12:41:35'),
	(58, 'consultation', 23, 34, 25, 'with img', '', '2016-09-07 12:41:50'),
	(59, 'consultation', 15, 34, 25, 'test', '', '2016-09-07 14:43:53'),
	(60, 'appeal', 21, 34, 25, 'test', '', '2016-09-07 14:45:49'),
	(61, 'consultation', 15, 24, 25, 'gall test', '', '2016-09-07 15:10:19'),
	(62, 'appeal', 3, 34, 3, 'cam', '', '2016-09-07 16:24:30'),
	(63, 'appeal', 21, 25, 25, 'hello', '', '2016-09-08 15:13:59'),
	(64, 'contract-writing', 9, 38, 25, 'tedt', '', '2016-09-08 15:56:48'),
	(65, 'contract-writing', 9, 25, 25, 'from lawm', '', '2016-09-08 15:57:32'),
	(66, 'appeal', 29, 38, 25, 'testing', '', '2016-09-08 16:10:35'),
	(67, 'consultation', 25, 25, 25, 'testing', '', '2016-09-08 16:34:55'),
	(68, 'consultation', 23, 34, 25, 'hello lawm', '', '2016-09-08 16:36:12'),
	(69, 'consultation', 25, 34, 25, 'multiple imgs', '', '2016-09-08 17:35:43'),
	(70, 'consultation', 25, 34, 25, 'testing audio', '', '2016-09-09 10:41:41'),
	(71, 'company', 16, 7, 38, 'opened for testing purpose and now closing it.', '', '2016-09-10 12:36:29'),
	(72, 'consultation', 20, 24, 25, 'test comment with attachment', '', '2016-09-10 13:05:41'),
	(73, 'consultation', 20, 24, 25, '2 attachments', '', '2016-09-10 13:07:11'),
	(74, 'consultation', 10, 24, 25, 'check', '', '2016-09-10 13:09:41'),
	(75, 'consultation', 10, 24, 25, 'photo', '', '2016-09-10 13:10:03'),
	(76, 'consultation', 29, 30, 25, 'PDF file uploaded', '', '2016-09-12 11:31:57'),
	(77, 'consultation', 29, 30, 25, 'record file', '', '2016-09-12 17:09:59'),
	(78, 'consultation', 29, 30, 25, 'uploading multiple files', '', '2016-09-12 17:10:54'),
	(79, 'consultation', 29, 30, 25, 'uploading', '', '2016-09-12 17:11:29'),
	(80, 'consultation', 29, 30, 25, 'testing', '', '2016-09-12 17:12:24'),
	(81, 'consultation', 29, 30, 25, 'testing again', '', '2016-09-12 17:24:05'),
	(82, 'company', 18, 30, 25, 'testing', '', '2016-09-12 17:54:46'),
	(83, 'company', 18, 30, 25, 'uploading', '', '2016-09-12 17:57:00'),
	(84, 'consultation', 31, 25, 25, 'Test comments', '', '2016-09-16 10:35:41'),
	(85, 'contract-writing', 8, 25, 25, 'test', '', '2016-09-21 17:09:40'),
	(86, 'contract-writing', 9, 25, 25, 'check', '', '2016-09-21 17:10:18'),
	(87, 'contract-writing', 5, 25, 25, 'testing', '', '2016-09-21 17:10:51'),
	(88, 'contract-writing', 7, 25, 25, 'fgghhg', '', '2016-09-21 17:12:44'),
	(89, 'company', 15, 25, 25, 'ccgg', '', '2016-09-21 17:13:37'),
	(90, 'appeal', 23, 25, 25, 'fggg', '', '2016-09-21 17:14:23'),
	(91, 'consultation', 44, 6, 7, 'Done\r\n', '', '2016-09-26 13:23:28'),
	(92, 'consultation', 21, 1, 5, 'what is this', '', '2016-09-29 21:51:40'),
	(93, 'consultation', 39, 25, 25, 'comment testing', '', '2016-10-03 10:47:03'),
	(94, 'consultation', 39, 25, 25, 'posting comment with one attachment', '', '2016-10-03 10:49:18'),
	(95, 'consultation', 41, 25, 25, 'checking', '', '2016-10-04 12:35:27'),
	(96, 'consultation', 21, 5, 1, 'We should be able to click an go to open the discussion. ', '', '2016-10-04 21:43:35'),
	(97, 'consultation', 46, 5, 51, 'Test', '', '2016-10-04 22:08:34'),
	(98, 'appeal', 35, 30, 25, 'testing', '', '2016-10-05 13:06:38'),
	(99, 'appeal', 35, 30, 25, 'testing', '', '2016-10-05 13:07:08'),
	(100, 'appeal', 35, 30, 25, 'Notably, England, the mother of the?common law?jurisdictions, emerged from the?Dark Ages?with similar complexity in its legal professions, but then evolved by the 19th century to a single dichotomy between?barristers?and?solicitors. An equivalent dichotomy developed between advocates and procurators in some civil law countries; these two types did not always monopolize the practice of law, in that they coexisted with civil law notaries.', '', '2016-10-05 15:03:16'),
	(101, 'appeal', 35, 30, 25, '?????????', '', '2016-10-05 17:09:24'),
	(102, 'consultation', 55, 6, 25, 'Add your comment to check number of messages exchanged.', '', '2016-10-08 12:06:57'),
	(103, 'consultation', 55, 6, 25, 'second message for communication.', '', '2016-10-08 12:07:13'),
	(104, 'company', 33, 6, 15, 'Ganga, let us test various scenarions.', '', '2016-10-08 13:15:45'),
	(105, 'consultation', 47, 4, 3, 'testing', '', '2016-10-12 23:59:28'),
	(106, 'consultation', 45, 15, 15, 'As', '', '2016-10-13 01:24:54'),
	(107, 'consultation', 55, 25, 25, 'bznzj', '', '2016-10-14 12:18:52'),
	(108, 'consultation', 61, 5, 1, 'There is no subject and content ???? ', '', '2016-10-15 20:46:30'),
	(109, 'consultation', 61, 1, 5, 'I have to refresh the page every time !! to see the updates', '', '2016-10-15 20:48:10'),
	(110, 'consultation', 38, 52, 52, 'There is no subject', '', '2016-10-15 21:14:04'),
	(111, 'consultation', 62, 52, 52, 'Yes I can see it', '', '2016-10-15 22:06:23'),
	(112, 'consultation', 47, 4, 3, 'this for testing ', '', '2016-10-15 23:21:03'),
	(113, 'consultation', 47, 3, 4, 'We should distinguish between the lawyer and the user while replying to the case.', '', '2016-10-15 23:22:24'),
	(114, 'consultation', 47, 4, 3, 'We should distinguish between the lawyer and the user while replying to the case.', '', '2016-10-15 23:23:45'),
	(115, 'consultation', 45, 15, 15, 'HI', '', '2016-10-18 22:17:55'),
	(116, 'consultation', 37, 15, 15, 'Hai', '', '2016-10-19 19:13:01'),
	(117, 'consultation', 63, 15, 15, 'Aa', '', '2016-10-20 12:04:32'),
	(118, 'consultation', 63, 15, 15, 'hai', '', '2016-10-22 14:38:59'),
	(119, 'consultation', 62, 52, 52, 'Yes', '', '2016-10-28 04:30:55'),
	(120, 'consultation', 70, 59, 1, 'وعليكم السلام ', '', '2016-11-01 21:12:50'),
	(121, 'consultation', 69, 40, 55, 'hai', '', '2016-11-16 13:48:49'),
	(122, 'company', 34, 52, 52, 'Required for case', '', '2016-11-20 11:48:39'),
	(123, 'consultation', 75, 66, 65, 'hello.. test comments on case consultation', '', '2016-12-13 14:06:57'),
	(124, 'consultation', 75, 66, 65, 'this comment has an attachment', '', '2016-12-13 14:07:28'),
	(125, 'consultation', 75, 65, 66, 'thank you for your comments', '', '2016-12-13 15:41:31'),
	(126, 'company', 36, 65, 66, 'please comment something', '', '2016-12-13 15:43:36'),
	(127, 'consultation', 76, 67, 65, 'hi, accepted the case. ', '', '2016-12-16 13:45:37'),
	(128, 'consultation', 76, 65, 67, 'thank you..', '', '2016-12-16 13:47:14'),
	(129, 'consultation', 76, 67, 65, 'this is a sample comment', '', '2016-12-17 09:02:05'),
	(130, 'consultation', 76, 65, 67, 'this is a sample comment', '', '2016-12-17 12:29:17'),
	(131, 'consultation', 76, 67, 65, 'problem solved', '', '2017-01-03 18:15:20');
/*!40000 ALTER TABLE `conversation` ENABLE KEYS */;


-- Dumping structure for table lawmsac_lawyer.country
CREATE TABLE IF NOT EXISTS `country` (
  `id_country` int(11) NOT NULL AUTO_INCREMENT,
  `country_name` varchar(255) DEFAULT NULL,
  PRIMARY KEY (`id_country`)
) ENGINE=InnoDB AUTO_INCREMENT=2 DEFAULT CHARSET=latin1;

-- Dumping data for table lawmsac_lawyer.country: ~0 rows (approximately)
/*!40000 ALTER TABLE `country` DISABLE KEYS */;
INSERT INTO `country` (`id_country`, `country_name`) VALUES
	(1, 'Saudi Arabia');
/*!40000 ALTER TABLE `country` ENABLE KEYS */;


-- Dumping structure for table lawmsac_lawyer.forum
CREATE TABLE IF NOT EXISTS `forum` (
  `id_forum` int(11) NOT NULL AUTO_INCREMENT,
  `user_id` int(11) DEFAULT NULL,
  `title` varchar(500) CHARACTER SET utf8 DEFAULT NULL,
  `description` mediumtext CHARACTER SET utf8,
  `status` int(11) NOT NULL DEFAULT '0',
  `created_date_time` timestamp NOT NULL DEFAULT CURRENT_TIMESTAMP ON UPDATE CURRENT_TIMESTAMP,
  PRIMARY KEY (`id_forum`)
) ENGINE=InnoDB AUTO_INCREMENT=15 DEFAULT CHARSET=latin1;

-- Dumping data for table lawmsac_lawyer.forum: ~12 rows (approximately)
/*!40000 ALTER TABLE `forum` DISABLE KEYS */;
INSERT INTO `forum` (`id_forum`, `user_id`, `title`, `description`, `status`, `created_date_time`) VALUES
	(1, 0, 'Hi All to people in forum', 'Hi All, this is first message in the forum', 1, '2016-10-05 11:16:47'),
	(3, 0, 'Managing Director', '4th Sept 2016, test Message.', 1, '2016-09-10 11:58:15'),
	(4, 7, 'Managing Director', 'Test Message', 1, '2016-09-10 11:58:14'),
	(5, 3, 'fixing issues', 'this forum need approval from admin', 1, '2016-09-10 11:58:19'),
	(6, 2, 'admin forum', 'this forum from admin', 1, '2016-09-04 09:30:57'),
	(7, 2, 'forum from admin', 'this content about to testing forum from admin panel', 1, '2016-09-04 09:39:42'),
	(8, 3, 'Arabic fonts', 'وفي ناجي للمحاماة، لدينا خبرة واسعة في التعامل مع بعض من الأكثر نفوذا وأكبر الشركات العائلية في المملكة العربية السعودية. يركز خبراتنا أساسا على تعزيز الهيكل المؤسسي وقابلية التشغيل للشركات العائلية من خلال إدخال هيكلة الشركات الحديثة والحكم، وكذلك، وضمان استمرارية الأعمال.', 1, '2016-09-05 10:56:00'),
	(9, 5, 'Testing the forum', 'there is no attachments option available here.', 1, '2016-12-23 19:37:51'),
	(10, 3, 'title', 'testing', 1, '2016-10-17 22:28:47'),
	(11, 2, 'dr.ghost', 'dg ghost is here', 1, '2016-10-21 00:33:54'),
	(12, 2, 'Malli in Surya Nagar Park', 'Malli in Surya Nagar Park', 1, '2016-11-13 12:19:54'),
	(14, 67, 'Test message', 'Hi. This is a test message. Welcome to lawm forum ', 0, '2017-01-19 12:34:24');
/*!40000 ALTER TABLE `forum` ENABLE KEYS */;


-- Dumping structure for table lawmsac_lawyer.language
CREATE TABLE IF NOT EXISTS `language` (
  `id_language` int(11) NOT NULL AUTO_INCREMENT,
  `language` varchar(255) CHARACTER SET utf8 DEFAULT NULL,
  `status` tinyint(4) DEFAULT '1',
  PRIMARY KEY (`id_language`)
) ENGINE=MyISAM AUTO_INCREMENT=3 DEFAULT CHARSET=latin1;

-- Dumping data for table lawmsac_lawyer.language: 2 rows
/*!40000 ALTER TABLE `language` DISABLE KEYS */;
INSERT INTO `language` (`id_language`, `language`, `status`) VALUES
	(1, 'English', 1),
	(2, 'عربية', 1);
/*!40000 ALTER TABLE `language` ENABLE KEYS */;


-- Dumping structure for table lawmsac_lawyer.lawyer_amount
CREATE TABLE IF NOT EXISTS `lawyer_amount` (
  `id_lawyer_amount` int(11) NOT NULL AUTO_INCREMENT,
  `experience` int(11) NOT NULL,
  `lawyer_amount` float NOT NULL,
  PRIMARY KEY (`id_lawyer_amount`)
) ENGINE=MyISAM AUTO_INCREMENT=15 DEFAULT CHARSET=latin1;

-- Dumping data for table lawmsac_lawyer.lawyer_amount: 10 rows
/*!40000 ALTER TABLE `lawyer_amount` DISABLE KEYS */;
INSERT INTO `lawyer_amount` (`id_lawyer_amount`, `experience`, `lawyer_amount`) VALUES
	(7, 6, 2000),
	(8, 7, 2000),
	(5, 3, 1000),
	(6, 5, 2000),
	(9, 8, 2000),
	(10, 9, 2000),
	(11, 1, 1000),
	(12, 2, 1000),
	(13, 4, 1000),
	(14, 10, 2000);
/*!40000 ALTER TABLE `lawyer_amount` ENABLE KEYS */;


-- Dumping structure for table lawmsac_lawyer.menu
CREATE TABLE IF NOT EXISTS `menu` (
  `id_menu` int(11) NOT NULL AUTO_INCREMENT,
  `parent_id` int(11) NOT NULL DEFAULT '0',
  `order` int(11) DEFAULT NULL,
  `menu_status` tinyint(4) NOT NULL DEFAULT '1',
  PRIMARY KEY (`id_menu`)
) ENGINE=InnoDB AUTO_INCREMENT=40 DEFAULT CHARSET=latin1;

-- Dumping data for table lawmsac_lawyer.menu: ~5 rows (approximately)
/*!40000 ALTER TABLE `menu` DISABLE KEYS */;
INSERT INTO `menu` (`id_menu`, `parent_id`, `order`, `menu_status`) VALUES
	(34, 0, 1, 1),
	(35, 0, 2, 1),
	(37, 0, 4, 1),
	(38, 34, 1, 1),
	(39, 0, 3, 1);
/*!40000 ALTER TABLE `menu` ENABLE KEYS */;


-- Dumping structure for table lawmsac_lawyer.menu_data
CREATE TABLE IF NOT EXISTS `menu_data` (
  `id_menu_data` int(11) NOT NULL AUTO_INCREMENT,
  `menu_id` int(11) DEFAULT NULL,
  `language_id` int(11) DEFAULT NULL,
  `menu_title` varchar(255) CHARACTER SET utf8 DEFAULT NULL,
  `menu_link` varchar(225) DEFAULT NULL,
  PRIMARY KEY (`id_menu_data`)
) ENGINE=InnoDB AUTO_INCREMENT=37 DEFAULT CHARSET=latin1;

-- Dumping data for table lawmsac_lawyer.menu_data: ~18 rows (approximately)
/*!40000 ALTER TABLE `menu_data` DISABLE KEYS */;
INSERT INTO `menu_data` (`id_menu_data`, `menu_id`, `language_id`, `menu_title`, `menu_link`) VALUES
	(19, 34, 1, 'Our Practices', ''),
	(20, 34, 2, 'ممارساتنا', ''),
	(21, 35, 1, 'Our Sectors', ''),
	(22, 35, 2, 'قطاعاتنا', ''),
	(23, 36, 1, 'Our Firm', ''),
	(24, 36, 2, 'شركتنا', ''),
	(25, 37, 1, 'Contact Us', 'index.php/Welcome/contact'),
	(26, 37, 2, 'اتصل بنا', 'index.php/Welcome/contact'),
	(27, 38, 1, 'Consultation', 'index.php/Welcome/guestConsultation'),
	(28, 38, 2, 'تشاور', 'index.php/Welcome/guestConsultation'),
	(29, 39, 1, 'About Us', 'index.php/Welcome/aboutus'),
	(30, 39, 2, 'معلومات عنا', 'index.php/Welcome/aboutus'),
	(31, 38, 1, 'Establish a Company', 'index.php/Welcome/guestEstablishCompany'),
	(32, 38, 1, 'Appeal', 'index.php/Welcome/guestAppeal'),
	(33, 38, 1, 'Contract Writing', 'index.php/Welcome/guestContractWriting'),
	(34, 38, 2, 'تأسيس شركة', 'index.php/Welcome/guestEstablishCompany'),
	(35, 38, 2, 'مناشدة', 'index.php/Welcome/guestAppeal'),
	(36, 38, 2, 'الكتابة عقد', 'index.php/Welcome/guestContractWriting');
/*!40000 ALTER TABLE `menu_data` ENABLE KEYS */;


-- Dumping structure for table lawmsac_lawyer.oauth_access_tokens
CREATE TABLE IF NOT EXISTS `oauth_access_tokens` (
  `id` int(11) NOT NULL AUTO_INCREMENT,
  `access_token` text COLLATE utf8_unicode_ci,
  `session_id` int(10) unsigned NOT NULL,
  `expire_time` int(11) NOT NULL,
  `created_at` timestamp NOT NULL DEFAULT CURRENT_TIMESTAMP,
  `updated_at` timestamp NOT NULL DEFAULT '0000-00-00 00:00:00',
  PRIMARY KEY (`id`),
  UNIQUE KEY `oauth_access_tokens_id_session_id_unique` (`id`,`session_id`),
  KEY `oauth_access_tokens_session_id_index` (`session_id`)
) ENGINE=InnoDB AUTO_INCREMENT=1084 DEFAULT CHARSET=utf8 COLLATE=utf8_unicode_ci;

-- Dumping data for table lawmsac_lawyer.oauth_access_tokens: ~1,081 rows (approximately)
/*!40000 ALTER TABLE `oauth_access_tokens` DISABLE KEYS */;
INSERT INTO `oauth_access_tokens` (`id`, `access_token`, `session_id`, `expire_time`, `created_at`, `updated_at`) VALUES
	(1, 'JqeJes3lZ0BVrEP5qLDZC4DV9znIP29ebBYBjpxM', 1, 1460915707, '2016-04-16 23:25:07', '0000-00-00 00:00:00'),
	(2, 'Gn4E13rc9UkY2BeBSdhlGMqhYFVxaJOt3O5H3zyN', 2, 1460915930, '2016-04-16 23:28:50', '0000-00-00 00:00:00'),
	(3, 'rzlDhvLO5SSPQO37FdwWUWNunDOXp9BCQzGuLtwQ', 3, 1460955182, '2016-04-17 10:23:02', '0000-00-00 00:00:00'),
	(4, 'd4Wv1hOWG0RiB3gcPX2M7pdZJ8pr7E7WzFm3z4w2', 4, 1460955218, '2016-04-17 10:23:38', '0000-00-00 00:00:00'),
	(5, 'SvfC0oYacwEQuyZMC8OhL3pTqtUTggc9lSnpD53o', 5, 1460955237, '2016-04-17 10:23:57', '0000-00-00 00:00:00'),
	(6, 'ND1iKYYEEiAIpuIbyZZV358g6IHf0W68j8wqXuHt', 6, 1461258221, '2016-04-20 22:33:41', '0000-00-00 00:00:00'),
	(7, 'GlUc4UbPa0IS7M9KjF2LEmSNXqNKJXH87KE2feML', 7, 1461344002, '2016-04-21 22:23:22', '0000-00-00 00:00:00'),
	(8, 'vW416ApRtTdk0iwi2LRXFynGww1pogEHYJTlo9Bx', 8, 1461345509, '2016-04-21 22:48:29', '0000-00-00 00:00:00'),
	(9, 'nSUryc47oOZKD8G4lBkxy7okyzItAnh2wcujcw9a', 9, 1461345697, '2016-04-21 22:51:37', '0000-00-00 00:00:00'),
	(10, 'EX0EOkajPvrKAlBpoMgg1pd7JJGTUjvqcsEX7dl9', 10, 1461345719, '2016-04-21 22:51:59', '0000-00-00 00:00:00'),
	(11, 'IzfCIdEUkaj4Ikgol2xKxanrg3epVrl0zCmBu0bi', 11, 1461345750, '2016-04-21 22:52:30', '0000-00-00 00:00:00'),
	(12, 'rU24x2cTDfBwQncM0MfpBVeNcOXcWSaXR36g1W24', 12, 1462877566, '2016-05-09 16:22:46', '0000-00-00 00:00:00'),
	(13, 'n46OQpuQYmKJnWegtERib5FdusDiFWAbFeXlzQF0', 13, 1462881548, '2016-05-09 17:29:08', '0000-00-00 00:00:00'),
	(14, 'phnl1S8AYmPis7Nt1OjCfXFUZvoBIkvdT9WoUMJH', 14, 1462882142, '2016-05-09 17:39:02', '0000-00-00 00:00:00'),
	(15, 'banUjubm7Z8Dy9kHsq1EYcCHvgSqmeWtv5i1fLwK', 15, 1462882277, '2016-05-09 17:41:17', '0000-00-00 00:00:00'),
	(16, 'tuIjO3WcvApsyqkDZF6E3uhmEg7aAcVb2eVD0wJp', 16, 1462883042, '2016-05-09 17:54:02', '0000-00-00 00:00:00'),
	(17, 'Z0euVsEkVsYxlWLoHV6cZMjRJw6kY0KhOJrCdUc6', 17, 1463070276, '2016-05-11 21:54:36', '0000-00-00 00:00:00'),
	(18, '0DxBFBvRmmPAGaPmeTthS1LWfCIRosQhrJXeJeBm', 18, 1463116426, '2016-05-12 10:43:46', '0000-00-00 00:00:00'),
	(19, 'df9Xg4hphlo9kQQM0amtGU9aI82tapenicOiiDof', 19, 1463116777, '2016-05-12 10:49:37', '0000-00-00 00:00:00'),
	(20, 'OpewgyKyRYSVJhz72WDJsIyNexKNd3Fi5LAgdiLw', 20, 1463117079, '2016-05-12 10:54:39', '0000-00-00 00:00:00'),
	(21, '4B7hAoJYojTWfGUj4HljHnkcGPH2AQuvjmzTBCVn', 21, 1463117404, '2016-05-12 11:00:04', '0000-00-00 00:00:00'),
	(22, 'egr9zDeQdPTEjPURnP1l5j480KmqVQBg0pi8n6sh', 22, 1463119214, '2016-05-12 11:30:14', '0000-00-00 00:00:00'),
	(23, 'A7AVdzZdX8S5XbKl2DZA72Vjq13vm21cargCcDH5', 23, 1463123285, '2016-05-12 12:38:05', '0000-00-00 00:00:00'),
	(24, '0QyIw6PeVXKpS6jGC3DWmyWNexLp2TQxa3DBgz4d', 24, 1463141881, '2016-05-12 17:48:01', '0000-00-00 00:00:00'),
	(25, 'zN8WA1sMWtAJGIXpJABbpN23aHVUWB6N7usCh3AY', 25, 1463142137, '2016-05-12 17:52:17', '0000-00-00 00:00:00'),
	(26, 'KQ17mcJgadZpoj57TKNK3ejU4X1zrSF6zjrAZAe1', 26, 1463143042, '2016-05-12 18:07:22', '0000-00-00 00:00:00'),
	(27, '3UNF1hKQMVJ2AfTnFyxbf9BP8xNovCuVlVs4ZInb', 27, 1463143124, '2016-05-12 18:08:44', '0000-00-00 00:00:00'),
	(28, 'bEKxVI10Q5ZKVSu5vHfAwwmXMtay0P1iQQBsICf9', 28, 1463143226, '2016-05-12 18:10:26', '0000-00-00 00:00:00'),
	(29, 'yaK0abbedtouPFe7hhPnMJ75cf8rfy1E0VdPLnHX', 29, 1463143356, '2016-05-12 18:12:36', '0000-00-00 00:00:00'),
	(30, 'EimKiXgf2lkh6Vb3yyqFlw2gNCj1BigZwa8xZrAe', 30, 1463143556, '2016-05-12 18:15:56', '0000-00-00 00:00:00'),
	(31, '0BQvysQ5myWLBvOZX4rQXXdQiso1aom2gMQkAcoF', 31, 1463143705, '2016-05-12 18:18:25', '0000-00-00 00:00:00'),
	(32, '5lCG3KEJcu0LKbxE9IQCImLdPdAbZOMJ23Umbch8', 32, 1463143805, '2016-05-12 18:20:05', '0000-00-00 00:00:00'),
	(33, 'DfbAIFn0U7thJ40ik7VPoKQ0W8zg0lKxZKU5N591', 33, 1463143897, '2016-05-12 18:21:37', '0000-00-00 00:00:00'),
	(34, 'PEBlcFLQZnyql9KC4F1H22y8axVj5J6NNcoM9NM2', 34, 1463144078, '2016-05-12 18:24:38', '0000-00-00 00:00:00'),
	(35, 'GqiwACZ62MNrClHfGO7m76pmWd6rRNxhHhwJJWQb', 35, 1463144180, '2016-05-12 18:26:20', '0000-00-00 00:00:00'),
	(36, 'dwiHrSn5Cx8dKDLHkDyrpZagIzY8Pg6DlA9S13h0', 36, 1463144343, '2016-05-12 18:29:04', '0000-00-00 00:00:00'),
	(37, 'jKWew0xoOaWW9YkqhSF94yUFe9QmAZjvrQ6s4Mdx', 37, 1463144444, '2016-05-12 18:30:44', '0000-00-00 00:00:00'),
	(38, 'XSqWOGHj5gCD0JfVnVhcKEdG51bGk44hcU4AcMCs', 38, 1463144513, '2016-05-12 18:31:53', '0000-00-00 00:00:00'),
	(39, '9InuOlYccJLoguJSmSH0lCSrnkaByq2mbNKsWK3O', 39, 1463144613, '2016-05-12 18:33:33', '0000-00-00 00:00:00'),
	(40, 'zWh7nMm3DyuICMg3HwA4Is0O6SEpA8eD7zvz4S2R', 40, 1463144669, '2016-05-12 18:34:29', '0000-00-00 00:00:00'),
	(41, 'oFJrjluWu2KTUFY7d6JrhzhoOvBLsRNc3T4MaRiv', 41, 1463144752, '2016-05-12 18:35:52', '0000-00-00 00:00:00'),
	(42, 'vAgbFBQnphSDk9RzkcHHJecigUSnXAI7GaIzxlXS', 42, 1463144906, '2016-05-12 18:38:26', '0000-00-00 00:00:00'),
	(43, 'egECiHN04L5yfz0ISw1itxu5puip8V8XRKgIrYT8', 43, 1463145111, '2016-05-12 18:41:52', '0000-00-00 00:00:00'),
	(44, 'ZN9S4kuNv8hAT2ZlGag7QAWzrzv0eghIc4FEbIgQ', 44, 1463145200, '2016-05-12 18:43:20', '0000-00-00 00:00:00'),
	(45, 'TJxq0GJzXvl39L3B1PX2eMVPh4yNKumzt3QxAePz', 45, 1463145310, '2016-05-12 18:45:10', '0000-00-00 00:00:00'),
	(46, 'UhUB5vXDM5JP1hqBdWCNoCUKAxUNs0wWZabZ0BYk', 46, 1463145490, '2016-05-12 18:48:10', '0000-00-00 00:00:00'),
	(47, 'glcs2wOTrg3FOQM2s5nlyaiRpBJrcMTsimJzt0CP', 47, 1463145642, '2016-05-12 18:50:42', '0000-00-00 00:00:00'),
	(48, 'DNQedJk5V2PpN7chAF0KatzZXnoX7TweVP7dzDkV', 48, 1463197834, '2016-05-13 09:20:34', '0000-00-00 00:00:00'),
	(49, 'BMCyrNpVQ6SRS9YfM2K9XgNs4iPPt6wJKV7E3Dhu', 49, 1463197931, '2016-05-13 09:22:11', '0000-00-00 00:00:00'),
	(50, 'fqNaBK0eQPREhUE2ZzGRXKsj16rQtupF5mXD2YBB', 50, 1463198142, '2016-05-13 09:25:42', '0000-00-00 00:00:00'),
	(51, 'ArHZpzR41bmkXNbkEb5suztSMPyyspcslTg6rZ6V', 51, 1463198292, '2016-05-13 09:28:12', '0000-00-00 00:00:00'),
	(52, 'o1VMLSfnyYcKGbIrWBp9FQKqxVaI1lufyIo6nxzB', 52, 1463198411, '2016-05-13 09:30:11', '0000-00-00 00:00:00'),
	(53, 'TGxF5XNRhgaDqSFnjQeAURgK6eHdb9tPlp627VIJ', 53, 1463198557, '2016-05-13 09:32:37', '0000-00-00 00:00:00'),
	(54, 'oHL60Xy0mr4oMAnQihER9mFZlULd6eCC9i5xYyKf', 54, 1463199371, '2016-05-13 09:46:11', '0000-00-00 00:00:00'),
	(55, '2BXnchav5p8meo2WCSJC6ayTFcrLFp6Lmb5SIhMw', 55, 1463201086, '2016-05-13 10:14:47', '0000-00-00 00:00:00'),
	(56, 'hbJhmD1gqwizQwSghAcYKiaiOljE2E0htdQtupAS', 56, 1463201252, '2016-05-13 10:17:32', '0000-00-00 00:00:00'),
	(57, '0tGPd9Fa1zLh8THO1BhKDHEg7eODK4T389XZtwYP', 57, 1463203414, '2016-05-13 10:53:34', '0000-00-00 00:00:00'),
	(58, 'aJXMCeWGnSL65LJ2tF7KY79mw8bfUZ63Blt2f56f', 58, 1463204109, '2016-05-13 11:05:09', '0000-00-00 00:00:00'),
	(59, 'PrUnAK9RhsX6xbeRjMbjoRZtsIAnfXFrrfbLNrTp', 59, 1463206867, '2016-05-13 11:51:07', '0000-00-00 00:00:00'),
	(60, '4PIbvUO1G07dooZVLq1L3vmHGYsxfvO6DxJj5UAb', 60, 1463215794, '2016-05-13 14:19:57', '0000-00-00 00:00:00'),
	(61, 'ytP3lhFnGbAxQvndwERxxE95F8D8Phrg7OlWCzVe', 61, 1463216445, '2016-05-13 14:30:45', '0000-00-00 00:00:00'),
	(62, 'mJWKLEHVhkTUKY0gVaE5GS6tpsKXtqvumeMM54KT', 62, 1463216708, '2016-05-13 14:35:08', '0000-00-00 00:00:00'),
	(63, 'oRlRavys5l0Exh8gyexQg0jv2yeuLZR52PdIHQpR', 63, 1463311382, '2016-05-14 16:53:02', '0000-00-00 00:00:00'),
	(64, 'iBbaHSK0r3NwikDCQsoGbErNt2dvlbF4qpnZOtaH', 64, 1463321339, '2016-05-14 19:38:59', '0000-00-00 00:00:00'),
	(65, 'ICoe5j3xLS8upYDZ70Tx7vApopYwx2JltvKkkGCC', 65, 1463323311, '2016-05-14 20:11:52', '0000-00-00 00:00:00'),
	(66, 'j5fwyxiZ61a9LNdTSJaX1F5DPy4195dJ1fTtPRG1', 66, 1463323313, '2016-05-14 20:11:53', '0000-00-00 00:00:00'),
	(67, 'k0DtcNDFAuJ1o3IhgorSI0RM2IJ5tvwWlw4A5EOG', 67, 1463323949, '2016-05-14 20:22:29', '0000-00-00 00:00:00'),
	(68, 'vE6jfPkXeu3ia2XCblTMQtj5XrZgY1a0CkyBOiix', 68, 1463324096, '2016-05-14 20:24:56', '0000-00-00 00:00:00'),
	(69, 'fBmEnQB6l8n7dhi0uxICUib6VrqEWMMxvy1FPpR8', 69, 1463324122, '2016-05-14 20:25:22', '0000-00-00 00:00:00'),
	(70, 'geeBvQLGU2zU86dILNEo3VCaQ0wsqlYzgrWprRrM', 70, 1463324568, '2016-05-14 20:32:48', '0000-00-00 00:00:00'),
	(71, 'T0EFHhTpkgxETwXm9IcxsRkwGQAYmuQHn9S1WHrJ', 71, 1463324587, '2016-05-14 20:33:07', '0000-00-00 00:00:00'),
	(72, 'K4gX4pf1metsRJb7W809rvvxPondtdofCtW4akj6', 72, 1463324939, '2016-05-14 20:38:59', '0000-00-00 00:00:00'),
	(73, 'X9yQQSpUo4HQ4Ak9jezobKTxSwOwHG2qGMg3uZSZ', 73, 1463325814, '2016-05-14 20:53:34', '0000-00-00 00:00:00'),
	(74, 'cW7705ULXHQAx2pIUyQPUsqIrVpLLP15hS1nuK72', 74, 1463460714, '2016-05-16 10:21:54', '0000-00-00 00:00:00'),
	(75, 'vvbKYbDlBS9JCVK2bXG9xVSiTYhz2fWZD3osOlem', 75, 1463461298, '2016-05-16 10:31:38', '0000-00-00 00:00:00'),
	(76, 'FEnEXaI0wV7vkStG2uI6Yqv8sytdzttlOd0y44HW', 76, 1463461514, '2016-05-16 10:35:14', '0000-00-00 00:00:00'),
	(77, 'sblMpI3iDjSAAsSqqWtqqlMijBRtGetHUcpnmEBB', 77, 1463469655, '2016-05-16 12:50:58', '0000-00-00 00:00:00'),
	(78, 'BNK0f984zyEdAO0ABoChKsMoZOIhZxdsnRnnIjcN', 78, 1463503904, '2016-05-16 22:21:44', '0000-00-00 00:00:00'),
	(79, 'XCHzS0ISjQcxk4YIdELcyxFN0O9wrVym5QmL647I', 79, 1463543563, '2016-05-17 09:22:43', '0000-00-00 00:00:00'),
	(80, 'm1r7Qn6MrRa8pyGHGaW2euKpHj6iNMRHMyaznQt8', 80, 1463543563, '2016-05-17 09:22:43', '0000-00-00 00:00:00'),
	(81, 'SZKkpMUGCep6TvHcRFIBgS9AEgwX1Nx2WThbZ99i', 81, 1463543582, '2016-05-17 09:23:02', '0000-00-00 00:00:00'),
	(82, 'CuFJ9vPIMmAFWZCRxGi8eHNlq8M9IJPN7nRB1hRH', 82, 1463547249, '2016-05-17 10:24:09', '0000-00-00 00:00:00'),
	(83, 'EAzjohtTgtKgeMi8zWocCBnJ5oLhCbVKbzHW48MD', 83, 1463549724, '2016-05-17 11:05:25', '0000-00-00 00:00:00'),
	(84, 'UcPyfS2WDpUCLK4FOi9Vm0GDUmpjUNYdMW9i7upj', 84, 1463549736, '2016-05-17 11:05:36', '0000-00-00 00:00:00'),
	(85, 'FnAjhVDIXTgHmk3KRvCTjy3cPsBSrUNbiYZdqUS0', 85, 1464433482, '2016-05-27 16:34:42', '0000-00-00 00:00:00'),
	(86, 'vZCYRNiw8bHv9jj8CvWtIeS5a5V8fnW3WSA71rtk', 86, 1464433502, '2016-05-27 16:35:02', '0000-00-00 00:00:00'),
	(87, 'euXCbCGdmESrqhMcgzKpG2ePxCPS1tQ6VPb9wmFP', 87, 1464702543, '2016-05-30 19:19:04', '0000-00-00 00:00:00'),
	(88, 'cT97vFmn84c48WsAA5n0VxqhlcjFn7Zil1lZQcC3', 88, 1464704979, '2016-05-30 19:59:39', '0000-00-00 00:00:00'),
	(89, '7IvrhZJUIRJrIy6jaeCCWtI2tWifwUxdCZPhVrNf', 89, 1464706497, '2016-05-30 20:24:57', '0000-00-00 00:00:00'),
	(90, 'UwWzTweKD2USfPqP9XqMOjWtGfK1nTJSQU23YZPg', 90, 1464756142, '2016-05-31 10:12:22', '0000-00-00 00:00:00'),
	(91, 'PHgLrmUBVReFehMLqus7n77vK11NlkJPhLozep8e', 91, 1464892149, '2016-06-01 23:59:09', '0000-00-00 00:00:00'),
	(92, '7FBE38wI5oDZ1xyWyF9unoCMhmYkpewUXSkvcaJ3', 92, 1464892254, '2016-06-02 00:00:54', '0000-00-00 00:00:00'),
	(93, 'pmdXrCf1ABIwMlCsnVwNy7sFOGsCDueEttS9qSr4', 93, 1464893373, '2016-06-02 00:19:33', '0000-00-00 00:00:00'),
	(94, 'sCuvkeo57FeVOs3lWCNIDeDNZFLuT38YaZeSfPjP', 94, 1464893379, '2016-06-02 00:19:39', '0000-00-00 00:00:00'),
	(95, 'WM3rD6Vos6XWurrVALsBVeq5Y3YLyge7VNA042ME', 95, 1464894464, '2016-06-02 00:37:44', '0000-00-00 00:00:00'),
	(96, 'ymGPpz9cGC0tcxm4jSYNWGarC4XhK85ukd4Mv2FX', 96, 1464894713, '2016-06-02 00:41:53', '0000-00-00 00:00:00'),
	(97, 'NkDjeMHZVfGt3Owvg1OgGiibDsswckKCCHezvuni', 97, 1464894873, '2016-06-02 00:44:33', '0000-00-00 00:00:00'),
	(98, 'dhe57PbksqAKOnJWWrcHqJ9F4ExzeJMSIH0FiQSB', 98, 1464895358, '2016-06-02 00:52:38', '0000-00-00 00:00:00'),
	(99, 'FUcVajchy70bFUGWHZ1PEA5Pypv7ZMoAyG8irDDh', 99, 1464895467, '2016-06-02 00:54:27', '0000-00-00 00:00:00'),
	(100, 'z4ZnpcDXIiIj4jpuPwJCKyVWOp0DNW3li7krOIMD', 100, 1464895710, '2016-06-02 00:58:30', '0000-00-00 00:00:00'),
	(101, 'Z11O35jSQzjYo0kHL9Fxp5AlUchYaJgxFGwofvIt', 101, 1464895943, '2016-06-02 01:02:23', '0000-00-00 00:00:00'),
	(102, 'gRPvJCNOgA9ByHQ8K8M9RFCu9GTyTLzh0hQQoPr8', 102, 1464896105, '2016-06-02 01:05:05', '0000-00-00 00:00:00'),
	(103, 'i1YvwnXjZeMWapan2W3Rts1eOXB7PaasPkT0ItzN', 103, 1464896221, '2016-06-02 01:07:01', '0000-00-00 00:00:00'),
	(104, 'IYVgc100rR4PehUwPlGVx2pulyBSzdmmBcjylL3h', 104, 1464896367, '2016-06-02 01:09:27', '0000-00-00 00:00:00'),
	(105, 'W3AJdmIlx9Kg2bNZIezEbQrtsNUdQHofkiOCDdA0', 105, 1464896599, '2016-06-02 01:13:19', '0000-00-00 00:00:00'),
	(106, 'GWiJ0LI1emMJx0pFsm0x0UBzimYEruSuZHh7TNA3', 106, 1464896747, '2016-06-02 01:15:49', '0000-00-00 00:00:00'),
	(107, '1p2Mw2q1FB80GV8SuBRA91QGbl9BJcY1AqRZ6akY', 107, 1464896827, '2016-06-02 01:17:07', '0000-00-00 00:00:00'),
	(108, 'cUIHmKdMzUwqkr8KxNvWETbwd2bkmpU48m6iMXDE', 108, 1464896951, '2016-06-02 01:19:11', '0000-00-00 00:00:00'),
	(109, 'vodOfV9Yn8P0NG7c6sg24pbwOLu1Lm1WuS2XcZlK', 109, 1464896993, '2016-06-02 01:19:53', '0000-00-00 00:00:00'),
	(110, 'PJkk18ByEzaBRsTNsXGDW1vJ4Nnzp0npPuv5CJ6p', 110, 1464897190, '2016-06-02 01:23:10', '0000-00-00 00:00:00'),
	(111, 'Fgbt7erwtPjCx0DOvX8FG60J7BqMgbhKCgmX9c8W', 111, 1464897211, '2016-06-02 01:23:31', '0000-00-00 00:00:00'),
	(112, 'cVthh5bRsvKPEjjSfiWLTNzLrPBilf9Jk8LG2fQ5', 112, 1464897602, '2016-06-02 01:30:02', '0000-00-00 00:00:00'),
	(113, '4hq3UuzwAyOUeIDLU1Lj23nH6yNisLqF8CMu9H28', 113, 1464897711, '2016-06-02 01:31:51', '0000-00-00 00:00:00'),
	(114, 'DIibWuvyI8FoAXLiYNviYaPnGuf7kOUzIfvVHvEA', 114, 1464899015, '2016-06-02 01:53:35', '0000-00-00 00:00:00'),
	(115, 'jG3qgGBV85qA2ipKC9i3o82HmWZRPlf8b8btNrdP', 115, 1464899075, '2016-06-02 01:54:35', '0000-00-00 00:00:00'),
	(116, 'fpEeTIKIP7jacH9EYNExuPjSs2XHJysCdPW69tvV', 116, 1464899260, '2016-06-02 01:57:40', '0000-00-00 00:00:00'),
	(117, 'QKZhV1DEwa149suBHrQmqRLG2rPkvZzlQcShFCm9', 117, 1464899579, '2016-06-02 02:02:59', '0000-00-00 00:00:00'),
	(118, 'yjwvPetvxx5RMzy7CCvTgbI0fZH7IIyvzqfVSlR3', 118, 1464899753, '2016-06-02 02:05:53', '0000-00-00 00:00:00'),
	(119, 'VpOJmY7CdP2U1j6uCXsUKRpwaTFLgO1ZSG7yeyEV', 119, 1464899826, '2016-06-02 02:07:06', '0000-00-00 00:00:00'),
	(120, '0lmm6kOOT9lVTGt69K9VdkLmJuLfijaQOm4PZ4hn', 120, 1464975017, '2016-06-02 23:00:17', '0000-00-00 00:00:00'),
	(121, 'rktecw82MBWTAPrfUgBb1Za7CSqVjQmmOFuFpTmf', 121, 1464976068, '2016-06-02 23:17:48', '0000-00-00 00:00:00'),
	(122, 'xfwbkirKbS0WEse0n5AIelu6pvh1vJZhCea3JCq7', 122, 1464976150, '2016-06-02 23:19:10', '0000-00-00 00:00:00'),
	(123, '3P9heQJWtlCx5hpodTjElad9l8quktRyIQeuELMv', 123, 1464976460, '2016-06-02 23:24:20', '0000-00-00 00:00:00'),
	(124, 'WJgYMVkvKjPUey3vOCGxRGlEdUV8pXCJxxLRsckq', 124, 1464976757, '2016-06-02 23:29:17', '0000-00-00 00:00:00'),
	(125, 'hxp2hAYwxRmKgVqINb6Da5CO6TFIFBC15j0j5cdW', 125, 1464978015, '2016-06-02 23:50:15', '0000-00-00 00:00:00'),
	(126, 'PfT9pi6x2AoXsarafR0yzpzrmHLzdLIOGF4HWm4z', 126, 1464978133, '2016-06-02 23:52:13', '0000-00-00 00:00:00'),
	(127, 'l4l3YuxTytJ2f8orR00WGVTDq64EgnwINuOlrCY7', 127, 1464978217, '2016-06-02 23:53:37', '0000-00-00 00:00:00'),
	(128, 'hab7lh6UbZUwk7ZiC6W9WA29yPBwxpLSTdZvPwxw', 128, 1464978242, '2016-06-02 23:54:02', '0000-00-00 00:00:00'),
	(129, 'iyUmlyt3NH4YYSqXTvDnbKCoLDfuZjLGOsimGm28', 129, 1464978485, '2016-06-02 23:58:05', '0000-00-00 00:00:00'),
	(130, 'zxRRoNyQvq6IyCTQ9tkpXQDrAQDWP6d7buaILhmt', 130, 1464978881, '2016-06-03 00:04:41', '0000-00-00 00:00:00'),
	(131, '0q5wGQwdHIAGfJST66zJUi1oomeG8nqjXa91uGYx', 131, 1464979610, '2016-06-03 00:16:50', '0000-00-00 00:00:00'),
	(132, '5ryvva1tab9uR1OC3rnGo4ckM4JSqM0dJXaTjUn4', 132, 1464980144, '2016-06-03 00:25:44', '0000-00-00 00:00:00'),
	(133, 'k7Syx12bkpRrjpNCeJmMJ05FG46AuTyobTLDJ6Ck', 133, 1464981118, '2016-06-03 00:41:58', '0000-00-00 00:00:00'),
	(134, 'eCc3Qqf8rOEkE5UavDEKiwWAAgXNjLR5kFGfmKS8', 134, 1464981187, '2016-06-03 00:43:07', '0000-00-00 00:00:00'),
	(135, 'B4EAVHkoLgdl7JIMUeRXnRSnerTGkokteqb6tzQD', 135, 1464981231, '2016-06-03 00:43:51', '0000-00-00 00:00:00'),
	(136, 'kkfd7w7SA43PThzSzVocvCHMmLomLlJ31DsjeMig', 136, 1464981294, '2016-06-03 00:44:54', '0000-00-00 00:00:00'),
	(137, 'PbxL5hzFzyTql8dQjyxE5npxAyIjuN5R436EBvnw', 137, 1465102882, '2016-06-04 10:31:22', '0000-00-00 00:00:00'),
	(138, 'VRsZZ0lRJ1AbQrtlRbP5FIU810diajTRVLR4MCaa', 138, 1465180544, '2016-06-05 08:05:44', '0000-00-00 00:00:00'),
	(139, 'e4aptdoXgpBmCl2xQOQ4wawrPb6eCBk27ik3iIva', 139, 1465181022, '2016-06-05 08:13:42', '0000-00-00 00:00:00'),
	(140, 'j3hyIImqOLR4mKPTF1gdneRikaGCwnU6csJBwIyK', 140, 1465181082, '2016-06-05 08:14:42', '0000-00-00 00:00:00'),
	(141, 'r8NoBZGL0pH2CHa2cBZPw9BsCqSKe81lgx7n6AVl', 141, 1465181548, '2016-06-05 08:22:28', '0000-00-00 00:00:00'),
	(142, '85OG6dVvcS9gaC0KDZbmXIzQZLrfkNDnKYBRsudt', 142, 1465183502, '2016-06-05 08:55:02', '0000-00-00 00:00:00'),
	(143, 'aoMCgrqe71SXGT6B7hfaSb2hBHTmVW5cZ3HPf2kZ', 143, 1465184370, '2016-06-05 09:09:30', '0000-00-00 00:00:00'),
	(144, 'jm6ocjUym7vSVwwvwZvj3fyTLkDTT459x9hWvqTT', 144, 1465184623, '2016-06-05 09:13:43', '0000-00-00 00:00:00'),
	(145, '5jPWgp3xsArGssxvCiC9tbeSOgk1CnHe8GFFn8Pi', 145, 1465185891, '2016-06-05 09:34:51', '0000-00-00 00:00:00'),
	(146, 'e4gZa3GEc4TEByK8VxlQCoWEAt55RzMgyYkPU8rc', 146, 1465186336, '2016-06-05 09:42:16', '0000-00-00 00:00:00'),
	(147, 'yrbwBN9iVGMdBrhcD3qI4CA1p9xP1iFmGQXSxr3c', 147, 1465187414, '2016-06-05 10:00:14', '0000-00-00 00:00:00'),
	(148, '32FcYSAL7Auhm65PN0hLqr0NrIIXf0b2QgqZZj0m', 148, 1465187892, '2016-06-05 10:08:12', '0000-00-00 00:00:00'),
	(149, 'bLY49o5b89vjL0LXjki5u7mWnTLeo58EkJ6ZLrBU', 149, 1465188179, '2016-06-05 10:12:59', '0000-00-00 00:00:00'),
	(150, 'I8NxudZ3HI0rLAW0YjkGK2Fp39wEok9u198WfxhU', 150, 1465188813, '2016-06-05 10:23:33', '0000-00-00 00:00:00'),
	(151, 'BHqik3MNepSQCGz1eZuncu5MXOfb0IPnXeRikjtH', 151, 1465198290, '2016-06-05 13:01:30', '0000-00-00 00:00:00'),
	(152, '2e722mTHmTiaxWfwUM7yigWoTeS1h2oQcSMhJKQP', 152, 1465224044, '2016-06-05 20:10:44', '0000-00-00 00:00:00'),
	(153, 'iUHjzw9UIM45YAwsPHTq30Q8hH548I9cPs1Fq1sF', 153, 1465224269, '2016-06-05 20:14:29', '0000-00-00 00:00:00'),
	(154, '076fUvLFwsnUQjG05H14ik8xnwdCbuW77EeNGDXj', 154, 1465227309, '2016-06-05 21:05:09', '0000-00-00 00:00:00'),
	(155, 'TYV0yyj3XIYrsuF4immCpeF5I9cHefeTnatrB0Ol', 155, 1465227434, '2016-06-05 21:07:14', '0000-00-00 00:00:00'),
	(156, 'dFB6WBIyEwuH31nL5QnuHcYdiCO3nxLQrRKNn28k', 156, 1465228071, '2016-06-05 21:17:51', '0000-00-00 00:00:00'),
	(157, 'CpuuyYjghehu0soYHcWU7flPxLgFG9cE4WMu4CBf', 157, 1465228438, '2016-06-05 21:23:58', '0000-00-00 00:00:00'),
	(158, 'sO1WvUBTptRwIr6ilk4lkwxr0mWcfrcA0OqbPc4O', 158, 1465365524, '2016-06-07 11:28:45', '0000-00-00 00:00:00'),
	(159, 'xXwszAbUNN6Otnm8eG2ExaiBG6DtqFeZZhewdsNX', 159, 1465463562, '2016-06-08 14:42:42', '0000-00-00 00:00:00'),
	(160, 'SHohG8MAPvDwFebyu5dwE0oYvsL8GeM3Q38TNi2E', 160, 1465466971, '2016-06-08 15:39:31', '0000-00-00 00:00:00'),
	(161, 'OACB1L0KDurCic38ywnreWzZPvLd25ayDex6nsld', 161, 1465467802, '2016-06-08 15:53:22', '0000-00-00 00:00:00'),
	(162, 'uzbSFBFEeOUoyrssubdILJZrpKdyft96e8CteS7N', 162, 1465540410, '2016-06-09 12:03:30', '0000-00-00 00:00:00'),
	(163, 'zBI4Fh9XyDSius78oRCrDQPl3kBcEsxhMjWwkDwY', 163, 1465540502, '2016-06-09 12:05:02', '0000-00-00 00:00:00'),
	(164, 'Oy8q9UYfLFTrJqKUbdYHJKOBL48umO7W0lZ1dZvE', 164, 1465540697, '2016-06-09 12:08:17', '0000-00-00 00:00:00'),
	(165, 'luWe3Q62FnMUj4DGgbnvcvyElfDzEIsvzrb9kcU1', 165, 1465541156, '2016-06-09 12:15:56', '0000-00-00 00:00:00'),
	(166, 'QqzGgVy1JIOWXi8WDXPzrMp1rgWY1kDMed77Wtn6', 166, 1465623596, '2016-06-10 11:09:56', '0000-00-00 00:00:00'),
	(167, 'NLlsil9WIdOdxjpARNSCO7aSijKIbwS8eDhu4HUU', 167, 1465623764, '2016-06-10 11:12:44', '0000-00-00 00:00:00'),
	(168, 'Ia3H7iNTkdzd9UdtekK90rHcwRrXOYWcqCaqu9KU', 168, 1465653217, '2016-06-10 19:23:37', '0000-00-00 00:00:00'),
	(169, 'NwOwwjg7DwLGN252S7xIuGYWn4O1OV2JiYxtGKgQ', 169, 1465655104, '2016-06-10 19:55:05', '0000-00-00 00:00:00'),
	(170, 'eUCCYRmcFDbtnh275PUTVdbvlmjRIFySjth6BkBL', 170, 1465655857, '2016-06-10 20:07:37', '0000-00-00 00:00:00'),
	(171, '3pAT1RlLivhMvtOWaevXx25yn0Bp8RM1dslwa2ss', 171, 1465658071, '2016-06-10 20:44:31', '0000-00-00 00:00:00'),
	(172, '9WmbYqdMEZnCSM7NAHsdaUciKFvEGZZV0mPosD4z', 172, 1465658126, '2016-06-10 20:45:26', '0000-00-00 00:00:00'),
	(173, 'okn9TNJyTtJoMfzxh10idItIpDA0VT5f61WvRwAc', 173, 1465658925, '2016-06-10 20:58:45', '0000-00-00 00:00:00'),
	(174, 'G3CAPfZbmmlElMYuCZhXmyBegY6y21wCGsN8jawb', 174, 1465659261, '2016-06-10 21:04:21', '0000-00-00 00:00:00'),
	(175, 'oRmwP0znaQ1U1t7e2g3dMw3plSZmwqtzROdj31g1', 175, 1465659352, '2016-06-10 21:05:52', '0000-00-00 00:00:00'),
	(176, 'DbhcEGHWkBQtZ7szorOX9kZW7ZUgaqbUH93SU6Z9', 176, 1465659485, '2016-06-10 21:08:05', '0000-00-00 00:00:00'),
	(177, 'AS4NwFehhJZWAFcrzTZppwW6fQB0fJvLdMtG8eT4', 177, 1465659654, '2016-06-10 21:10:54', '0000-00-00 00:00:00'),
	(178, 'baSxh9A0ej5AZfWHx0R79ydty5hDfLueyWBJ2CGZ', 178, 1465659737, '2016-06-10 21:12:17', '0000-00-00 00:00:00'),
	(179, 'Y0HeArQy23WvbJhGHmzDQcM1HraczhGt8Hp6cyYZ', 179, 1465712864, '2016-06-11 11:57:44', '0000-00-00 00:00:00'),
	(180, 'wjiry7rFZ5ng6Z7F2Y9btFPO4MID2sqL8crECFXv', 180, 1465717126, '2016-06-11 13:08:46', '0000-00-00 00:00:00'),
	(181, 'R5DHr1mJlQ6GcC6TUHqoQgpIau26cDWH045WMgM1', 181, 1465718369, '2016-06-11 13:29:29', '0000-00-00 00:00:00'),
	(182, 'dYQs5wHxkPAiW1f14WCHAgoALrhuC6KO81WppMyw', 182, 1465718458, '2016-06-11 13:30:58', '0000-00-00 00:00:00'),
	(183, '8QsTcpRFBVdKnxIbSah8wSK3C5v3EHjvBRbwVk9u', 183, 1465718663, '2016-06-11 13:34:23', '0000-00-00 00:00:00'),
	(184, 'b3horrB46V3u5XADkVo3PxQTtP34LP8YlHPyEf86', 184, 1465719167, '2016-06-11 13:42:47', '0000-00-00 00:00:00'),
	(185, 'K9G9Ql1H5TB6lampdudKzHLDKJzuOiTTHIVYPTrP', 185, 1465719298, '2016-06-11 13:44:58', '0000-00-00 00:00:00'),
	(186, 'p2wBrW5rAQGXPFGsucgU1sRYAtNMfm6NEbmeAKgY', 186, 1465728773, '2016-06-11 16:22:54', '0000-00-00 00:00:00'),
	(187, 'Sw8JGEHE4ZxI56yFCdH9RxmjrE8uczKsByxhc04i', 187, 1465729132, '2016-06-11 16:28:52', '0000-00-00 00:00:00'),
	(188, 'cZHajUvsLPnnpKee0SEgVpPCBBIRZe4113QucHLw', 188, 1465729627, '2016-06-11 16:37:07', '0000-00-00 00:00:00'),
	(189, 'ZiHdb6zp02eObQdyOzQAXmq8V5on0sgfRSbHnmIu', 189, 1465729753, '2016-06-11 16:39:13', '0000-00-00 00:00:00'),
	(190, 'jnbERCNjsFaMlhCqxUiIVtURmDGVDlbJS03sIc6p', 190, 1465730075, '2016-06-11 16:44:35', '0000-00-00 00:00:00'),
	(191, 'zzvFqUlu6OWj96mcSp2hCDSsw2V9pxB9REF48Lk7', 191, 1465730556, '2016-06-11 16:52:36', '0000-00-00 00:00:00'),
	(192, 'uRkOMmZjOhWGBJdVjVQyebLI3r2R2sCdQCPr8uJG', 192, 1465730620, '2016-06-11 16:53:40', '0000-00-00 00:00:00'),
	(193, 'Vv4CRDqk4HVYgZMFB8pgaz06vIgcVn3HE7ytDNBV', 193, 1465731524, '2016-06-11 17:08:44', '0000-00-00 00:00:00'),
	(194, 'g0X1b891rTYpCX0KNZYCktvgk5G5ckJWU8cdY9Ay', 194, 1465731614, '2016-06-11 17:10:14', '0000-00-00 00:00:00'),
	(195, '1HIqG59nQZ0Be3BtusHUk6QBQorxkKJgsstNdeC6', 195, 1465736641, '2016-06-11 18:34:01', '0000-00-00 00:00:00'),
	(196, '60tWcVY9sYakqgLJsOoJuvfet8OlGn7mmzkAiTf1', 196, 1465737163, '2016-06-11 18:42:43', '0000-00-00 00:00:00'),
	(197, 'MgjC3BPWJ8JV160G5HOtHfAx1xxo0e4TYvuRJD30', 197, 1465737243, '2016-06-11 18:44:03', '0000-00-00 00:00:00'),
	(198, '17zoUCGc0goYXCj7SeF5b3GmfhY6Fllq9V6a4jXG', 198, 1465737501, '2016-06-11 18:48:21', '0000-00-00 00:00:00'),
	(199, 'psxl7UnezIB8HS7rZ54mWzPptMZddKKy0xx5FBGS', 199, 1465737590, '2016-06-11 18:49:50', '0000-00-00 00:00:00'),
	(200, '444fh20p65VGkoHMIIW7wEL8McC4Uga7G9QB5AhF', 200, 1465737757, '2016-06-11 18:52:37', '0000-00-00 00:00:00'),
	(201, 'yTFDN7x8lNaJk2msma1XQzgfIJDanWCW7fLEOQaj', 201, 1465737962, '2016-06-11 18:56:02', '0000-00-00 00:00:00'),
	(202, 'sisoMKn9l7ligAsyfk3frbwS9ff81oewCQ4go9iP', 202, 1465738248, '2016-06-11 19:00:48', '0000-00-00 00:00:00'),
	(203, '7PehLoCR0xdiW6Kz5KYCpFog79w2NM1QAanveXGN', 203, 1465738433, '2016-06-11 19:03:53', '0000-00-00 00:00:00'),
	(204, '8MjQWcHVS33w2x2qiJ70ZdQo2FEjyAidglBu5B3L', 204, 1465738684, '2016-06-11 19:08:04', '0000-00-00 00:00:00'),
	(205, 'pODh75xgdnoMnYACuY6BEgnynjORzhwthYbSL0Ew', 205, 1465739875, '2016-06-11 19:27:55', '0000-00-00 00:00:00'),
	(206, 'o2S4Gf4sVNeprGkcVEXzYPSpS1gBR1Hh5ZZLJ7qx', 206, 1465740051, '2016-06-11 19:30:51', '0000-00-00 00:00:00'),
	(207, 'GQkQaDXDbsz7EnRhwTr003KlncN21qldBIIJQeIU', 207, 1465740600, '2016-06-11 19:40:00', '0000-00-00 00:00:00'),
	(208, 'eDvqC2oWV4bMZ5rnsxugTsOlxGUscUZWuS1q7L8m', 208, 1465740831, '2016-06-11 19:43:51', '0000-00-00 00:00:00'),
	(209, 'bpiaopqcuVohVqJNiwdSZCrTiBml4ir10J8BN2F6', 209, 1465741580, '2016-06-11 19:56:20', '0000-00-00 00:00:00'),
	(210, 'v7TcgTJSvYcnsamjDJl46UUu0EVcvWEjJSZv0gD9', 210, 1465741722, '2016-06-11 19:58:42', '0000-00-00 00:00:00'),
	(211, 'afn4DmPzaEqurT8MvKmsoAT45lkQC56sFUNVnAcv', 211, 1465742996, '2016-06-11 20:19:56', '0000-00-00 00:00:00'),
	(212, 'jCbtnU36jFi0vWR2JIajkZaIea6qM5ybF2QW9QlJ', 212, 1465743446, '2016-06-11 20:27:26', '0000-00-00 00:00:00'),
	(213, 'cXG3FPumt3IZiLtyoVyEihpezPqQNJ4PaR3qXwtM', 213, 1465743858, '2016-06-11 20:34:18', '0000-00-00 00:00:00'),
	(214, 'r6V3q3LTwvTuD5RFZGrKB3JCE26tsHFUD77Wi7aK', 214, 1465744116, '2016-06-11 20:38:36', '0000-00-00 00:00:00'),
	(215, 'qact05D5c5VxSlGC3MUcynEcXzO80brXQFjdLAeL', 215, 1465744828, '2016-06-11 20:50:28', '0000-00-00 00:00:00'),
	(216, 'R5ZF1vmouaSzVnBJ4wRJIoFUZq3mO5J5pPLW50t0', 216, 1465745263, '2016-06-11 20:57:43', '0000-00-00 00:00:00'),
	(217, 'Jkx8h1McprD1gN05WGCwjOf3zcmFRKSV8SsEEnAf', 217, 1465745410, '2016-06-11 21:00:10', '0000-00-00 00:00:00'),
	(218, 'NyYxBLk63njmDdqwE4RCXISzUvfO1XTLFH023M77', 218, 1465745529, '2016-06-11 21:02:09', '0000-00-00 00:00:00'),
	(219, '5oJseKlXEzaPgx8cfAdcial5iVnHMHHp1QF3wXyG', 219, 1465745689, '2016-06-11 21:04:49', '0000-00-00 00:00:00'),
	(220, 'cxmbXYF8mF6cgb95ixslRK5uuxs61eD3CEpVH6or', 220, 1465880124, '2016-06-13 10:25:24', '0000-00-00 00:00:00'),
	(221, 'EhaAHbx8VjAYDQgJMZSGkNHTOiwcI5GoSSp1D2yU', 221, 1465881561, '2016-06-13 10:49:21', '0000-00-00 00:00:00'),
	(222, 'ZK9xUAAOpLvJtu8DQ9b8XXporOBbxHfjss3qYeKj', 222, 1465885737, '2016-06-13 11:58:57', '0000-00-00 00:00:00'),
	(223, 'ojL5pYRjrNr1chDdy7Dhwq7NxoHEQoyWOQSsYcVK', 223, 1465886399, '2016-06-13 12:09:59', '0000-00-00 00:00:00'),
	(224, 'mlLzTxesAKQXinxcRBjf82AypGAmKRE1xnGmX2pq', 224, 1465886746, '2016-06-13 12:15:46', '0000-00-00 00:00:00'),
	(225, 'kBf4LFQ1H2Ux5zynw6Ty0X3CqeWVfc0AUW1Pz7f2', 225, 1465888724, '2016-06-13 12:48:44', '0000-00-00 00:00:00'),
	(226, '7UAgRHmeC5RGRQlCEQhJt3lb6JPnT7mnUCQIOUMv', 226, 1465889826, '2016-06-13 13:07:06', '0000-00-00 00:00:00'),
	(227, 'SZ1u0bLkw3W7qGBbQe0mlxITzGP6j33N7mcb12Vv', 227, 1465889987, '2016-06-13 13:09:47', '0000-00-00 00:00:00'),
	(228, 'hBX26CEag3STX37xtK4GB6VLWcCMRJE2qMF9QIEx', 228, 1465924799, '2016-06-13 22:49:59', '0000-00-00 00:00:00'),
	(229, 'pEH56yHDczz80GJ7gTscivgUgFI4sWKsh1R9Tyc2', 229, 1465968562, '2016-06-14 10:59:22', '0000-00-00 00:00:00'),
	(230, 'dWBVfOPzGS2SuP10BENHPi8UyH9ei3kUiVYc2s4Y', 230, 1465968651, '2016-06-14 11:00:51', '0000-00-00 00:00:00'),
	(231, 'kos1JWlIBf7r9bvwUbBt2HfhXbQSasDetwOmOHtj', 231, 1465968783, '2016-06-14 11:03:03', '0000-00-00 00:00:00'),
	(232, 'Y1t52IEgaey6ODUjy01s9njcNX8Dk6L4GTQAKje7', 232, 1465968923, '2016-06-14 11:05:23', '0000-00-00 00:00:00'),
	(233, 'jjjvbvEx17MDxFPylD8V9bwYbRh14jMtozVFHZRB', 233, 1465969142, '2016-06-14 11:09:02', '0000-00-00 00:00:00'),
	(234, 'oeRYacoOHs40nRrkGNZCBfUi6Upwpcr9uLc86Hzf', 234, 1465969407, '2016-06-14 11:13:27', '0000-00-00 00:00:00'),
	(235, 'BbHwyykISg4sOSmMkGiO72eZE8RWep6Woed9yneJ', 235, 1465969457, '2016-06-14 11:14:17', '0000-00-00 00:00:00'),
	(236, 'BLcYnxe7AoixV7WiLWi2G7mjvJ84qKQRMa49atUQ', 236, 1465970763, '2016-06-14 11:36:03', '0000-00-00 00:00:00'),
	(237, 'HIuVBb5GfGLO1UOna0BwW5CqMVqWpEdb0ejd5Thl', 237, 1465970844, '2016-06-14 11:37:24', '0000-00-00 00:00:00'),
	(238, 'Kb0QqmFUxnDKgy79kqJVB1o1sN0NVB1xcNS7mnD8', 238, 1466054085, '2016-06-15 10:44:45', '0000-00-00 00:00:00'),
	(239, 'VuNfH8Rh6W442wEgd4RQgdmfS6fkISRbBYsIlhv6', 239, 1466055250, '2016-06-15 11:04:10', '0000-00-00 00:00:00'),
	(240, 'bSd65cOG5q6rjOpzd17alI3AHpIKTr0R3hsINHRB', 240, 1466056487, '2016-06-15 11:24:47', '0000-00-00 00:00:00'),
	(241, 'oo7w4F3JAUvuswwefq3ZIGVnaTRL2Qpvq7pFl10q', 241, 1466056751, '2016-06-15 11:29:11', '0000-00-00 00:00:00'),
	(242, 'f43ol9osUv1WuxtZLlNEMWLCaTLGxumMcEXSooLg', 242, 1466056811, '2016-06-15 11:30:11', '0000-00-00 00:00:00'),
	(243, 'sQ3KwpOrilU4ucUEYflYEaZsvE4qRUK6YGlJbjEB', 243, 1466077153, '2016-06-15 17:09:13', '0000-00-00 00:00:00'),
	(244, 'SFpalnmfoF5XOnN3b6z2ZGzykptIzPDObNShstOo', 244, 1466078027, '2016-06-15 17:23:47', '0000-00-00 00:00:00'),
	(245, 'ydP6aZFkRULjvbJwwNf2vcGN7x3CRPU1TJWT3ne0', 245, 1466087028, '2016-06-15 19:53:48', '0000-00-00 00:00:00'),
	(246, 'RGkWSFEHzj5Ccy2XVpmtN2sMIZiiJxVBhamhlN1B', 246, 1466165465, '2016-06-16 17:41:05', '0000-00-00 00:00:00'),
	(247, '0ShE0DOXvhFwddTHm74a1zieWkN1gKfUIo0oF7vY', 247, 1466165639, '2016-06-16 17:43:59', '0000-00-00 00:00:00'),
	(248, 'f92G8pbPaXE8qk4wYIyAiqmeWDg9xpjpwEAQkUn3', 248, 1466166259, '2016-06-16 17:54:19', '0000-00-00 00:00:00'),
	(249, 'qC7yKazfB30vCrYmK124sni3Vcvju8TDzrYO43L1', 249, 1466182684, '2016-06-16 22:28:04', '0000-00-00 00:00:00'),
	(250, '5p1vh6dKkQRj38Fc3c5TP7MLSYRn4CtfojvJTtEW', 250, 1466183410, '2016-06-16 22:40:10', '0000-00-00 00:00:00'),
	(251, '2TdKWEFd6natvtUPde8zclWEDdiJN22xcsuSJt3K', 251, 1466184199, '2016-06-16 22:53:19', '0000-00-00 00:00:00'),
	(252, '1ldgwC6CZNjunvApCqKLWAJjQHPEP8PwzcbEJSbZ', 252, 1466184671, '2016-06-16 23:01:11', '0000-00-00 00:00:00'),
	(253, 'ZJN5YT2KKVEBvKQZzVK5BX9cpPCtTKHyPbMrgLEm', 253, 1466184730, '2016-06-16 23:02:10', '0000-00-00 00:00:00'),
	(254, 'REhuboSpwJ28UZWEhJB5LbWIVpIG9SfSqihHlQTh', 254, 1466185343, '2016-06-16 23:12:23', '0000-00-00 00:00:00'),
	(255, 'OgKQfBNL4LwPxfMeq9LSptJWUmtwzJfcN81agGgP', 255, 1466185937, '2016-06-16 23:22:17', '0000-00-00 00:00:00'),
	(256, 'KQmharzP7stxWG0IPpMZgMDS3CT9lANyqMpG0NZt', 256, 1466186094, '2016-06-16 23:24:54', '0000-00-00 00:00:00'),
	(257, 'zeKpimPcWzS1n3xqow17PW7Clbltg4MLhjBn0dsd', 257, 1466186312, '2016-06-16 23:28:32', '0000-00-00 00:00:00'),
	(258, 'GzY16E2IxaH86zsmUKcwclJpybvpDqrgGnfy3Gr7', 258, 1466187071, '2016-06-16 23:41:11', '0000-00-00 00:00:00'),
	(259, 'Ml5V1D06yxXBUNaPIBs3y4OSWVL0b0MZlPhPRYK3', 259, 1466187431, '2016-06-16 23:47:11', '0000-00-00 00:00:00'),
	(260, 'BxFdmzeA7uPV0EeTcH1EIuwcdvHIfYpZhDHflpX9', 260, 1466259784, '2016-06-17 19:53:04', '0000-00-00 00:00:00'),
	(261, 'Z82apsLMIDursxNAalsodB11K3y07Wg2Ct27af3g', 261, 1466314999, '2016-06-18 11:13:19', '0000-00-00 00:00:00'),
	(262, '1PpOdAglDiQPbcwUFgypqC4KuYB8l5F4cQEzjWE1', 262, 1466316374, '2016-06-18 11:36:14', '0000-00-00 00:00:00'),
	(263, 'fVhBCRUcTep0UEjqfDnF8H12NG3RI5rfTZU111yz', 263, 1466318182, '2016-06-18 12:06:22', '0000-00-00 00:00:00'),
	(264, 'wDq1TGCHFrGspc3doNF0dII9k4Q45tCmsuC5MRhX', 264, 1466318238, '2016-06-18 12:07:18', '0000-00-00 00:00:00'),
	(265, 'Jo1twDvpMnWaPFEQrCBi6YhwbECx5R3KV5Bk8IFo', 265, 1466318366, '2016-06-18 12:09:26', '0000-00-00 00:00:00'),
	(266, 'pbPSSfHvzYHkciR4zHtXaU9escuBu35VsBt6gnmx', 266, 1466318533, '2016-06-18 12:12:13', '0000-00-00 00:00:00'),
	(267, 'P8jSk59jSylaRQxG7E0GuHJFesSdiKzyaji4Lhj8', 267, 1466318907, '2016-06-18 12:18:27', '0000-00-00 00:00:00'),
	(268, 'TgZehEtKTQtkuYGvPRBB3jefXmJx1EgRuNY8mvHS', 268, 1466318959, '2016-06-18 12:19:19', '0000-00-00 00:00:00'),
	(269, '9SjgqMXe5aQOH9oSF1jfeXaSrvLNi944lgNHGXWJ', 269, 1466319081, '2016-06-18 12:21:21', '0000-00-00 00:00:00'),
	(270, 'e6MwZZy8EkBbEoKEBGCunSgtvo7wiM2WCTcQ7NVA', 270, 1466319779, '2016-06-18 12:32:59', '0000-00-00 00:00:00'),
	(271, 'kP74fdk1amPNBdHtb4Rmv60ep1otYes2eM0hnVZV', 271, 1466319926, '2016-06-18 12:35:26', '0000-00-00 00:00:00'),
	(272, 'L1k5XgWADiiOVfo8IzG441HiNdqgI7E0BlBAqycm', 272, 1466320044, '2016-06-18 12:37:24', '0000-00-00 00:00:00'),
	(273, '1fe5gJMQy3byDxthjQ6uVP3TmodxuidWJNE9bmfe', 273, 1466320336, '2016-06-18 12:42:16', '0000-00-00 00:00:00'),
	(274, 'lw3fawmmiAwV40AJlN7qV9Y7ZFjqFJkZ0BoFu53y', 274, 1466320450, '2016-06-18 12:44:10', '0000-00-00 00:00:00'),
	(275, 'VE0l3KWNMCoO1S4ILE5WmiQHABKgFoDkP2Uk3JQR', 275, 1466320751, '2016-06-18 12:49:11', '0000-00-00 00:00:00'),
	(276, 'OStkuso0RisXgY0fuwL0Me6HV1FZ8u1kVu4fOJ0q', 276, 1466320896, '2016-06-18 12:51:36', '0000-00-00 00:00:00'),
	(277, 'RDOipYn2Ks6wMPa6iwsiWFKS4rzVE7ash4bz2yox', 277, 1466320984, '2016-06-18 12:53:04', '0000-00-00 00:00:00'),
	(278, 'LWa0B9bCdrb8GbafwfIOZIhmCWv3jXYrP9W76htL', 278, 1466321090, '2016-06-18 12:54:50', '0000-00-00 00:00:00'),
	(279, 'HbNmXFC1xkOpCaJh60kpCAPCfWijZQPjl5DknDcw', 279, 1466330404, '2016-06-18 15:30:04', '0000-00-00 00:00:00'),
	(280, 'BeAQnI46YmnwW1SCPRgn4dh1i18Q86B5DKvzeUOg', 280, 1466330829, '2016-06-18 15:37:09', '0000-00-00 00:00:00'),
	(281, 'saXw36xCxKqlFhWZwbSgDu9BeWW6FEBnwqypQu8Q', 281, 1466333872, '2016-06-18 16:27:52', '0000-00-00 00:00:00'),
	(282, 'WZtEZlM7XwhW1LBDMkLG4W1CthWj7hWUul1Jp6Oi', 282, 1466334205, '2016-06-18 16:33:25', '0000-00-00 00:00:00'),
	(283, 'J26Tj5TsCKh79PRq3dWGPI35CrkHwe1kqesz6EH1', 283, 1466345282, '2016-06-18 19:38:02', '0000-00-00 00:00:00'),
	(284, 'js641OW4PbvLbOKGF0jeREa5yHrIA5Oo0TsSMUHE', 284, 1466347415, '2016-06-18 20:13:35', '0000-00-00 00:00:00'),
	(285, 'qOPaho4YWJYWXuWFvECX0sfeUoW0vS4CguREIX4N', 285, 1466486091, '2016-06-20 10:44:51', '0000-00-00 00:00:00'),
	(286, 'ntg5Pqn16jaxeCV72rHkMECgP5ETYSe3IFrvKNAY', 286, 1466494039, '2016-06-20 12:57:19', '0000-00-00 00:00:00'),
	(287, 'jqI1gTndmlj1gwGrjJjpu6GD89t9W4Wfb0kazWjc', 287, 1466504470, '2016-06-20 15:51:10', '0000-00-00 00:00:00'),
	(288, 'BQbYkYbpVfxpcP4syEQxdFKUi5DFuwuv3ZX82Xil', 288, 1466504966, '2016-06-20 15:59:26', '0000-00-00 00:00:00'),
	(289, 'eySldQMCGNZg0lYoTgt32OM4polyEFhw8dFEOEYR', 289, 1466504971, '2016-06-20 15:59:31', '0000-00-00 00:00:00'),
	(290, 'vFk1CRdC49h0Ob1dOTZmnvwjBuv5BAh3x0xoKVSB', 290, 1466504973, '2016-06-20 15:59:33', '0000-00-00 00:00:00'),
	(291, 'V5uZN39GQUBbpJihPAu9RStnKEpL4dPn5KhqGdFA', 291, 1466504976, '2016-06-20 15:59:36', '0000-00-00 00:00:00'),
	(292, 'tAlwwib5ABUGgadQimdIFRMUveqftaRt5RLcURZs', 292, 1466504988, '2016-06-20 15:59:48', '0000-00-00 00:00:00'),
	(293, 'vYlb6PvCofT0eFCPK1nXqMlQ24cq57s7tOz9u2nq', 293, 1466507140, '2016-06-20 16:35:40', '0000-00-00 00:00:00'),
	(294, '2qByng5AWhxvejcKdU8ALy3G7OLo96lsNMLIXl3E', 294, 1466509145, '2016-06-20 17:09:05', '0000-00-00 00:00:00'),
	(295, 'LMFwdP8Qmfz2yGg6juWukHwywK5QPD2zpvfQCKcH', 295, 1466575913, '2016-06-21 11:41:53', '0000-00-00 00:00:00'),
	(296, 'Rnvm7iCRzfMwmeqruEMdt3xiPD9OhBhvY85bB0EG', 296, 1466577947, '2016-06-21 12:15:47', '0000-00-00 00:00:00'),
	(297, 'RMXnjm1gGUcaxyYe3HJgx6rx8Y0oeKACVakpZOof', 297, 1466586033, '2016-06-21 14:30:33', '0000-00-00 00:00:00'),
	(298, 'RqpEn5giNzVvZT2IOWBupMtLFTG33als7tnysBVH', 298, 1466586589, '2016-06-21 14:39:49', '0000-00-00 00:00:00'),
	(299, '2UfkeYytgFeQRE70r58fZARs26W6NrwtBcGK98d9', 299, 1466587357, '2016-06-21 14:52:37', '0000-00-00 00:00:00'),
	(300, 'GrGOTUiA7j2YPNa34F1h6JUIjaFmwbXzeydKAjrm', 300, 1466615598, '2016-06-21 22:43:18', '0000-00-00 00:00:00'),
	(301, 'vRG0BHSWrvxjmoqaIeLQJ8IR4pborHJHO5K6NNsn', 301, 1466616006, '2016-06-21 22:50:06', '0000-00-00 00:00:00'),
	(302, 'xTkcTj7MhJygYI3WtF26oA4IUFLNOu1398FlFdMz', 302, 1466617365, '2016-06-21 23:12:45', '0000-00-00 00:00:00'),
	(303, 'z9pNOg43T4E7AyZ3GxbEvf6X9iHfosx48Kkqa1bE', 303, 1466617588, '2016-06-21 23:16:28', '0000-00-00 00:00:00'),
	(304, 'rk03laDJeOOwtIoATTBf0t01uRtULY1QYXZnrpMd', 304, 1466617710, '2016-06-21 23:18:30', '0000-00-00 00:00:00'),
	(305, 'dhPxcjDQBnNjwQt5o0xb1o4WN0A6sSvAQApc0Vp5', 305, 1466617817, '2016-06-21 23:20:17', '0000-00-00 00:00:00'),
	(306, 'ubNsIkOZMsrMvfdLAnVVPB0CgRoti8gxZCSwhXBJ', 306, 1466618069, '2016-06-21 23:24:29', '0000-00-00 00:00:00'),
	(307, 'ntJA1v3GOnS2KmP1PLduqYUauufcMzMyMSHAmB9T', 307, 1466618176, '2016-06-21 23:26:16', '0000-00-00 00:00:00'),
	(308, 'xL7ihHXeNnKj2FwlpctiWD1micfURgFF4kKc8TAy', 308, 1466963888, '2016-06-25 23:28:08', '0000-00-00 00:00:00'),
	(309, 'wKZLJnENSw2tTINw2LYmdCHHTHFRBoPrr7etZWM7', 309, 1467108487, '2016-06-27 15:38:07', '0000-00-00 00:00:00'),
	(310, '1uT4GYcMkDcLNMmC0HD0fgqvSEXkhHXNGnO1wE9V', 310, 1467262635, '2016-06-29 10:27:15', '0000-00-00 00:00:00'),
	(311, 'p6SflIEnCQBMLrGA3Ma1N7V1L150yv38CLFWH8mq', 311, 1467262804, '2016-06-29 10:30:04', '0000-00-00 00:00:00'),
	(312, 'cwDFGkXwp2uLuU3xh9RNJOqbUWUFLDy1J4nOQwZd', 312, 1467263367, '2016-06-29 10:39:27', '0000-00-00 00:00:00'),
	(313, 'HLwu8shs8wvf25FhsTsRs5kCNGqXcFt6wfJx0vYM', 313, 1467346445, '2016-06-30 09:44:05', '0000-00-00 00:00:00'),
	(314, 'r5LqVaJKvf9DWJYkjtDY7QcHMQxvItA3jCbwZZig', 314, 1467351213, '2016-06-30 11:03:33', '0000-00-00 00:00:00'),
	(315, 'qLwnLsnKQWKOBFFq2Wz1jVJDKhB66yuBM4X8XBKD', 315, 1467454137, '2016-07-01 15:38:57', '0000-00-00 00:00:00'),
	(316, 'QBiCPXc9TimPrxgMxF7qAOxI35ORJVzhSkBtRLhT', 316, 1467527779, '2016-07-02 12:06:19', '0000-00-00 00:00:00'),
	(317, '01kcCQXBUlCD5TrhYiVXi366mrH0zpEQIZG79RCq', 317, 1467541333, '2016-07-02 15:52:13', '0000-00-00 00:00:00'),
	(318, 'gXtMUK6hpMUm3qujlVgsOjxyXbViWeIIwy3f6Qtk', 318, 1467541691, '2016-07-02 15:58:11', '0000-00-00 00:00:00'),
	(319, '4TjcWezDUu5B2nS5a9IObBcmJkCA0AhOc0lHhlw2', 319, 1467542089, '2016-07-02 16:04:49', '0000-00-00 00:00:00'),
	(320, 'O6arryNRN0Pb0Orxyr9efNum2gS9h6IROPnwOQP1', 320, 1467700590, '2016-07-04 12:06:30', '0000-00-00 00:00:00'),
	(321, 'ebP6wr1a7GtrvkULEEHpanA8PHSFa6GiTqx3nS0f', 321, 1467701137, '2016-07-04 12:15:37', '0000-00-00 00:00:00'),
	(322, 'gzeYJL8yjD1b0YWQQWXnacOdbJLXE6nPJPoQDpUP', 322, 1467701375, '2016-07-04 12:19:35', '0000-00-00 00:00:00'),
	(323, 'rAaks9rgH5NHfJF30QLiVioujajK6UFEWFuSLU3I', 323, 1467783243, '2016-07-05 11:04:03', '0000-00-00 00:00:00'),
	(324, '8PQ02oCMK0PCfS0MdCh0EUFTaLlJgVYS4wgmfBuI', 324, 1467783381, '2016-07-05 11:06:21', '0000-00-00 00:00:00'),
	(325, 'zEGYyHtJtRewTTzJ1pKeHMAwS2ELEDKhWHRpqkFO', 325, 1467819936, '2016-07-05 21:15:36', '0000-00-00 00:00:00'),
	(326, 'n2QYoynKDnYVslnYqG0qWMa0GYR4kEpdP3x2P8Rq', 326, 1467916832, '2016-07-07 00:10:32', '0000-00-00 00:00:00'),
	(327, '1PHwc6zNGiTHNPVJTs4G7tvb1qFYWLxgkgN5het3', 327, 1467916918, '2016-07-07 00:11:58', '0000-00-00 00:00:00'),
	(328, 'yPpE4BvOHyY75k2ttfaBsv1wLmEp2SsWNk52EVGf', 328, 1467917024, '2016-07-07 00:13:44', '0000-00-00 00:00:00'),
	(329, '9nMl2ZBT33mZ9GuYsggrbmpby0eewTEIrpk0ZEeq', 329, 1467917047, '2016-07-07 00:14:07', '0000-00-00 00:00:00'),
	(330, 'SBNJAwWSO6Sjybot42TxcqNPwSutdPtFsMLwFTwW', 330, 1467917218, '2016-07-07 00:16:58', '0000-00-00 00:00:00'),
	(331, 'FbkMHXkfjCcxPbFnUJ2MaSyP7topMNH6hzk4N7Ol', 331, 1467917252, '2016-07-07 00:17:32', '0000-00-00 00:00:00'),
	(332, '4DloCNehyU1dsJEyYGoSXZD8GPT5Rw1nFBQLwrmH', 332, 1467917285, '2016-07-07 00:18:05', '0000-00-00 00:00:00'),
	(333, 'JfbPWwCuFpkAxk8l9nS5hTyxzx7WlAGta6ByBWoD', 333, 1467917321, '2016-07-07 00:18:41', '0000-00-00 00:00:00'),
	(334, 'unFcHPRkCdadPctYWvGbdRQ7XxDJEGF8uw6wvK7M', 334, 1467918618, '2016-07-07 00:40:18', '0000-00-00 00:00:00'),
	(335, '0jAKkmeE8Eq5KpmDINZxRS61JJ2pXErqJluJhqJk', 335, 1467918640, '2016-07-07 00:40:40', '0000-00-00 00:00:00'),
	(336, 'wuaBh9f6EgsZkGtw9hPPcKNNjaZHLEwvqrdzsi9u', 336, 1467918700, '2016-07-07 00:41:40', '0000-00-00 00:00:00'),
	(337, 'OYmBjRBwQr4InjbnfVXHcsXnItviSd8EFXUncW1G', 337, 1467918863, '2016-07-07 00:44:23', '0000-00-00 00:00:00'),
	(338, 'FCNEeUwUOQkUMTGUDcnkCXxI5fEQRBYCCDv0PMLe', 338, 1467955456, '2016-07-07 10:54:16', '0000-00-00 00:00:00'),
	(339, 'AxiRwWzr6UQlVZg8hIbFdxNqIVSAvMMzdnooazje', 339, 1467959871, '2016-07-07 12:07:51', '0000-00-00 00:00:00'),
	(340, 'z3WfWAFw2laWMXTYx0jUnhng5UqBfOGQlNEa7Khu', 340, 1467960402, '2016-07-07 12:16:42', '0000-00-00 00:00:00'),
	(341, '7TzeNks2wtpCQOua0XbTOG9SErPoZYvGinvwamA8', 341, 1467971061, '2016-07-07 15:14:21', '0000-00-00 00:00:00'),
	(342, 'RyJXNtoI4scQevVg9fgDrY44I7Sn4t5M8tJ4mgYw', 342, 1467971156, '2016-07-07 15:15:56', '0000-00-00 00:00:00'),
	(343, 'PxutbrLftCyoJfO2znbdbKD5LiEUWelUAnCNNq57', 343, 1468309311, '2016-07-11 13:11:52', '0000-00-00 00:00:00'),
	(344, '9MWBtTwSJXxJpSuoh8tT8YpUkgBQ7vZbW38DHrCE', 344, 1468374224, '2016-07-12 07:13:44', '0000-00-00 00:00:00'),
	(345, 'nxXbiWzErKlx8FBzGyNS7E8CeVB0lVbA94iOvmcO', 345, 1468375830, '2016-07-12 07:40:30', '0000-00-00 00:00:00'),
	(346, 'BK6vO0P6uFVrVdCi3d7is4hNl0Kk3gqtQKHMw2d9', 346, 1468379017, '2016-07-12 08:33:37', '0000-00-00 00:00:00'),
	(347, 'M340TJ5RsOXudIdurVqFWDFjb8MhzVjQUvPc5qyr', 347, 1468385683, '2016-07-12 10:24:43', '0000-00-00 00:00:00'),
	(348, 'SoY96A7MgV7W3bMVJJoEl7A2NoT7KrHqc5896aJm', 348, 1468387233, '2016-07-12 10:50:33', '0000-00-00 00:00:00'),
	(349, 'YcrtU4fYrb55feizeFdm8Cy3lkLcm753TgNR8lJe', 349, 1468387766, '2016-07-12 10:59:26', '0000-00-00 00:00:00'),
	(350, 'c6uZJJLtpGbuZeGz6ndwP0XjiDZuDtttKRmCp7D9', 350, 1468388030, '2016-07-12 11:03:51', '0000-00-00 00:00:00'),
	(351, 'g7k7NPLUERwsPwOEyMowIqY5zzzs5UWzhYfcGhBs', 351, 1468388105, '2016-07-12 11:05:05', '0000-00-00 00:00:00'),
	(352, 'q8vXsLX17MkXuleFQ1t71rfSD89LbEQ6WZIsm44O', 352, 1468388246, '2016-07-12 11:07:26', '0000-00-00 00:00:00'),
	(353, '6BUEXWBswfNYpoECcq5IL0l7GgP1REhQX0ZJJ2kb', 353, 1468388883, '2016-07-12 11:18:03', '0000-00-00 00:00:00'),
	(354, 'HcW1TRg0W2FKupgxONhIuFgih7qZZddVxr6Vrac8', 354, 1468389048, '2016-07-12 11:20:48', '0000-00-00 00:00:00'),
	(355, 'sdaqF7NjtRihOKoL9WkaFln5mP8EEdnFeW0BzDxg', 355, 1468400386, '2016-07-12 14:29:46', '0000-00-00 00:00:00'),
	(356, '82yxL65hiRrM4op0Ytww1mUIEwh5dpavfpmj0Feu', 356, 1468403248, '2016-07-12 15:17:28', '0000-00-00 00:00:00'),
	(357, 'HpkyHwXr09tIN4VBTlLjlmyftWIxWcZHOpZXJa7i', 357, 1468403671, '2016-07-12 15:24:31', '0000-00-00 00:00:00'),
	(358, '4wlsaoyc8YPNvmNVqisz63uYRtKF8M7a4OCAUdMF', 358, 1468403804, '2016-07-12 15:26:44', '0000-00-00 00:00:00'),
	(359, 'js01QJyUYFw2zyn4MmszUZ6ZVN8OfagrJHR6f4r6', 359, 1468404463, '2016-07-12 15:37:43', '0000-00-00 00:00:00'),
	(360, 'lDD3viU9z7Nl5ws0y9XCLEXZvytfi4vyplNUscDS', 360, 1468427668, '2016-07-12 22:04:28', '0000-00-00 00:00:00'),
	(361, 'QGi0B5BCerEEOsYoBPItkyLjRVTEwBIaxqnUxFlV', 361, 1468471217, '2016-07-13 10:10:17', '0000-00-00 00:00:00'),
	(362, 'au4D6C7G5JXo8jrC9jj3WRGPrkibMd4gDqqJOKwq', 362, 1468605547, '2016-07-14 23:29:07', '0000-00-00 00:00:00'),
	(363, 'VHSXvqPDoU4Xv2gbx7ewy1Ir8aGuBpc0MLQbvE9U', 363, 1468608422, '2016-07-15 00:17:02', '0000-00-00 00:00:00'),
	(364, 'A8QpwL4qRqUVOcYKj6O9rsG8yCv3k4pQxsLjXKNs', 364, 1468608513, '2016-07-15 00:18:33', '0000-00-00 00:00:00'),
	(365, 'ZChtd7lm18OJmOmKQlp8wqjm9WPE85jfTsbQAprF', 365, 1468608705, '2016-07-15 00:21:45', '0000-00-00 00:00:00'),
	(366, 'vEPULUldp64NcaohuOgxucmZY8i1pECTJoynba2a', 366, 1468608936, '2016-07-15 00:25:36', '0000-00-00 00:00:00'),
	(367, 'Ucrp2sUXzZTZepxWAkbv5f9uvzgLhFgU10KuejQC', 367, 1468609922, '2016-07-15 00:42:02', '0000-00-00 00:00:00'),
	(368, 'OWwFlkFvdCw7jvDyUc8FNnxbClxlZbi8DgZZFcBK', 368, 1468610005, '2016-07-15 00:43:25', '0000-00-00 00:00:00'),
	(369, 'RReb24HHSuUUUUOH49GWWpwOWSID4gJsDBmSpTBa', 369, 1468610202, '2016-07-15 00:46:42', '0000-00-00 00:00:00'),
	(370, 'rgWZ4MX9OkNghkGqlobLze1KW5a6r3INfdZJBsiq', 370, 1468610280, '2016-07-15 00:48:00', '0000-00-00 00:00:00'),
	(371, 'yrSgqT6JCJMLovBhbza8zaXowQJpJUmPV4CS6aI4', 371, 1468611180, '2016-07-15 01:03:00', '0000-00-00 00:00:00'),
	(372, 'eGGFS7RhOUU86giuYJUvea12N5UzJfWgWTlOcg89', 372, 1468689444, '2016-07-15 22:47:24', '0000-00-00 00:00:00'),
	(373, 'hPSRxHSov6pLRWsm9o5tXatIKMmLp4yO5TGDW7oL', 373, 1468689728, '2016-07-15 22:52:08', '0000-00-00 00:00:00'),
	(374, 'mAGZ1hfFJrL347CtVQSvkGh4adNUCgogr1aJ0EQG', 374, 1468690171, '2016-07-15 22:59:31', '0000-00-00 00:00:00'),
	(375, 'AWs8853i2Uo5kwqgsqMK2XzwYVb7R0iD9QtJsMRY', 375, 1468690257, '2016-07-15 23:00:57', '0000-00-00 00:00:00'),
	(376, 'RbGeEsTQ1zamQfLlxfVwCHn6ZO8VQxZ9mFYDPU1b', 376, 1468776697, '2016-07-16 23:01:37', '0000-00-00 00:00:00'),
	(377, 'MkN2TCsXrjNxaElj0kE5YdWGkNND751ny3lLYpIW', 377, 1468777411, '2016-07-16 23:13:31', '0000-00-00 00:00:00'),
	(378, 'LGdxd0shKye6PQmiJ4YlqnwO1X4vx85ydjPuMbsi', 378, 1468777640, '2016-07-16 23:17:20', '0000-00-00 00:00:00'),
	(379, 'XtAc8VfHLiDyKPS49euMdWniioOnfOzI5wCbOTaZ', 379, 1468778159, '2016-07-16 23:25:59', '0000-00-00 00:00:00'),
	(380, 'Mftgw8ya0tJSW5SjF2SuHNJ7qVAg3VdjpgiMKrIy', 380, 1468780372, '2016-07-17 00:02:52', '0000-00-00 00:00:00'),
	(381, 'GnRhVcxqbWiDnYl4UC5II1uQ6P43D36zEtDYehD6', 381, 1468780521, '2016-07-17 00:05:21', '0000-00-00 00:00:00'),
	(382, '5MdYkHGRzEiM93ZFDgQDLNuA82w23Ic3gIy5ZMpy', 382, 1468780956, '2016-07-17 00:12:36', '0000-00-00 00:00:00'),
	(383, 'f8ss3T269mi4jLcxiwermWAA0yhYyUG0NlUPFDc4', 383, 1468783622, '2016-07-17 00:57:02', '0000-00-00 00:00:00'),
	(384, 'PMrwNdeJtOtE11jn7gDuNx93czHklkpqGAuvIxJl', 384, 1468784161, '2016-07-17 01:06:01', '0000-00-00 00:00:00'),
	(385, 'ZR87P6S2AZwNOgvRPtHWbqeWcez4FWTaULigoa3A', 385, 1468785318, '2016-07-17 01:25:18', '0000-00-00 00:00:00'),
	(386, 'b7XBZ8eHBL7xoX8UTrgdravhnw1ivgPRmAfjggvQ', 386, 1468904587, '2016-07-18 10:33:07', '0000-00-00 00:00:00'),
	(387, 'IJ6TftPSoOJFkiKNQmXSUAwzQGPTTViaiGoxrxvv', 387, 1468904793, '2016-07-18 10:36:33', '0000-00-00 00:00:00'),
	(388, 'rZGeOK3x6sLDM5TzxRBp9gwgXjKVv50W1ZQ0LDDa', 388, 1468944601, '2016-07-18 21:40:01', '0000-00-00 00:00:00'),
	(389, 'rTOpr76H6aFWgSWh4C80Wwq9dF51Komms5yOfzzi', 389, 1468946381, '2016-07-18 22:09:41', '0000-00-00 00:00:00'),
	(390, 'SxdTPGKOxfooCTuSKs0eKE10GqFZOmAJZiaogiFl', 390, 1468946451, '2016-07-18 22:10:51', '0000-00-00 00:00:00'),
	(391, 'XcMEMlvblZAsI4IDSdOfsCRDoVE8PjHeTVFDJipb', 391, 1468946455, '2016-07-18 22:10:55', '0000-00-00 00:00:00'),
	(392, 'BSDM22mjIGPcYL2GHS9Qx9jVMdAR5XwF7YWzYUPK', 392, 1468946469, '2016-07-18 22:11:09', '0000-00-00 00:00:00'),
	(393, 'B6yRNb6QfWFdZr2q577I7ayavpIdyz3j59UxdoSb', 393, 1468946478, '2016-07-18 22:11:18', '0000-00-00 00:00:00'),
	(394, 'rM4mLebgBS7185SngDACoylMYoDKWYIOyRBifdJi', 394, 1468946644, '2016-07-18 22:14:04', '0000-00-00 00:00:00'),
	(395, '4mttBMk7rzm6x32ArGE7F6qCU7zrCz9wtLEkndPU', 395, 1468946667, '2016-07-18 22:14:27', '0000-00-00 00:00:00'),
	(396, 'mQDDPvIPQgElSb1EDvUGZGfdHoWVsydSc0jvY6yU', 396, 1468946713, '2016-07-18 22:15:13', '0000-00-00 00:00:00'),
	(397, 'Lgl2ReEpxm65tvfPAsrsVuXMJfSWey6SddBJyblG', 397, 1468946755, '2016-07-18 22:15:55', '0000-00-00 00:00:00'),
	(398, 'TFgrkH0acaERdIIYoz4YLfgoS5o7FdlmbWUxUVry', 398, 1468946829, '2016-07-18 22:17:09', '0000-00-00 00:00:00'),
	(399, '192FUzycibPsyUjCaDbz5hkVNFX41oNQoRjFHQ4f', 399, 1468946855, '2016-07-18 22:17:35', '0000-00-00 00:00:00'),
	(400, '1rhq4PZ7M4vzby37Utdc9yJHTeNeS5G9VK7WKiyc', 400, 1468946858, '2016-07-18 22:17:38', '0000-00-00 00:00:00'),
	(401, 'vcGB5Boq51Cqf3n2qmoSU756CbF6Dyk0Iri8mRBA', 401, 1468946859, '2016-07-18 22:17:40', '0000-00-00 00:00:00'),
	(402, 'aNJYQbDUpjMaHZpooDyoduJ8zgwFrZQIEmyMehTt', 402, 1468946861, '2016-07-18 22:17:42', '0000-00-00 00:00:00'),
	(403, 'jL2qYrdZZzWNf38A2ZQjYm8UgPfXOSeGHJxyWJTD', 403, 1468946998, '2016-07-18 22:19:58', '0000-00-00 00:00:00'),
	(404, 'gvfroognQRSRfuI9KCU9hDuA0n9EY4eLA3pG2RBQ', 404, 1468947010, '2016-07-18 22:20:10', '0000-00-00 00:00:00'),
	(405, 'G4GG5mf7L7Zr0BRhLIC0xTjMLTfP1Fc0oQ4HfU8E', 405, 1468947367, '2016-07-18 22:26:07', '0000-00-00 00:00:00'),
	(406, '1yuGVczAgoXKyEoh2BdWHv5OuzDzm18nFBX7F8QB', 406, 1468947414, '2016-07-18 22:26:54', '0000-00-00 00:00:00'),
	(407, 'Bf67XVYsSTtNKFCgqTMIAxHBZBHHLGLVq9fQBa8b', 407, 1468947429, '2016-07-18 22:27:09', '0000-00-00 00:00:00'),
	(408, '4TgxN0FT96wRtnQeXHo7GLH7fXn4wmJAbaxRgysb', 408, 1468947663, '2016-07-18 22:31:03', '0000-00-00 00:00:00'),
	(409, 'rfViwNuF1Zh5IC4SF0Ghq1wmVUTSkNg0pXvppwtz', 409, 1468947665, '2016-07-18 22:31:05', '0000-00-00 00:00:00'),
	(410, 'x6Kg8ffYGqrIcriteHOmZpgy2hBcfeiVEkdUPwTY', 410, 1468947747, '2016-07-18 22:32:27', '0000-00-00 00:00:00'),
	(411, 'meP5CIJ6KyiUsSWaa7gi0IvFtqBMAVKb6AVQaAfT', 411, 1468947796, '2016-07-18 22:33:16', '0000-00-00 00:00:00'),
	(412, 'hC0fyBTfqKNtzRthA2ydmgIqzY0AGVAyc2TgqAHe', 412, 1468988735, '2016-07-19 09:55:36', '0000-00-00 00:00:00'),
	(413, 'dm2v0cGscTtibSprZcTsYdc9k3WaJxq93fkGRte5', 413, 1469000950, '2016-07-19 13:19:10', '0000-00-00 00:00:00'),
	(414, 'IvriHLDImBmGctHDdct2G1fJmkPNDRFDSaHw5bku', 414, 1469001080, '2016-07-19 13:21:20', '0000-00-00 00:00:00'),
	(415, 'vnuoPfcsQTDJKLHURQ7g1WIWKndi3BcRlAJdqlT9', 415, 1469005264, '2016-07-19 14:31:04', '0000-00-00 00:00:00'),
	(416, 'E4YhEEKwc750Ymaw30Mc5BWwpHqJxBBlHu6wRaQW', 416, 1469023023, '2016-07-19 19:27:03', '0000-00-00 00:00:00'),
	(417, 'ENe3tKUMPz2oxbZfuDQWS1GIDFXG2lpSx0cimQG1', 417, 1469025555, '2016-07-19 20:09:15', '0000-00-00 00:00:00'),
	(418, 'E7NMBRSGqk1of3GjFZjnm17tPWiFL9QaYJM7RabR', 418, 1469026798, '2016-07-19 20:29:58', '0000-00-00 00:00:00'),
	(419, 'esjI4hMAhzTIF8Ag2U6Gm1pHKN3EumDrLMJQis19', 419, 1469026900, '2016-07-19 20:31:40', '0000-00-00 00:00:00'),
	(420, 'uW2XGxf8rLS3Awbz0LLd2pLxfCSePNkKbfwYEPUJ', 420, 1469026928, '2016-07-19 20:32:08', '0000-00-00 00:00:00'),
	(421, 'YWCXW90l7mcrfdIbWrp7wHfoCzdbzKeEcDT93LK2', 421, 1469027036, '2016-07-19 20:33:56', '0000-00-00 00:00:00'),
	(422, 'H1GhtTB8Y73zkBB6ipyijquiFgsd6W57lpC5xqmy', 422, 1469074981, '2016-07-20 09:53:01', '0000-00-00 00:00:00'),
	(423, 'QozfLHJj1d2E0al8zBwZbkdxD5e4zt8pMfg5ykgS', 423, 1469075418, '2016-07-20 10:00:18', '0000-00-00 00:00:00'),
	(424, 'hqoVImBwplk4m8aIsXzHJzWdfidH8PWafNw29izc', 424, 1469075939, '2016-07-20 10:08:59', '0000-00-00 00:00:00'),
	(425, 'sXzxEAVq1822sQlJra1KfEIrV6CUOUELbRiUnbcM', 425, 1469076048, '2016-07-20 10:10:48', '0000-00-00 00:00:00'),
	(426, 'GiYefXFE2fcVGZlSC91zPDLwegfs4w0e1lqAi8cV', 426, 1469076510, '2016-07-20 10:18:30', '0000-00-00 00:00:00'),
	(427, 'WSbnGcm3TEVqic6v80XuFrWIAVr0UlLPwe9lFZaP', 427, 1469076681, '2016-07-20 10:21:21', '0000-00-00 00:00:00'),
	(428, '4tc231qeXnfcGWpZzw8Dl9PLanIxii8VBLfk0KdS', 428, 1469078322, '2016-07-20 10:48:42', '0000-00-00 00:00:00'),
	(429, 'DFRkGhzUOEVuVCSi9FswbmWq87UThchqpWPBR7U7', 429, 1469079877, '2016-07-20 11:14:37', '0000-00-00 00:00:00'),
	(430, 'wV8hHq22CD1M22f32JrPv7uD0lQThpG8RjUosqtD', 430, 1469080263, '2016-07-20 11:21:03', '0000-00-00 00:00:00'),
	(431, 'grlRMgRPQeATFEEiAU1oorUodCRUHHw8CLD9dmg9', 431, 1469081062, '2016-07-20 11:34:22', '0000-00-00 00:00:00'),
	(432, 'HSVlt4JLWewCIzXzSbZ70Sdaje6Zjhyp4bWE5tzI', 432, 1469083448, '2016-07-20 12:14:08', '0000-00-00 00:00:00'),
	(433, 'd4fNZJXEi1uR5oz2sH2J5JPixb6FKwoaPBZKE8mC', 433, 1469084253, '2016-07-20 12:27:33', '0000-00-00 00:00:00'),
	(434, 'oqeInp4iWhADdMgE3ZZPoguyiDsbcM6tTMllJPwI', 434, 1469086150, '2016-07-20 12:59:10', '0000-00-00 00:00:00'),
	(435, 'nwYGVMUnuK6VLP0dCajpUfGy8wYqmwPbi05rI4mJ', 435, 1469086507, '2016-07-20 13:05:07', '0000-00-00 00:00:00'),
	(436, 'QbRyllntEOaODa5jKhe5xYY8y3GbTzB2LtuoRYuG', 436, 1469102042, '2016-07-20 17:24:02', '0000-00-00 00:00:00'),
	(437, 'R3b0oyjmRPgjCeKoznYkb6NJmrwiGyWs3lrhUg0C', 437, 1469102070, '2016-07-20 17:24:30', '0000-00-00 00:00:00'),
	(438, 'aCJyCGgrzIbC94BA0mWZGK0AT2m9cvNXEHqkNO5c', 438, 1469112235, '2016-07-20 20:13:55', '0000-00-00 00:00:00'),
	(439, 'NB6WvjibdLGg0BcfFU7iHIbU7ewlCvumIG6DEet8', 439, 1469115602, '2016-07-20 21:10:02', '0000-00-00 00:00:00'),
	(440, 'n5d5pSr84XFYeaogCJfjRs0KyzkqOk3f9x9tbm6b', 440, 1469115688, '2016-07-20 21:11:28', '0000-00-00 00:00:00'),
	(441, 'QcCdd5TWMqnWGDweP9iL37yoR3Ev8QFEo4Mi3Je0', 441, 1469115803, '2016-07-20 21:13:23', '0000-00-00 00:00:00'),
	(442, 'Ka45jKjsDLf0Iu2X9JxH6Gii7xupjykxhBCQVhN4', 442, 1469120868, '2016-07-20 22:37:48', '0000-00-00 00:00:00'),
	(443, 'f6koPtHlucM0W0ZuorpO54HO5Hv2qAksYjJTCZl0', 443, 1469120915, '2016-07-20 22:38:35', '0000-00-00 00:00:00'),
	(444, 'mj7WSkU529otlPD72NArnoIeDPxnFVtMaO7txIg2', 444, 1469120946, '2016-07-20 22:39:06', '0000-00-00 00:00:00'),
	(445, 'fmyL1WAHES23il3wSqpiMAZ2Ew49PHIoh6AoEdoj', 445, 1469181347, '2016-07-21 15:25:47', '0000-00-00 00:00:00'),
	(446, 'UYq8yoFIWSN6fWXZUU2Am3T26qKViQ9IiSTIFte8', 446, 1469187443, '2016-07-21 17:07:23', '0000-00-00 00:00:00'),
	(447, 'F5DDVH1f8zwMEGtOan6K51jCjafmYaow8HV88pqG', 447, 1469187559, '2016-07-21 17:09:19', '0000-00-00 00:00:00'),
	(448, 'Btg5fTh8dMlRWbp9lcNVIbgjztbk8BT9c1xT6lZK', 448, 1469189262, '2016-07-21 17:37:42', '0000-00-00 00:00:00'),
	(449, 'XqQ8G32DKOttH3cuF0XyaEq4wUL361FYwkLjJwig', 449, 1469266010, '2016-07-22 14:56:50', '0000-00-00 00:00:00'),
	(450, 'qA5eMcHwVYkkdUAeuawufACgHyALb2Cch3pMCHMh', 450, 1469266340, '2016-07-22 15:02:20', '0000-00-00 00:00:00'),
	(451, 'c7noAFOQIM62CJUQ6vcOzywbD0l0zjiuOwICIwHA', 451, 1469267095, '2016-07-22 15:14:55', '0000-00-00 00:00:00'),
	(452, '9TJw0JHxZYAwa3Pk7BBD7BYNBE5zBN0wIBRpM8m9', 452, 1469267106, '2016-07-22 15:15:06', '0000-00-00 00:00:00'),
	(453, 'ww6FGfhuldbECwtCG2XerWD35ba09EtsaYnp1y29', 453, 1469267447, '2016-07-22 15:20:47', '0000-00-00 00:00:00'),
	(454, 'WcqABeW6QIkaEu1bHcsUJXqUCM9oCLvItBRO9psU', 454, 1469267528, '2016-07-22 15:22:08', '0000-00-00 00:00:00'),
	(455, 'Fep257VlsS0lBaUeQaGYDJEI81Ox00jlQ69kHVwJ', 455, 1469339368, '2016-07-23 11:19:29', '0000-00-00 00:00:00'),
	(456, '1Trdo50TdFYw8G78ZNcOF5an5vo3gzO02CG0Ln02', 456, 1469339406, '2016-07-23 11:20:06', '0000-00-00 00:00:00'),
	(457, 'LWXsjObz0WfBLWAYpUBiWGWcTJ2zLIIrSElboaMK', 457, 1469341845, '2016-07-23 12:00:45', '0000-00-00 00:00:00'),
	(458, '4E3Kud9F5O084aRDFKdVHn5TBtn1a4HgRRtiCSM1', 458, 1469341900, '2016-07-23 12:01:40', '0000-00-00 00:00:00'),
	(459, 'eULynpXsB8wOqLStFuRbuw8o8itdzMKcmoBn6euC', 459, 1469342415, '2016-07-23 12:10:15', '0000-00-00 00:00:00'),
	(460, 'wkR7V35q4upVfd0sYOt4RRgnGA8d3CrwUHrSDXnH', 460, 1469342629, '2016-07-23 12:13:49', '0000-00-00 00:00:00'),
	(461, 'KsGYvShPaTjw3DyfkuakUlUmjVQuA2rtzT6k3a6G', 461, 1469343210, '2016-07-23 12:23:30', '0000-00-00 00:00:00'),
	(462, 'pCrVpQdeQ867y4gAZ9ZGsQbEGrVJVmBwsujE6ie2', 462, 1469354316, '2016-07-23 15:28:36', '0000-00-00 00:00:00'),
	(463, '6l9aTEOI0wuW3QRNroV1rlS4eqX122IZJVgh7XEf', 463, 1469363104, '2016-07-23 17:55:04', '0000-00-00 00:00:00'),
	(464, 'yTkDrvZyZm1J6NF90QTkts7aZQ8jjCLyZ1E6QwYY', 464, 1469363119, '2016-07-23 17:55:19', '0000-00-00 00:00:00'),
	(465, 'CdVdXDfG6R6TkmhXxoI1Z0rP2PpDJGSYjJWosxDV', 465, 1469363203, '2016-07-23 17:56:43', '0000-00-00 00:00:00'),
	(466, 'a3gZ3Lj9iDKzTJmACxpI73MKIDJiAumbmbqs9BKt', 466, 1469426983, '2016-07-24 11:39:44', '0000-00-00 00:00:00'),
	(467, '0KL4vH9zP6z2y8hUgeaMVzyueZQ5QhCXuRcMS7UI', 467, 1469430204, '2016-07-24 12:33:24', '0000-00-00 00:00:00'),
	(468, 'vNvgINtjxEW802hMH0r3biSpvHpH4ke8LYD3U205', 468, 1471934929, '2016-08-22 12:18:49', '0000-00-00 00:00:00'),
	(469, 'psGbHakzM3Qo0BvbBKw4R4pDFhxbH63da0KyEuhJ', 469, 1472018047, '2016-08-23 11:24:07', '0000-00-00 00:00:00'),
	(470, 'egUy4GoJKv08KFoiyU9O0fyPNZiZyH3xmJKkHJeO', 470, 1472028847, '2016-08-23 14:24:07', '0000-00-00 00:00:00'),
	(471, 'zP5raQEMWTcPSanw8GgwBMDPaYxph7QkFsFp8VpG', 471, 1472100666, '2016-08-24 10:21:06', '0000-00-00 00:00:00'),
	(472, 'RhjLYY5iUvAmRqqH7et04P33N5fKlorqJ5vcT8lM', 472, 1472188430, '2016-08-25 10:43:50', '0000-00-00 00:00:00'),
	(473, 'moW72mkrjq1KjWC9pWtkwkBuzcaGGiZXND5qjDu1', 473, 1472189185, '2016-08-25 10:56:25', '0000-00-00 00:00:00'),
	(474, 'syxRE9YBzGyaWH12DyhvHolobhR5DVWZaR0RFvR4', 474, 1472189361, '2016-08-25 10:59:21', '0000-00-00 00:00:00'),
	(475, '18REh46WFeNhnNS8f2hpyX608F2erk5zYmbmzLEc', 475, 1472189633, '2016-08-25 11:03:53', '0000-00-00 00:00:00'),
	(476, 'gY2e6YlNY9O7xKL3luz1eBXpEzQ0Do6Sd1IGwQea', 476, 1472189844, '2016-08-25 11:07:24', '0000-00-00 00:00:00'),
	(477, '3LL9VJMqORts344q2HUj7wTZgCDy8mGMSc6fu2WB', 477, 1472190109, '2016-08-25 11:11:49', '0000-00-00 00:00:00'),
	(478, 'wSp543TGm8LEuHRWtTB4SH7UHkKvH60QrIk6lIaZ', 478, 1472190395, '2016-08-25 11:16:36', '0000-00-00 00:00:00'),
	(479, 'oM7Geyqq9XyhGBpjcx1HG26XDMi0j8luiXJ0ZEzm', 479, 1472190614, '2016-08-25 11:20:14', '0000-00-00 00:00:00'),
	(480, 'tLD3PYBLoD3Zk6apo12SvNTfEVbJQJ1LcYUQ5gUf', 480, 1472190694, '2016-08-25 11:21:34', '0000-00-00 00:00:00'),
	(481, 'QAzOnIqauzYPSBQBd9indXFksMfucJ90orZIpAui', 481, 1472190736, '2016-08-25 11:22:16', '0000-00-00 00:00:00'),
	(482, '2WEllOgL3euxqEtoiGXVPBJEaC6OBen6QGr4zL8b', 482, 1472233862, '2016-08-25 23:21:04', '0000-00-00 00:00:00'),
	(483, 'JgTQfomhjfC8GrXVj4Je0J970PMFK5LsU6xemwZN', 483, 1472236650, '2016-08-26 00:07:30', '0000-00-00 00:00:00'),
	(484, 'yoCB2nUK4t8RC7J2zwvazO2SYx5oPhWiXyecnVo0', 484, 1472236734, '2016-08-26 00:08:54', '0000-00-00 00:00:00'),
	(485, 'XGGffVHJnkG2TDqRew2OiajUhlByfUIHae7yjyql', 485, 1472237151, '2016-08-26 00:15:51', '0000-00-00 00:00:00'),
	(486, 'l7KinhP57n4CPU8Ii2JUvw9Je7ho56w0tbgXNjov', 486, 1472237309, '2016-08-26 00:18:29', '0000-00-00 00:00:00'),
	(487, 'QWGiu1TuPw5TyMjhA4T88RUfTVHarshbbvgnv5xJ', 487, 1472237375, '2016-08-26 00:19:35', '0000-00-00 00:00:00'),
	(488, 'epOLdzcVPwrLtwhDmbr9HDqbITNEHyqO9eT189Vw', 488, 1472237535, '2016-08-26 00:22:16', '0000-00-00 00:00:00'),
	(489, 'UtxeXpL5rvQSKYC4llYEMuoqnX5sp4YV553RzU8n', 489, 1472239399, '2016-08-26 00:53:20', '0000-00-00 00:00:00'),
	(490, 'CRlBAGfhSDpHOUNCly81r0Y52SV0ZJPKKZLhfF7M', 490, 1472241619, '2016-08-26 01:30:19', '0000-00-00 00:00:00'),
	(491, 'u4n4nnZDVYNpkIt27KQ4CAciMIMs5gxzEii9QjSF', 491, 1472242455, '2016-08-26 01:44:15', '0000-00-00 00:00:00'),
	(492, 'R19BmbEXNTjNTf8yhGdtqnTypO0wnfIjfxqIsTD7', 492, 1472242551, '2016-08-26 01:45:51', '0000-00-00 00:00:00'),
	(493, 'JFDxl7jitiTD5EKQ1ynxc6rU6PsdlKEC6ChbONBk', 493, 1472242923, '2016-08-26 01:52:03', '0000-00-00 00:00:00'),
	(494, 'Aq05pjI4zTG6FmYOJDQonOTRaGcR4wtTMQfXjLSl', 494, 1472243316, '2016-08-26 01:58:36', '0000-00-00 00:00:00'),
	(495, 'OngdroHM52Xaqq2PopApzm48tgccGfpvWvWDovS3', 495, 1472243624, '2016-08-26 02:03:44', '0000-00-00 00:00:00'),
	(496, 'UlGJ92lDH3FtOszL56psoOc01vZEwfA9SnkCBIF3', 496, 1472245258, '2016-08-26 02:30:58', '0000-00-00 00:00:00'),
	(497, 'dgHBNtbSBJcqXyHsO7kxuCgmB8AogYajvyxLLfO7', 497, 1472319269, '2016-08-26 23:04:29', '0000-00-00 00:00:00'),
	(498, 'GP1OaQTXfqvMA1sj7zLiNAXXoriAhCg8hOGziXqA', 498, 1472319853, '2016-08-26 23:14:13', '0000-00-00 00:00:00'),
	(499, 'ystuIUF3BcJDFqI7oV01kbqNDUs6DhehKUJrWefS', 499, 1472320122, '2016-08-26 23:18:42', '0000-00-00 00:00:00'),
	(500, 'UXBOWy0KqBg7I3j8tB9unn3Q5FIBOK2NRA5I3ASy', 500, 1472320362, '2016-08-26 23:22:42', '0000-00-00 00:00:00'),
	(501, 'EiIKvadTv6W5f73wzRr2kNK3bmYQRyT77uQs5Ue1', 501, 1472320655, '2016-08-26 23:27:35', '0000-00-00 00:00:00'),
	(502, 'dvhVRQOfABlOTubljzl57z6n5ThnMKFvRq2W4Kui', 502, 1472321560, '2016-08-26 23:42:41', '0000-00-00 00:00:00'),
	(503, 'c5C0cjTdvPAN2RGhciTuqRmzbNpyBWinBxrtJxMT', 503, 1472321810, '2016-08-26 23:46:50', '0000-00-00 00:00:00'),
	(504, 'UykNPRM9Aju2NhWKSAhaHrOCpHbscZ69gJmj0exe', 504, 1472321863, '2016-08-26 23:47:43', '0000-00-00 00:00:00'),
	(505, 'eRrmIpCe4t7y9mo4rZKWilSTqGXxnhK8m0cpfrPc', 505, 1472322293, '2016-08-26 23:54:53', '0000-00-00 00:00:00'),
	(506, 'AGRKhNoTNC4LmVVNnvF3cXWYo9QXJidUkACvEFSK', 506, 1472322784, '2016-08-27 00:03:04', '0000-00-00 00:00:00'),
	(507, 'ELxJOHwHhItiqs33LnKqQVumduOoBVc2i30Nw19i', 507, 1472323095, '2016-08-27 00:08:15', '0000-00-00 00:00:00'),
	(508, 'cDCxMlJYUBpin9LSzBXQzky7P3bnpe0QkZ8mVTyu', 508, 1472323214, '2016-08-27 00:10:15', '0000-00-00 00:00:00'),
	(509, 'DkUv87Zj1R6PYcxsw4nGDOHupkOQ0iJvOyRGbveT', 509, 1472392740, '2016-08-27 19:29:00', '0000-00-00 00:00:00'),
	(510, 'ftEXcoaHUqM4nFlh6goOBijQp1V4qwg4ugwZ37jn', 510, 1472393136, '2016-08-27 19:35:36', '0000-00-00 00:00:00'),
	(511, '8J8em4HWBr53iyO4zoaQYSIAxes5a3bd1wVB4gEB', 511, 1472393252, '2016-08-27 19:37:32', '0000-00-00 00:00:00'),
	(512, 'VS2Zk8SRJsyo6idNMEFPwWSvAe4QaHiD77ieW6IJ', 512, 1472393845, '2016-08-27 19:47:25', '0000-00-00 00:00:00'),
	(513, 'vIFXV7MJHKx5hN3fex966ZkcpdSstWrcm1CmVffE', 513, 1472393906, '2016-08-27 19:48:26', '0000-00-00 00:00:00'),
	(514, 'YD3QauSKWyAci7In1ja8OIXMaJXNgyHZ3SSchcqP', 514, 1472402587, '2016-08-27 22:13:07', '0000-00-00 00:00:00'),
	(515, 'LJhf1BhjVLjh5qpknUslAnkvOa2FB3F7fuoAvWGd', 515, 1472482989, '2016-08-28 20:33:09', '0000-00-00 00:00:00'),
	(516, 'bVthlVWpIeuemsXa6fr2I8g29U5rsvvGHeMr1WpI', 516, 1472483055, '2016-08-28 20:34:15', '0000-00-00 00:00:00'),
	(517, 'mnmbbi0tyfUU2jUOoHtcMlQzuAG3mlJ2DkPPbmRa', 517, 1472483364, '2016-08-28 20:39:24', '0000-00-00 00:00:00'),
	(518, 'TWFzSxUG26dsFUpJ8Q96RpR5QBAupFXRm3jIt1yD', 518, 1472484210, '2016-08-28 20:53:31', '0000-00-00 00:00:00'),
	(519, '2DyziDiCuieHhjke7miAxzh4FrF0bsCjdJOjLVmk', 519, 1472486676, '2016-08-28 21:34:37', '0000-00-00 00:00:00'),
	(520, 'VJNnq5RtUSFsadoFe8h2TSZqxon2Ct9xAUsjY3G6', 520, 1472488216, '2016-08-28 22:00:17', '0000-00-00 00:00:00'),
	(521, 'n4i4Fk4NuYDyqSZ4TOw3QAK49AYJV2mPsVpZWWmo', 521, 1472488379, '2016-08-28 22:03:00', '0000-00-00 00:00:00'),
	(522, 'wvcNOq8kkA5Selq7RvYjWF6yDbDZ4equLfH7mkw9', 522, 1472489030, '2016-08-28 22:13:50', '0000-00-00 00:00:00'),
	(523, 'd7JXtqnU9VVyos0gbbuhpnottiVGu3rxNDwVfYyP', 523, 1472490636, '2016-08-28 22:40:36', '0000-00-00 00:00:00'),
	(524, '0l8dP7T7YGIxFmIPvpYDEGtkq51jXQMkslOTPVhK', 524, 1472490923, '2016-08-28 22:45:23', '0000-00-00 00:00:00'),
	(525, 'Dk51u3rPuqYV1BFvyhsO2TIYCVQ1j5Yn6NWyE3TI', 525, 1472491626, '2016-08-28 22:57:06', '0000-00-00 00:00:00'),
	(526, 'nTOIVFYZHaRoS1JUPAkGXE0BBBXeeCUft9CQs1iD', 526, 1472581064, '2016-08-29 23:47:44', '0000-00-00 00:00:00'),
	(527, 'lAj99P4YOctcTxi2874TYh4Q2NCKK1Qt6gYv91pm', 527, 1472581702, '2016-08-29 23:58:22', '0000-00-00 00:00:00'),
	(528, 't6BAf7dUyT7Y3spFp89fC61aKqZLlRGPZs8whmDR', 528, 1472581903, '2016-08-30 00:01:43', '0000-00-00 00:00:00'),
	(529, 'OqmCFp283Mz2MAPXzgn4Y4IJC5YBILf3jQYAfs2f', 529, 1472582035, '2016-08-30 00:03:55', '0000-00-00 00:00:00'),
	(530, '42y63MS7xxh2JQLh2NJ9bVwRSGVqQkpGEUC2Iuip', 530, 1472582751, '2016-08-30 00:15:52', '0000-00-00 00:00:00'),
	(531, '8LUHghCr6SDIWklIZnzLirezIdQUrocyhvLewS5b', 531, 1472583386, '2016-08-30 00:26:27', '0000-00-00 00:00:00'),
	(532, 'C2kHRzI7JtNoMNsmNJTS2N5BF4jTei6B9NFboJ9q', 532, 1472613364, '2016-08-30 08:46:04', '0000-00-00 00:00:00'),
	(533, 'zwuLs8amN6RO23vla0rnUYhAc2sAAtEiB8NTxKKb', 533, 1472613430, '2016-08-30 08:47:10', '0000-00-00 00:00:00'),
	(534, 'MqdRoPR8sLzXBZESM6Nhz1e2c7xbPQ5jG09bmXqF', 534, 1472613658, '2016-08-30 08:50:58', '0000-00-00 00:00:00'),
	(535, 'OhbyGcea0tDgalsft1lyVm7HM6XNOLxkw1ygU1bp', 535, 1472613949, '2016-08-30 08:55:49', '0000-00-00 00:00:00'),
	(536, 'zHCySMfRWjzxPBBYtm7F3QCqxY5FZazKtgzA3hN5', 536, 1472615937, '2016-08-30 09:28:57', '0000-00-00 00:00:00'),
	(537, 'LLsu2bg3No6jzoPdjjSV7Gsqal4Qe2vEoM72yYVk', 537, 1472617825, '2016-08-30 10:00:25', '0000-00-00 00:00:00'),
	(538, '9LnOLP0xEJtUobTpbmgjKpU77pN8DMsbnXxxyNhR', 538, 1472618131, '2016-08-30 10:05:31', '0000-00-00 00:00:00'),
	(539, 'isTWrZbgSZfcpskxPqZ131ssZDN430eTggcXWXnw', 539, 1472621555, '2016-08-30 11:02:35', '0000-00-00 00:00:00'),
	(540, '48kP5W7Pk3Opdvh6QiJvVWi8TfOnL9WiU0Gxp5rx', 540, 1472621774, '2016-08-30 11:06:15', '0000-00-00 00:00:00'),
	(541, 'zRC5yFkHItqcpASZRb6nyc4csmmL2rtvW7okAVpr', 541, 1472622113, '2016-08-30 11:11:53', '0000-00-00 00:00:00'),
	(542, 'LyE1WcMJwybfxUc8YU4Av96asOBzJ4mvu7UJS76w', 542, 1472622200, '2016-08-30 11:13:21', '0000-00-00 00:00:00'),
	(543, '3SCFP3HVLiAVFijPLfIUaBtNytFVT15iHSKP6ilc', 543, 1472622385, '2016-08-30 11:16:25', '0000-00-00 00:00:00'),
	(544, 'h17O3FtDXJ2qRiiDGrvFX7gowHY4JbXwPeneYKi5', 544, 1472623088, '2016-08-30 11:28:09', '0000-00-00 00:00:00'),
	(545, 'wTXxK9RA7KuDgXtS9nmtqsHzSliURHK1bgBVd53b', 545, 1472623322, '2016-08-30 11:32:02', '0000-00-00 00:00:00'),
	(546, 'EocQcRiOpeJBpSU2sO2QfAhbiXCKDRmkco5qZMAu', 546, 1472623576, '2016-08-30 11:36:16', '0000-00-00 00:00:00'),
	(547, 'Zc9hLsOQwoZnDfRHpes8PIsCToEqtcjQm4mCJrXy', 547, 1472667064, '2016-08-30 23:41:04', '0000-00-00 00:00:00'),
	(548, 'SuTYYLbdBMkPk9ylZkla6RhhoEip3SGoNea0jNvi', 548, 1472667280, '2016-08-30 23:44:40', '0000-00-00 00:00:00'),
	(549, 'hzRS7pNPLCKDJp35B3QG5lqq68V4WvojC9NfKvne', 549, 1472667382, '2016-08-30 23:46:22', '0000-00-00 00:00:00'),
	(550, 'K4VoILbYdV2Liou7ju5jqDE5NyZWsnRrCUFhvCFn', 550, 1472669098, '2016-08-31 00:14:58', '0000-00-00 00:00:00'),
	(551, 'IVIUWZo2ncv9iKsNcfra7o86vpuaSvbVjSeakX15', 551, 1472670175, '2016-08-31 00:32:55', '0000-00-00 00:00:00'),
	(552, 'fwc4xC9LtZ9t0wpJtrpNfwRGoRkMz7s4n7UNGrJV', 552, 1472670313, '2016-08-31 00:35:13', '0000-00-00 00:00:00'),
	(553, 'exkURJNEIwhRJsel5FvoboPcMJKUEvlNzVm2eSUn', 553, 1472670420, '2016-08-31 00:37:00', '0000-00-00 00:00:00'),
	(554, 'rSBhokbs5J1LEWN8G62hSaoUkTsgRda3SGRJGgiW', 554, 1472670445, '2016-08-31 00:37:25', '0000-00-00 00:00:00'),
	(555, 'NntEGiZtBsdb6bBTVQYLWWikDmh0yZtdnJ6URXa2', 555, 1472802979, '2016-09-01 13:26:19', '0000-00-00 00:00:00'),
	(556, 'HKzvHV5c26XAi0IURlfQY61RsfEaIdSj8pnV4eDb', 556, 1472876463, '2016-09-02 09:51:03', '0000-00-00 00:00:00'),
	(557, 'BICRI5JAHrAHyAbeRL2MAFghcn0v8DailTd0VROV', 557, 1472881647, '2016-09-02 11:17:27', '0000-00-00 00:00:00'),
	(558, '6weFNx3tCItYAA6NRm1spCD6RQUNet7hM7KD4YOk', 558, 1472881830, '2016-09-02 11:20:30', '0000-00-00 00:00:00'),
	(559, 'C6arEVIpIiKtinzCUMtvqA8AovIAKjPhVcAOoDuo', 559, 1472881955, '2016-09-02 11:22:36', '0000-00-00 00:00:00'),
	(560, 'hgZXd5YrAzYEvkMWKdPp1ovswbC7BRgx2YFPueHt', 560, 1472894325, '2016-09-02 14:48:45', '0000-00-00 00:00:00'),
	(561, 'kFInGJdVaE7h2RjGSveNj4c8MDF0miPXErwH2uvv', 561, 1472902086, '2016-09-02 16:58:06', '0000-00-00 00:00:00'),
	(562, 'XzI2vQSujAzBTzF3dJhZQcoyeS4e1PMrY4LTOVBm', 562, 1472902590, '2016-09-02 17:06:30', '0000-00-00 00:00:00'),
	(563, 'dcLyIRpx1oSyFNwlaW9mmLogVIOLLKNxmW9glPCj', 563, 1472964254, '2016-09-03 10:14:15', '0000-00-00 00:00:00'),
	(564, 'fA8TTMkJiQYIjUAiy37s9q2SrUwTtRAFde2hR4hj', 564, 1472966950, '2016-09-03 10:59:10', '0000-00-00 00:00:00'),
	(565, 'lxZu2NojXRilC0kstEUhFqi9McJY7Imr1MQHdf4x', 565, 1472967239, '2016-09-03 11:03:59', '0000-00-00 00:00:00'),
	(566, 'X0va0ojFPktwGY1lQZKgwnYfJh9hfK9fJbGCDeLJ', 566, 1473231021, '2016-09-06 12:20:21', '0000-00-00 00:00:00'),
	(567, '8wTbg1HShGCSOKNTUpYOMVvo49Cugj0QMgLvktLN', 567, 1473249247, '2016-09-06 17:24:07', '0000-00-00 00:00:00'),
	(568, 'cpbtzfbyXjlxyQSWHdprfHRm3eaoVSUxiK6kjJVF', 568, 1473264871, '2016-09-06 21:44:32', '0000-00-00 00:00:00'),
	(569, 'Seil1383lpK2pz38MThRmInVO3BQdYJbaD9YjHEf', 569, 1473264910, '2016-09-06 21:45:11', '0000-00-00 00:00:00'),
	(570, 'LLuuJi531GN5pjwbRUv5pEfI9zdFk4jRLPri5OKq', 570, 1473269315, '2016-09-06 22:58:35', '0000-00-00 00:00:00'),
	(571, 'Oe871AoG09Up20ay8EgEq5wYXTrCDyhWnxwWAfmo', 571, 1473293412, '2016-09-07 05:40:12', '0000-00-00 00:00:00'),
	(572, 'GlsbFWToCw9uwuSxkV5N7L1IT3nTOjfZs46MZAXw', 572, 1473307477, '2016-09-07 09:34:38', '0000-00-00 00:00:00'),
	(573, 'lCYONmt4WHrv93gdjrFViLA5qs8nfBbjMRqDRYZk', 573, 1473308776, '2016-09-07 09:56:16', '0000-00-00 00:00:00'),
	(574, 'shlaJcSSkdsgnburTDjOoomq1Z5IBJu8Lt7wLoFc', 574, 1473308866, '2016-09-07 09:57:46', '0000-00-00 00:00:00'),
	(575, 'bUgkchuvYh7O621UZcL5feoXEyRoFwoAjEtxaNGq', 575, 1473317802, '2016-09-07 12:26:43', '0000-00-00 00:00:00'),
	(576, '7UnCv5UimMr1Mt1vOfPr1LQBoiepEExoJomL7IWX', 576, 1473326394, '2016-09-07 14:49:54', '0000-00-00 00:00:00'),
	(577, 'v37e16Czk4QB5X6I0o3EcKjdCJWWQBzPd2DL7q8b', 577, 1473326458, '2016-09-07 14:50:58', '0000-00-00 00:00:00'),
	(578, 'Pgf98c5M049P0s5HDoLaCxI0hJX1mjXd3dN85QJk', 578, 1473326657, '2016-09-07 14:54:18', '0000-00-00 00:00:00'),
	(579, 'LpeB7TxUmTR8imw8kiohZl2hNYSna6dHbBex3Snk', 579, 1473327362, '2016-09-07 15:06:02', '0000-00-00 00:00:00'),
	(580, 'qrHmxQAzJ80trHU5WcGzxFvTAaFCMWHKtMMJL8di', 580, 1473327516, '2016-09-07 15:08:39', '0000-00-00 00:00:00'),
	(581, 'r9GBC5SysH1UCMCUPugSqlwt1DiJyKfYNUpidhGn', 581, 1473341416, '2016-09-07 19:00:16', '0000-00-00 00:00:00'),
	(582, 'CJAfXMMXpPLp5ayn1DOW7AHEAGgq0NBlWn1UBESr', 582, 1473349892, '2016-09-07 21:21:32', '0000-00-00 00:00:00'),
	(583, 'v8fsUifLUOXPzVx4qwJeqOG4flEZ2Kctb2grUQFi', 583, 1473349911, '2016-09-07 21:21:51', '0000-00-00 00:00:00'),
	(584, 'S9F7yzqcJKMMjcfkq5qI6jWdspvJbhdrR4UmzVFf', 584, 1473350364, '2016-09-07 21:29:24', '0000-00-00 00:00:00'),
	(585, 'y774J5I9rfVUJSfCsmtZnoqB1loAtQbegQsM6K7P', 585, 1473352021, '2016-09-07 21:57:02', '0000-00-00 00:00:00'),
	(586, 'qvp2LJ48foVsFaJiJyQtReG5NVbiBb36Y8FGoEMe', 586, 1473352044, '2016-09-07 21:57:25', '0000-00-00 00:00:00'),
	(587, 'ypr27ke7s0t1e3zUw7uZEgkQzvxTIm6qvAvudHqD', 587, 1473352547, '2016-09-07 22:05:47', '0000-00-00 00:00:00'),
	(588, 'TiU88Wb9ZZcGg3tFq3OKJSUzdf9cnorKLBgPZOZo', 588, 1473352568, '2016-09-07 22:06:08', '0000-00-00 00:00:00'),
	(589, 'JWa2kZ3y1rzkXPaKryA8zg13pht1memtMfV1Y5lm', 589, 1473352803, '2016-09-07 22:10:03', '0000-00-00 00:00:00'),
	(590, 'b0s01qRNpysyMsUaWTlC0ngkxr9VXvFQudOZ3hTI', 590, 1473353429, '2016-09-07 22:20:29', '0000-00-00 00:00:00'),
	(591, '8dcSXysOxTDMzI0NsvhJ8Q5bPRYHL7fvSUpSaQ6u', 591, 1473353587, '2016-09-07 22:23:08', '0000-00-00 00:00:00'),
	(592, 'cJNbqW4nlne9HwytCaFeHqxV5aV58tni4ZY1Xfv6', 592, 1473353729, '2016-09-07 22:25:29', '0000-00-00 00:00:00'),
	(593, 'oD2HbjU3ewfYqsxMUvNur8UQoodlEVWshrBkMg9U', 593, 1473353813, '2016-09-07 22:26:53', '0000-00-00 00:00:00'),
	(594, 'oGfVtJDYn2HbE9RaFEVDOCpmg9dvcmW9bngbHJc9', 594, 1473356198, '2016-09-07 23:06:38', '0000-00-00 00:00:00'),
	(595, '4RblsKwRRzqyF2L7CHT5dzoYUP4lM0zyuacs9qk6', 595, 1473397325, '2016-09-08 10:32:05', '0000-00-00 00:00:00'),
	(596, 'varGd3nJj2H8WDGD8M9JEr0ORjMARnz6T7mgbdX7', 596, 1473397460, '2016-09-08 10:34:20', '0000-00-00 00:00:00'),
	(597, 'QusfKdryxBDc4Fnf36aUfjHk6WUFBlAwfpsdpeNC', 597, 1473397747, '2016-09-08 10:39:07', '0000-00-00 00:00:00'),
	(598, 'g506UvOq3lx8q6ckvyr59VtNBtL7tcDHzA9L78rg', 598, 1473399081, '2016-09-08 11:01:21', '0000-00-00 00:00:00'),
	(599, 'nFFCaQ0CEaQsV0AdsYg7wF10veIGleuZHAVdkO4w', 599, 1473399547, '2016-09-08 11:09:07', '0000-00-00 00:00:00'),
	(600, 'l4OeTOeDbs1Wd1ahCSkOhs9Crkw9MYkwp8KYkj9R', 600, 1473419124, '2016-09-08 16:35:25', '0000-00-00 00:00:00'),
	(601, 'CV6kqctcFnJSquBj3whWVsSJt526jZQx1FdRM7fj', 601, 1473490530, '2016-09-09 12:25:30', '0000-00-00 00:00:00'),
	(602, '4M9UdJEy2erAByZJEUgjArkuxTrd6NsudEsqcugo', 602, 1473499979, '2016-09-09 15:02:59', '0000-00-00 00:00:00'),
	(603, 'FRhr9UcU2AEtsYZPk759enGgJfp2r96lpbV1ctPe', 603, 1473500248, '2016-09-09 15:07:28', '0000-00-00 00:00:00'),
	(604, '3DXLpWI4mJQqNk5AU5BylAWxgFTwNhdW8sinh9Z2', 604, 1473500825, '2016-09-09 15:17:05', '0000-00-00 00:00:00'),
	(605, 'aandNoh0fedGuIxNoVOhNE0qGFgkxbaZWhPoJYf3', 605, 1473571894, '2016-09-10 11:01:35', '0000-00-00 00:00:00'),
	(606, 'SsS5rhmMQXGbePcRK20bS00iRBGKADTw70L8c0yH', 606, 1473571966, '2016-09-10 11:02:46', '0000-00-00 00:00:00'),
	(607, 'cWwu6X6DubXesJjS2X2iUX7nxZjJY1quEctl9P8a', 607, 1473578632, '2016-09-10 12:53:53', '0000-00-00 00:00:00'),
	(608, 'VDTpXGZlH388crLU5h78SF4bWfeY2aOHb3JNirto', 608, 1473578642, '2016-09-10 12:54:02', '0000-00-00 00:00:00'),
	(609, 'y1A4nqy7YEoD8yZNEAZUWrgRqEQZBqG5X8cV7Jr7', 609, 1473578985, '2016-09-10 12:59:45', '0000-00-00 00:00:00'),
	(610, 'ArUMwG3xzfvII05BX1sp18nNuonF1HRACBGmQKkZ', 610, 1473742572, '2016-09-12 10:26:13', '0000-00-00 00:00:00'),
	(611, 'ARxDAM6e0f3jXHXpVGYC6l3elrlu2T7NBgwY6cBB', 611, 1473745296, '2016-09-12 11:11:36', '0000-00-00 00:00:00'),
	(612, '5dRc8HRylZfChSs78AQmbY49qhChPeTrQ5FMvRBP', 612, 1473764866, '2016-09-12 16:37:46', '0000-00-00 00:00:00'),
	(613, 'yDjbW4i0wNfigOf2QWOQluJkEASyQShWPUTJ4Zh5', 613, 1473914841, '2016-09-14 10:17:21', '0000-00-00 00:00:00'),
	(614, 'gVBSPIav4o4tMHg3HpYADJnCsCJoc1yMbCJpPEPP', 614, 1473919071, '2016-09-14 11:27:52', '0000-00-00 00:00:00'),
	(615, 'ZxbBUVQVhNS4LxZhcWE7v70ttnm9ZVyFQRkqCos0', 615, 1473920389, '2016-09-14 11:49:49', '0000-00-00 00:00:00'),
	(616, 'y4gRobi3JvhOv7lJLZeepwvyXAs86Veg6IKTUcjK', 616, 1473922292, '2016-09-14 12:21:32', '0000-00-00 00:00:00'),
	(617, 'Z1aKlkvgYrAMvR6zx5IMbkPql4UG6HsV2CpuYsin', 617, 1473923483, '2016-09-14 12:41:23', '0000-00-00 00:00:00'),
	(618, 'THSCwtDwXVDzMXGj6saqNf361e7LwA06QiGLSyLT', 618, 1473999781, '2016-09-15 09:53:01', '0000-00-00 00:00:00'),
	(619, 'LJCtDs9jfC2DU6OgY984uNQ9hq9lR81mujHJ1mK5', 619, 1474002537, '2016-09-15 10:38:58', '0000-00-00 00:00:00'),
	(620, 'y948gQhECkcvsYXFxqmEVatL7Zf6Ag4Wj3ulaWIa', 620, 1474003403, '2016-09-15 10:53:23', '0000-00-00 00:00:00'),
	(621, 'plJNv0kObC1dIniLALjQbcctagHlABrzmYzTcgaS', 621, 1474005045, '2016-09-15 11:20:46', '0000-00-00 00:00:00'),
	(622, 'aKya22NHEF6c6JMAAPkM8BW4NMTQTJpcRwDSAyHM', 622, 1474011253, '2016-09-15 13:04:13', '0000-00-00 00:00:00'),
	(623, 'bQdncPFoNTF7svtT3H9a7thJkRLUmKHyJMctqf8n', 623, 1474014769, '2016-09-15 14:02:50', '0000-00-00 00:00:00'),
	(624, 'bIOJgqsDIIe1n5NyPn6SI8vOUe3vastdMVGTfNTt', 624, 1474015174, '2016-09-15 14:09:34', '0000-00-00 00:00:00'),
	(625, '1yVNSN2XzQ0auH0VA4S5dYzTFz5Hq38nMALY7Scu', 625, 1474015311, '2016-09-15 14:11:51', '0000-00-00 00:00:00'),
	(626, 'R0XSOHPhHacCl1qOTj6USp71vtdTXFWB8m1MXao8', 626, 1474015491, '2016-09-15 14:14:51', '0000-00-00 00:00:00'),
	(627, 'w5b2wdXkmHXw83khB0u2dUSeqkFVtFA3ALQdXPEA', 627, 1474015615, '2016-09-15 14:16:56', '0000-00-00 00:00:00'),
	(628, 'R3GJ2sFWpycv05bybJEEsJ0m1KZSIvquPw2MyDrX', 628, 1474015728, '2016-09-15 14:18:49', '0000-00-00 00:00:00'),
	(629, 'BNZfQbBl41jSswqKka1qIHqYFgeXdJ4tbWrQ5e6M', 629, 1474015779, '2016-09-15 14:19:40', '0000-00-00 00:00:00'),
	(630, 'jR9rEsaOWTW5LuZljDq5U5uDzGRAi2pVug4AT07o', 630, 1474016259, '2016-09-15 14:27:40', '0000-00-00 00:00:00'),
	(631, 'LevOmFiXyFEesG11TAbKoFpxrln6ZLeCb1IxPi7T', 631, 1474016353, '2016-09-15 14:29:13', '0000-00-00 00:00:00'),
	(632, 'wr4UD0oa44uqFY9AKq5r7D5dZ1UrKY5kVxsVTony', 632, 1474017659, '2016-09-15 14:50:59', '0000-00-00 00:00:00'),
	(633, 'm20ib9ec3M3V2cupNrquvK6oy7RW1Ib0xhEbvoC8', 633, 1474017694, '2016-09-15 14:51:35', '0000-00-00 00:00:00'),
	(634, 'lv0XPd3WuoCfm68r4mfU0DJ08ffLYUgS6hwDp8S7', 634, 1474021889, '2016-09-15 16:01:29', '0000-00-00 00:00:00'),
	(635, 'aWezVfzRplUexbc2cCYC0cepuwRPwpC5g7itfRem', 635, 1474086232, '2016-09-16 09:53:52', '0000-00-00 00:00:00'),
	(636, 'QmQf011ruL5oeMtkJB3QKO19LMmuNTNUZT68UtmV', 636, 1474086251, '2016-09-16 09:54:12', '0000-00-00 00:00:00'),
	(637, 'V10arJzqchGQ99R80v1rf3TGCtniGGy5OeIi49kR', 637, 1474088493, '2016-09-16 10:31:33', '0000-00-00 00:00:00'),
	(638, '4qji0MmLey94lXkB4r6CuhkaZwa3Pr7sz1IyTWC1', 638, 1474101174, '2016-09-16 14:02:55', '0000-00-00 00:00:00'),
	(639, 'PSI7sQSVwsKFXMyjQsuMpjVEz4GDkeLQSt6exIsX', 639, 1474180904, '2016-09-17 12:11:44', '0000-00-00 00:00:00'),
	(640, '9w3hOLYAbeiOdt2RlKmOqIgcUZaotW1gmnuWRsjr', 640, 1474181006, '2016-09-17 12:13:29', '0000-00-00 00:00:00'),
	(641, 'fC1t2xJDIopZyty00LRqpHoOlu7ghdWHUBDCJY6Y', 641, 1474181121, '2016-09-17 12:15:22', '0000-00-00 00:00:00'),
	(642, '8cTeUCV34nWV1MbSGLyqN7O1hN0fTrXNPGgUxNIZ', 642, 1474181407, '2016-09-17 12:20:07', '0000-00-00 00:00:00'),
	(643, 'gOh2WwOhaDoXQFe0rqTkhDGbZduHtSQNZBCRp69U', 643, 1474181555, '2016-09-17 12:22:35', '0000-00-00 00:00:00'),
	(644, 'dNFfyOnWcL636vk7NO0XKRwkEMiPOSR0heOYPHLP', 644, 1474181669, '2016-09-17 12:24:29', '0000-00-00 00:00:00'),
	(645, 'Q2gqfYHdXD37ufRftZxUCsMHgfoVwdbybCgyO6As', 645, 1474182051, '2016-09-17 12:30:51', '0000-00-00 00:00:00'),
	(646, 'NgmapvGZVFsLodFdqkFK95KT8SIkWpUPnUxQqJKh', 646, 1474183266, '2016-09-17 12:51:08', '0000-00-00 00:00:00'),
	(647, 'dB2mkkKFl65pQO9YMqhu8evJ3EK4ZP7s8EPeTJQm', 647, 1474183487, '2016-09-17 12:54:47', '0000-00-00 00:00:00'),
	(648, 'GuTCx8q59p8F10I7MDIIDTXCQG8uyG0grWrKjzOl', 648, 1474183559, '2016-09-17 12:55:59', '0000-00-00 00:00:00'),
	(649, 'cvJgR1is1V0CbTsIpVH2WigAOgJji1hjvoYnAkOE', 649, 1474183759, '2016-09-17 12:59:19', '0000-00-00 00:00:00'),
	(650, 'wkJ2bnkuKinHPNnxCWbuFeD0KKWVMyaFrQMxdb4k', 650, 1474183915, '2016-09-17 13:01:56', '0000-00-00 00:00:00'),
	(651, '8Cqd6NA4ruAvbfLU7RXqFf7bfEAPs8OSQS3obJAz', 651, 1474184259, '2016-09-17 13:07:39', '0000-00-00 00:00:00'),
	(652, 'REKZT3IDANZ6oJVBZFvdMIAWE3SYmSeeZnrTNte1', 652, 1474184306, '2016-09-17 13:08:26', '0000-00-00 00:00:00'),
	(653, 'TozD5GSwmwKvlqp8dWUZIhGfImYUq7hBFdvhWaUf', 653, 1474186298, '2016-09-17 13:41:38', '0000-00-00 00:00:00'),
	(654, 'hm1zEJiNl8DSrSQBeQPcYj2DQ5KmaD1lzqR5qcKS', 654, 1474186524, '2016-09-17 13:45:24', '0000-00-00 00:00:00'),
	(655, 'KccXPZUWV6xQqGeCBeYDRthyiVVv14UTjZeBhvoJ', 655, 1474186801, '2016-09-17 13:50:01', '0000-00-00 00:00:00'),
	(656, 'dhEdORPTUvOMbEVIiJueYw6jNmO9DjSdpIEuL9Cy', 656, 1474186927, '2016-09-17 13:52:08', '0000-00-00 00:00:00'),
	(657, 'w0S0Qv3aUs1X6xAfTt398wsJXDXfuK5HKt4CeTnG', 657, 1474187276, '2016-09-17 13:57:56', '0000-00-00 00:00:00'),
	(658, 'SzTWAvr1kFt5kEgMpJwIDrQ8TVTHnONLjzvKhYxe', 658, 1474187418, '2016-09-17 14:00:18', '0000-00-00 00:00:00'),
	(659, 'MW80lmuIUkC01qM6IRVEqyJkmgluiRjZHyZp178t', 659, 1474188678, '2016-09-17 14:21:19', '0000-00-00 00:00:00'),
	(660, 'hW4eCTmVLILIoWNfzQoP9IujPhVUUYrS0PE2UlcW', 660, 1474188803, '2016-09-17 14:23:24', '0000-00-00 00:00:00'),
	(661, 'rZY9ZiyrCBImmHOu0JZbjdZVKBnBwN3RA1zm3bDe', 661, 1474189086, '2016-09-17 14:28:06', '0000-00-00 00:00:00'),
	(662, '8VofWuywZ9ejkaihnuINGSxyMTKKfkJXSsX3sLtr', 662, 1474189276, '2016-09-17 14:31:16', '0000-00-00 00:00:00'),
	(663, 'qFkgLVL8ZDpGKc1v4nDdCSolwyvTaFsVCoOHbz4l', 663, 1474189378, '2016-09-17 14:32:59', '0000-00-00 00:00:00'),
	(664, '6jPcaGpe7EPQWLNCjTeoeAJi32Y71ae6XiM5jK9i', 664, 1474189485, '2016-09-17 14:34:46', '0000-00-00 00:00:00'),
	(665, '1HRTt3ARPva1pyn8UuDkO1JRMGbuzBB8z2ySeJK6', 665, 1474219321, '2016-09-17 22:52:01', '0000-00-00 00:00:00'),
	(666, 'Yb2u4Uj3EbyoRg8Yn6LQMFdPGKd0ogvqKytB4iil', 666, 1474219520, '2016-09-17 22:55:20', '0000-00-00 00:00:00'),
	(667, 'kyy5wEbU4R2fGFG7kvi4BSOrUnTJN6sdMx5cG3CY', 667, 1474350560, '2016-09-19 11:19:20', '0000-00-00 00:00:00'),
	(668, 'K42ComPhMrJMA7UTYOMSITJtS3SPgnYn6XW6nxV5', 668, 1474364734, '2016-09-19 15:15:34', '0000-00-00 00:00:00'),
	(669, 'KdcSa5IvsQGrYMdfMl20LZf4QXAZaylh35GXJiqa', 669, 1474365583, '2016-09-19 15:29:43', '0000-00-00 00:00:00'),
	(670, '9kRrccNsvaGdESRXUhOkpj3CNo6taHjfGXliim1p', 670, 1474527783, '2016-09-21 12:33:03', '0000-00-00 00:00:00'),
	(671, 'Ug6R27hyU5XSrbLLX5b8mZ8UPNmQqSsTqe9yKvDN', 671, 1474528229, '2016-09-21 12:40:29', '0000-00-00 00:00:00'),
	(672, 'K33y27sLFB21sa74WXFJzi2UJ1pz2Ax1g3TOTc56', 672, 1474622721, '2016-09-22 14:55:21', '0000-00-00 00:00:00'),
	(673, 'zWFlAzvcdmQYBetnd9zgLQhISAlbJ0ByhRA9WTF0', 673, 1474969846, '2016-09-26 15:20:46', '0000-00-00 00:00:00'),
	(674, 'c6U8AwjuFT3P3GPj0YrRhdp4yK1BoD07Pq3agZ7W', 674, 1475088648, '2016-09-28 00:20:48', '0000-00-00 00:00:00'),
	(675, 'LQdLNcavrYcdNHL21NihhunVO5K3oPU8QoEZlieZ', 675, 1475088982, '2016-09-28 00:26:22', '0000-00-00 00:00:00'),
	(676, '8f3q57JUFAceKsTScGmNVGmSMRneSVkbg4j6Hmwx', 676, 1475478092, '2016-10-02 12:31:33', '0000-00-00 00:00:00'),
	(677, 'QYigMnTN3HpP2RoQ9BwlINx3PHeupqXhIdDGCWrR', 677, 1475561043, '2016-10-03 11:34:03', '0000-00-00 00:00:00'),
	(678, 'tjUGtPxTb5ihOjX4pbtZWRUa6hKV8IvMuIZBv0zT', 678, 1475561374, '2016-10-03 11:39:34', '0000-00-00 00:00:00'),
	(679, 'GhPQpjCeLVz0lKDhiHCW9nd4kZePzh9GyK8zdz5B', 679, 1475565458, '2016-10-03 12:47:38', '0000-00-00 00:00:00'),
	(680, 'B2bF0B3QUnKvwTd32nse4nCoGNMJevLmsqRUQoJM', 680, 1475566183, '2016-10-03 12:59:43', '0000-00-00 00:00:00'),
	(681, 'ASi4EaEIzlksSpOFlnIv7ip0OrKodZekLHJSNwez', 681, 1475567499, '2016-10-03 13:21:39', '0000-00-00 00:00:00'),
	(682, 'p2LelZHW4jq0XVC40mytQ9SZjbNwM5PshnOtgXTd', 682, 1475567574, '2016-10-03 13:22:54', '0000-00-00 00:00:00'),
	(683, '2Wm57U5QJ98SjeUxFb52nBkhFFsu8IqqRsd1F1xP', 683, 1475573583, '2016-10-03 15:03:03', '0000-00-00 00:00:00'),
	(684, '3ITVCHYdy4XtFfJUQsW1q0EU1YRk3AwZEbHqk5Am', 684, 1475605463, '2016-10-03 23:54:23', '0000-00-00 00:00:00'),
	(685, 't4U9Iusjf6UsaPasPxLerDPZx5hOQDhscFCU9VHj', 685, 1475605513, '2016-10-03 23:55:13', '0000-00-00 00:00:00'),
	(686, 'M11T3DTwJciQEZkXQaH15NL7CqoRTXkbaz64VkFV', 686, 1475605595, '2016-10-03 23:56:35', '0000-00-00 00:00:00'),
	(687, 'vA13xqe16dvMabUllmrqKhBOnjyD8zAmJ70BmJ4L', 687, 1475605645, '2016-10-03 23:57:25', '0000-00-00 00:00:00'),
	(688, 'dTMhRG8SMWpTAdQNJ7P24a9W3SZEy02smbPP0GPW', 688, 1475605869, '2016-10-04 00:01:10', '0000-00-00 00:00:00'),
	(689, 'fDctm0gWkFUm3gCybVUk5nkP246WEk4dlL29Sbqk', 689, 1475605944, '2016-10-04 00:02:25', '0000-00-00 00:00:00'),
	(690, '4LiOYTIbGtSB9D4peGuQN6wuqbT2AEpovb9DWWwL', 690, 1475605961, '2016-10-04 00:02:42', '0000-00-00 00:00:00'),
	(691, 'vTR3a1RdmUjF6O00tRgjShZtB69wzUitdg13BRVB', 691, 1475606088, '2016-10-04 00:04:48', '0000-00-00 00:00:00'),
	(692, 'WYQNCUCVeqnHwW8JxDy2YeKzoeMoPZUPkgGFRaBW', 692, 1475606332, '2016-10-04 00:08:52', '0000-00-00 00:00:00'),
	(693, 'SuKz32gINRl2olW977tRE8Kj5IZ4D6MwNOUZaqfy', 693, 1475606548, '2016-10-04 00:12:29', '0000-00-00 00:00:00'),
	(694, 'Z0k6sUjRrBKbBghmmzGmJ0NAV8U3F1rUa9vGuHEL', 694, 1475606762, '2016-10-04 00:16:02', '0000-00-00 00:00:00'),
	(695, '9y83tekXNsLZewH9cVTxOlZpsHbLVtX7rfwgygNe', 695, 1475607779, '2016-10-04 00:32:59', '0000-00-00 00:00:00'),
	(696, 'yMjzPxlB1mbf8LnpKLhjuDTtaOSFcsRu3q0ATgOV', 696, 1475607873, '2016-10-04 00:34:33', '0000-00-00 00:00:00'),
	(697, 'SiH5wxcshqFN6SMF81G802khqKIAoI5YgQCGm7xg', 697, 1475607886, '2016-10-04 00:34:49', '0000-00-00 00:00:00'),
	(698, 'MoqfverV9M9WT2JGzf8MhBAxCOvqCPTLixuX8ak9', 698, 1475645109, '2016-10-04 10:55:09', '0000-00-00 00:00:00'),
	(699, 'GiccwGzLS9RAtp8yLNAl30OCAW1bmSzb1QFtX3GL', 699, 1475647023, '2016-10-04 11:27:04', '0000-00-00 00:00:00'),
	(700, 'zU8FZQLSHw2M6GTHs8ULXH3AckTu4LeVnu7w68j0', 700, 1475651025, '2016-10-04 12:33:46', '0000-00-00 00:00:00'),
	(701, 'EtFF6uMc9zLTppDDMAuJZYIyFTH0xnTlQrsMzyYN', 701, 1475651576, '2016-10-04 12:42:56', '0000-00-00 00:00:00'),
	(702, 'AZwQkFVnsMO9HaO69oz1vQIXfJbTu1BXjwsOf1tK', 702, 1475653053, '2016-10-04 13:07:33', '0000-00-00 00:00:00'),
	(703, 'qGo2WUvtuvVJMPmW6DmHsapsi3S2SUBISIgtjXHo', 703, 1475659689, '2016-10-04 14:58:09', '0000-00-00 00:00:00'),
	(704, 'X5GzXQxux5lJe03rZ2K6Oes5997Vk6iWZmF9bh2n', 704, 1475732816, '2016-10-05 11:16:56', '0000-00-00 00:00:00'),
	(705, 'QrfzJdNhadrRNXuN4UDoIpUsnJ9S87s30t3T0yki', 705, 1475736292, '2016-10-05 12:14:52', '0000-00-00 00:00:00'),
	(706, 'fuJZupvcV8NltsOm64ov82Dzuk84jvBvfgpO66m9', 706, 1475746727, '2016-10-05 15:08:47', '0000-00-00 00:00:00'),
	(707, 'jYvwoA3iFhQwPvhW9odapP9Y7A4juEibNXgQfCdn', 707, 1475747511, '2016-10-05 15:21:51', '0000-00-00 00:00:00'),
	(708, '4pSjZAm3odmJbQMoIZt6y5CakNReuXvcB5emlC17', 708, 1475747640, '2016-10-05 15:24:00', '0000-00-00 00:00:00'),
	(709, 'xACvK2lXAWO7z58YeAaXpSBsNCoGsnQyjN6omUwu', 709, 1475748044, '2016-10-05 15:30:44', '0000-00-00 00:00:00'),
	(710, 'NDOIrbsy40NoPwQl9qw9OCMn9zUQCnTeeUADrOeI', 710, 1475770539, '2016-10-05 21:45:39', '0000-00-00 00:00:00'),
	(711, '4AWsmdUPH0y59hkirRYdLcBHgCcOlwhIVVkvrXDr', 711, 1475770591, '2016-10-05 21:46:31', '0000-00-00 00:00:00'),
	(712, 'MvoMQ6ul80qSmHvqsuOQ1WGGcHq2sDynDBgDKFo9', 712, 1475770743, '2016-10-05 21:49:03', '0000-00-00 00:00:00'),
	(713, 'D2EbqEuywZJEO1oaNWcZfzl0THAPmKR37vCvnRSH', 713, 1475771190, '2016-10-05 21:56:30', '0000-00-00 00:00:00'),
	(714, 'ifoPXsUFlnUokmSHSbyXmxXIy1PybAIVsF8WiAyF', 714, 1475771230, '2016-10-05 21:57:10', '0000-00-00 00:00:00'),
	(715, 'h5Wa8NI9RqZd0S9BhJ2iCn5SSGivZFgTU4LAOszn', 715, 1475771254, '2016-10-05 21:57:35', '0000-00-00 00:00:00'),
	(716, '2X5olymiHgi7mjKAM1IvsSn2TVCwW5xls5pdW1OP', 716, 1475771329, '2016-10-05 21:58:50', '0000-00-00 00:00:00'),
	(717, 'zF7g14YmyQoKE56ffoqwwDVTznCPitobDF4gJfVX', 717, 1475771433, '2016-10-05 22:00:33', '0000-00-00 00:00:00'),
	(718, 'Bj0wvhEmjFTTHREbl8j1WxZ3rRJ3hUTa9Qy0vKxD', 718, 1475771553, '2016-10-05 22:02:34', '0000-00-00 00:00:00'),
	(719, 'Kv2k0ROlMNDO0TENe0psqk3uBCghLR3SOUPOl9W5', 719, 1475771643, '2016-10-05 22:04:03', '0000-00-00 00:00:00'),
	(720, 'pNOFaTAZrWDjrvXTwTDlZ9oAK2XNz9zZRz9a3tWu', 720, 1475774133, '2016-10-05 22:45:33', '0000-00-00 00:00:00'),
	(721, 'SiXMXbbTmsjN3vNXFQZE9PIFwTPe0Qas8VnvbSah', 721, 1475774145, '2016-10-05 22:45:46', '0000-00-00 00:00:00'),
	(722, 'LwL4lQ4upcIr3vnBm3qxvumioXnLhwJXgUxh65n9', 722, 1475774225, '2016-10-05 22:47:06', '0000-00-00 00:00:00'),
	(723, 'udj9JsfDE8ceQVxhhQIVrxi3GBVjzRPBJ7TRre7Q', 723, 1475774899, '2016-10-05 22:58:19', '0000-00-00 00:00:00'),
	(724, 'mt9kCUOgn9sgEt22O64KWlNRfMUnJwiLsirSOkUc', 724, 1475816325, '2016-10-06 10:28:45', '0000-00-00 00:00:00'),
	(725, 'v4xCTMYQMsqiKis3A6uVVitYlOsPbWUiJ6ALLT6v', 725, 1475816564, '2016-10-06 10:32:45', '0000-00-00 00:00:00'),
	(726, 'V3lfKoI7FKj2EI7WIvQyTXa2EdALsMETO6tfswzb', 726, 1475817653, '2016-10-06 10:50:54', '0000-00-00 00:00:00'),
	(727, '3a3KN7KJJjnbBlMRHPprdU8mx9Y5Pid8wvsr2aU1', 727, 1475817889, '2016-10-06 10:54:49', '0000-00-00 00:00:00'),
	(728, 'ZUXJyRP9oLZbE8WpK6DnDsNZPjLfOOidbTgB1l4H', 728, 1475818109, '2016-10-06 10:58:29', '0000-00-00 00:00:00'),
	(729, 'tTnbjvr3qazNTg7CEbpbJMb5t3A2U7M8e1pSmxrX', 729, 1475818846, '2016-10-06 11:10:46', '0000-00-00 00:00:00'),
	(730, 'pOlAag07MhpmIgO5hHAElfRv3Rw1QnW4GfgRa8tC', 730, 1475820093, '2016-10-06 11:31:33', '0000-00-00 00:00:00'),
	(731, 'GjrEjTBSafFFmQaqZQDXr6yC1VcuxUVk8JscgNUT', 731, 1475834147, '2016-10-06 15:25:48', '0000-00-00 00:00:00'),
	(732, '8pu2Y2E9qfL9w7zhUWxqQJwu02kbhZmoYEIVYOKr', 732, 1475838367, '2016-10-06 16:36:07', '0000-00-00 00:00:00'),
	(733, 'xvGNxBUgR1kVZ6eHe7c3t077rCNRHybohFViwakn', 733, 1475839734, '2016-10-06 16:58:54', '0000-00-00 00:00:00'),
	(734, '8m4GTfYM4tT9uoCG4SezKrwuDyVhoTXu1nS12ddy', 734, 1475862062, '2016-10-06 23:11:03', '0000-00-00 00:00:00'),
	(735, 'mxPl3Jxvp40rFgtxR5mlCux6rUuuN1C7M6906bRq', 735, 1475863662, '2016-10-06 23:37:43', '0000-00-00 00:00:00'),
	(736, 'azVKLeTiF6Zz4UiJaSXkUI8GUSgNcb7jIIXM6rtv', 736, 1475864730, '2016-10-06 23:55:30', '0000-00-00 00:00:00'),
	(737, 'TITVpZVGHmUkAmERTS3McgeTxDfumMeAoy6WTCAG', 737, 1475864847, '2016-10-06 23:57:27', '0000-00-00 00:00:00'),
	(738, 'jUzrvoWJMzeFniaTfBZLVdazKm5BXIZbgxYNumTP', 738, 1475865029, '2016-10-07 00:00:29', '0000-00-00 00:00:00'),
	(739, '27gPLtXQvej6IeNL1OmCuLPM6y4NxyRkEI323svC', 739, 1475865668, '2016-10-07 00:11:09', '0000-00-00 00:00:00'),
	(740, 'ScxhjqkjgUTkk3tYZIBVlg9tbpenL80mgmUIcA6T', 740, 1475865963, '2016-10-07 00:16:03', '0000-00-00 00:00:00'),
	(741, 'gbZ6ZExeLN8kTKD8eymiRetYU5J7trDCJHJfbAmF', 741, 1475866122, '2016-10-07 00:18:43', '0000-00-00 00:00:00'),
	(742, 'GnF76Qtg3Amj41SoBjbmfY4Adw9u4lWBn6ZAk9et', 742, 1475866234, '2016-10-07 00:20:34', '0000-00-00 00:00:00'),
	(743, 'Avk5AVfr4JTvcDgnQRas49lwgaVjY3KFYYMHgiWy', 743, 1475866371, '2016-10-07 00:22:51', '0000-00-00 00:00:00'),
	(744, 'hZ0C5ZcGzrRbcy97eOnFLbVWvUlv1lL69qBsGMrA', 744, 1475866437, '2016-10-07 00:23:58', '0000-00-00 00:00:00'),
	(745, 'Or9J6X8EtdLEicRqUz2NeDkRxya4RFzCDhtzYwHi', 745, 1475866614, '2016-10-07 00:26:54', '0000-00-00 00:00:00'),
	(746, 'qCwiuMMoK0yaeJycxQsBawCVRsmLTyCsbq0k6maY', 746, 1475867011, '2016-10-07 00:33:31', '0000-00-00 00:00:00'),
	(747, 'XIVhsZnGM5VwsnNFwYQyAIPqm3ezFVPg50fGQdgw', 747, 1475900938, '2016-10-07 09:58:58', '0000-00-00 00:00:00'),
	(748, 'PPsPg3CbM57jafHg4G1F4rSII0ee9k5phMdWTKuC', 748, 1475901058, '2016-10-07 10:00:58', '0000-00-00 00:00:00'),
	(749, 'yaXtYjrBydGw7GajasnfY55vPsaDqkKbcSXo5rCW', 749, 1475902034, '2016-10-07 10:17:14', '0000-00-00 00:00:00'),
	(750, '2Fgj3ciJU1Emdsy5zckks3xeiNLh3tCy7qwIt8IC', 750, 1475903301, '2016-10-07 10:38:21', '0000-00-00 00:00:00'),
	(751, 'C6jVft0kPxhSAm2ZSiPQ9kqzAOLEvhIJXWV8O5I3', 751, 1475903312, '2016-10-07 10:38:33', '0000-00-00 00:00:00'),
	(752, 'mSzYTZtybwdKUulBvXOt6APLeB2xzpRz3JZbijWN', 752, 1475905156, '2016-10-07 11:09:16', '0000-00-00 00:00:00'),
	(753, '1UExq0ECnoQlYlzRvXeaqhFCJoTFhKTT7KM8Wzy3', 753, 1475905403, '2016-10-07 11:13:23', '0000-00-00 00:00:00'),
	(754, 'vhWSfm8akDcYUtBooMYt3WDuvx6u8jKkrrNSSJV8', 754, 1475905476, '2016-10-07 11:14:36', '0000-00-00 00:00:00'),
	(755, 'cMsF4evz5wk9U2x7pyAoGxNe63X5NVEuOUCq8yzR', 755, 1475905592, '2016-10-07 11:16:34', '0000-00-00 00:00:00'),
	(756, 'oxykRICx6GWHFIpZMW0INLdtLqM0DlZkqlM63nf1', 756, 1475946132, '2016-10-07 22:32:13', '0000-00-00 00:00:00'),
	(757, '1a5ykaCyW5u5gI0jTYDiQ2NOPXirK02scWgvwVDR', 757, 1475946295, '2016-10-07 22:34:55', '0000-00-00 00:00:00'),
	(758, 'LyiIuwO5R9AUmhgsuUFy8qsVEiNJnzx38RVpjUOi', 758, 1475985953, '2016-10-08 09:35:53', '0000-00-00 00:00:00'),
	(759, 'eBQpj6iAwJCFbdcSIWoGCONT0uzdio4TakLbZvdj', 759, 1475993939, '2016-10-08 11:48:59', '0000-00-00 00:00:00'),
	(760, 'Qpvwpg1ECJgI7jhqjvJR6tVThrVgrIWxmlzQ514a', 760, 1475994085, '2016-10-08 11:51:26', '0000-00-00 00:00:00'),
	(761, 'uMD9aQp4EhDBtgWhOSX3k0CLLq0I9I3Nw4XcwCyU', 761, 1475994830, '2016-10-08 12:03:50', '0000-00-00 00:00:00'),
	(762, 'Vz67zDq9E5KwBus2kvTvvrfoUPHQXpYMeNNPd8j4', 762, 1475997152, '2016-10-08 12:42:32', '0000-00-00 00:00:00'),
	(763, 'EpZ7OjTijJzKc8pkiU1NSdFHxXToqgh0YTkmwnJF', 763, 1475997299, '2016-10-08 12:44:59', '0000-00-00 00:00:00'),
	(764, 'm0ZnVxuTqSltqrQrcIj0UV7aFJHsIWfabysBRMiv', 764, 1475997306, '2016-10-08 12:45:06', '0000-00-00 00:00:00'),
	(765, 'IcU1GHguzzhxl9OXuoebv26rpT7h4PHFPgHsUGHk', 765, 1475997326, '2016-10-08 12:45:26', '0000-00-00 00:00:00'),
	(766, 'ntx0VlY8Klj8QYpKS619Nyv7c8lgLURvaBrh40NM', 766, 1475997377, '2016-10-08 12:46:17', '0000-00-00 00:00:00'),
	(767, 'YLZL7eUrRGJnsdNqAYtuD6DSN7VT1JjCch4vok3d', 767, 1475997509, '2016-10-08 12:48:30', '0000-00-00 00:00:00'),
	(768, 'BH9uel8sGdwdyFzR4nNMI15cnbHe9xbfM9iZPVHa', 768, 1475997568, '2016-10-08 12:49:29', '0000-00-00 00:00:00'),
	(769, 'Y7rqHl4OYlmZnQxuN0WryS9WidAu8ssaOX5fOiv7', 769, 1475997926, '2016-10-08 12:55:26', '0000-00-00 00:00:00'),
	(770, 'K2VE44mT83tJXupuVbA29TXyGbL4kp9pYQA1jLOV', 770, 1475998017, '2016-10-08 12:56:57', '0000-00-00 00:00:00'),
	(771, '5RxuY2x4XIoB1GGpnjelPypwcUk99w9Bz0GP8UNg', 771, 1475998455, '2016-10-08 13:04:15', '0000-00-00 00:00:00'),
	(772, 'UcUKMjD5C2HN6qsmtcrf1POyFp6Y2DtRFx0UPkd5', 772, 1475998831, '2016-10-08 13:10:31', '0000-00-00 00:00:00'),
	(773, 'uJoQ3FIUtkomMKgAwxWtBoC6mjnJcB2a4DGucDqK', 773, 1475998862, '2016-10-08 13:11:03', '0000-00-00 00:00:00'),
	(774, '46g2lzslVVziy8HWomgwPcVLyAghkxHuryznH5Id', 774, 1475999492, '2016-10-08 13:21:32', '0000-00-00 00:00:00'),
	(775, '1XGMjKEarGnhDyCwTigE8ER6oW4opJdK7swcvrDH', 775, 1475999888, '2016-10-08 13:28:08', '0000-00-00 00:00:00'),
	(776, 'd046C5XJUimtpg8O3mWaecCJzGUR1XNtORQdhiEO', 776, 1475999891, '2016-10-08 13:28:12', '0000-00-00 00:00:00'),
	(777, 'AZre6beizK7oRkcmIOn6TaJDjp27F6VUrsppbaiE', 777, 1475999998, '2016-10-08 13:29:58', '0000-00-00 00:00:00'),
	(778, 'nvenDIIyQXG5CXrv17sDS4itZ3ZTeiKTLVh8ZuoJ', 778, 1476000102, '2016-10-08 13:31:42', '0000-00-00 00:00:00'),
	(779, 'k4VLR86bOIKG6ln1k6RTkOVgoWgVcF4zUrUAVFbR', 779, 1476000154, '2016-10-08 13:32:35', '0000-00-00 00:00:00'),
	(780, '9lgmdjha48M58Flojoh67uT0D1hyR55jG3bKVKVL', 780, 1476000333, '2016-10-08 13:35:33', '0000-00-00 00:00:00'),
	(781, 'D2TTKd3Xp164xQUtPB1X1FgrUhmWCciqcEtADDoc', 781, 1476000861, '2016-10-08 13:44:21', '0000-00-00 00:00:00'),
	(782, 'Qc140TVBKfVgFfoTjNKSawvQN9GHtAQhKfOwCR9F', 782, 1476001808, '2016-10-08 14:00:08', '0000-00-00 00:00:00'),
	(783, 'yHcf0DeEyYgW3gl4iuu3vmMW39sfuYScvXTTRNnN', 783, 1476001960, '2016-10-08 14:02:41', '0000-00-00 00:00:00'),
	(784, 'oaDlLNtIZHN3xer3uoSYRBxqHC5rGhxiGFSOvmHn', 784, 1476002062, '2016-10-08 14:04:22', '0000-00-00 00:00:00'),
	(785, 'eC3qNsVwPzO8ztaUn5KC32qa5nKOhYxlLcP5bQJf', 785, 1476002147, '2016-10-08 14:05:47', '0000-00-00 00:00:00'),
	(786, 'fsfnbCbNcgnGH0eJSgZpNY4nK5pVbjFQuu4LuaVU', 786, 1476002247, '2016-10-08 14:07:28', '0000-00-00 00:00:00'),
	(787, 'hEZ5rTZSAavpAkCyqlotnfOzJiZDNDZB04ILlvTV', 787, 1476002326, '2016-10-08 14:08:46', '0000-00-00 00:00:00'),
	(788, 'OUrjlhu7BA8DwUqry6mG3CbYpq7rcpI1GwK4WwY3', 788, 1476002385, '2016-10-08 14:09:46', '0000-00-00 00:00:00'),
	(789, 'leaYW5y8HDDSCAMn2EjETE6s0t6rykdwizQU8Eq2', 789, 1476002552, '2016-10-08 14:12:33', '0000-00-00 00:00:00'),
	(790, '047yKQXjkbcRcZKBj2NvAbqlvnlHpICo8IMxQ43k', 790, 1476002638, '2016-10-08 14:13:58', '0000-00-00 00:00:00'),
	(791, 'k51sKsnsYsde8E8Az4WseyaBMHdtDFSAKylmwoxU', 791, 1476002793, '2016-10-08 14:16:33', '0000-00-00 00:00:00'),
	(792, 'cGnoKfqCRf3gBIkveR0xBK5L3XNjXkhEEVS7rHbu', 792, 1476002799, '2016-10-08 14:16:39', '0000-00-00 00:00:00'),
	(793, '9XpeUuDouLXW3uqUGDQ2vMQJjwqjTd08m5TMWuoL', 793, 1476002916, '2016-10-08 14:18:36', '0000-00-00 00:00:00'),
	(794, 'nJsTd16qABQpu6wEFj97sd0ij7IDq9KRQWcTU9SU', 794, 1476002978, '2016-10-08 14:19:39', '0000-00-00 00:00:00'),
	(795, 'E6do7GxqFM1tVcMiqNAbKGbmfrlGXITpDCx5TT08', 795, 1476003133, '2016-10-08 14:22:13', '0000-00-00 00:00:00'),
	(796, 'p4ihuC8xfm9ZhE4xAU02SGePyizHEZBXS6CiM7ib', 796, 1476003193, '2016-10-08 14:23:13', '0000-00-00 00:00:00'),
	(797, 'npRQJDMrYNAZB6own7p9i8cCCGCL3UK6e6ELAGyV', 797, 1476003250, '2016-10-08 14:24:10', '0000-00-00 00:00:00'),
	(798, 'in4tNjB79gQL9ovlWEbuP6MW1AQu8F6Na8rBaLzD', 798, 1476003275, '2016-10-08 14:24:36', '0000-00-00 00:00:00'),
	(799, 'Wfb4XwnZGjE5k4mtrujOJHzqSJhJXA3hp2F2LyrC', 799, 1476003525, '2016-10-08 14:28:45', '0000-00-00 00:00:00'),
	(800, 'J36gWtcSPijiV5lzY6aVcqAQQMw4XIfIDYa8vHVA', 800, 1476003924, '2016-10-08 14:35:24', '0000-00-00 00:00:00'),
	(801, 'GKXWXedIXy1HjcDkgona82G7OlLZQ96ejCyYSWFF', 801, 1476004004, '2016-10-08 14:36:45', '0000-00-00 00:00:00'),
	(802, '73zPICeFp8XTJ2AHs2EMT3FpMthwXXaquC1ETAl3', 802, 1476004079, '2016-10-08 14:38:00', '0000-00-00 00:00:00'),
	(803, 'MBjpWQjsMddxPP2mVpZS3aYEs2HLt1w2UEKgxRGP', 803, 1476005134, '2016-10-08 14:55:34', '0000-00-00 00:00:00'),
	(804, 'tHulYapyw3EoDnB9ID2PhOoqA1IT5Wxnl1lPGBuk', 804, 1476005143, '2016-10-08 14:55:43', '0000-00-00 00:00:00'),
	(805, 'shllRJEFhNVltSz5tSJygLJeEfjzTlkyhjTh5dj3', 805, 1476005223, '2016-10-08 14:57:04', '0000-00-00 00:00:00'),
	(806, 'nkyVyEadKcPEW0CEPYDp5iESb4pumZl0WOxfKIfM', 806, 1476008683, '2016-10-08 15:54:43', '0000-00-00 00:00:00'),
	(807, 'ih3P8C5Vzrabw9WwhfpavV4L6NjRYBtuwTqjFRIX', 807, 1476008817, '2016-10-08 15:56:57', '0000-00-00 00:00:00'),
	(808, '8hJZOAQHvHUxAiXhWs0uOscknM0pmU5vLHHpewFI', 808, 1476009032, '2016-10-08 16:00:32', '0000-00-00 00:00:00'),
	(809, 'hkSRXkJuhGCtmPYYlTe5d6m89kSHcvdGbwMow6OA', 809, 1476009210, '2016-10-08 16:03:31', '0000-00-00 00:00:00'),
	(810, 'BOZnoQKBHNdVcnyDuXSvGEB9PC3Jax1GYXjmTdZA', 810, 1476009267, '2016-10-08 16:04:27', '0000-00-00 00:00:00'),
	(811, 'rwrP3KYiR76SdZEp6YF3JxNxdXiz8hxun8nXW2gw', 811, 1476010008, '2016-10-08 16:16:48', '0000-00-00 00:00:00'),
	(812, 'OCRJBd5p1kQMaKBI5iDi2qyWmwcExqarrWRTYAzA', 812, 1476010951, '2016-10-08 16:32:31', '0000-00-00 00:00:00'),
	(813, 'Bxf0zgodyZGFbI2Q6CE6JKxvpbZw9wOJ4ABYcVBJ', 813, 1476011002, '2016-10-08 16:33:22', '0000-00-00 00:00:00'),
	(814, 'TUGeZBGVsJfyAmHnEbFQPiTDzz8sSnKZ1VIXaVCt', 814, 1476011137, '2016-10-08 16:35:37', '0000-00-00 00:00:00'),
	(815, 'v7ZDmcmhIO1VjMTR5xcXSCMHXvEdHtZhyKRT34LN', 815, 1476011429, '2016-10-08 16:40:29', '0000-00-00 00:00:00'),
	(816, 'zhkZbp6VTMrB0dhNQ5nXzXNhXQJkHOSJSHEMr57t', 816, 1476011604, '2016-10-08 16:43:24', '0000-00-00 00:00:00'),
	(817, 'qElOGO4JvxMF3auJmzM2vbsNZmIAfZLqHs2tsxc2', 817, 1476011716, '2016-10-08 16:45:16', '0000-00-00 00:00:00'),
	(818, 'Xe5lsy9ObPySLvLhTnrMKfFug8zZ9gW7EY1mtmm0', 818, 1476032800, '2016-10-08 22:36:40', '0000-00-00 00:00:00'),
	(819, 'LQCwaQc3Oy5Tycpjq0xhVqybRFtlAEuPQYCQF8Pj', 819, 1476032817, '2016-10-08 22:36:58', '0000-00-00 00:00:00'),
	(820, 'J0KHUxp6ABvx3wN0YjDLfbILVc9b3lyS8mul9hR9', 820, 1476034048, '2016-10-08 22:57:28', '0000-00-00 00:00:00'),
	(821, 'FSxJepAorWYTaBjGCNPm9O5NkEw7ZddJAaAiDrDa', 821, 1476034057, '2016-10-08 22:57:37', '0000-00-00 00:00:00'),
	(822, 'W2bAhbBDaSNLgpgdCezqwA9luPm7kaDaLctv1YMN', 822, 1476085620, '2016-10-09 13:17:00', '0000-00-00 00:00:00'),
	(823, 'F3ETsxwdwIPnwRFLFQqof0NZlhwsoVzUSkMdGqO0', 823, 1476086206, '2016-10-09 13:26:46', '0000-00-00 00:00:00'),
	(824, '4bhT4OuUX9EFLclo6nWhlI0Q1w7uiICJMAPi6yH1', 824, 1476086724, '2016-10-09 13:35:24', '0000-00-00 00:00:00'),
	(825, '2jAeX6bcviumrY3lw1kq3mBIrSpm7C8bJbNLd5jb', 825, 1476086931, '2016-10-09 13:38:52', '0000-00-00 00:00:00'),
	(826, 'SIPK8Elahx2ZXixbv3Fd8Wje80xKAG66d4o69jPi', 826, 1476087197, '2016-10-09 13:43:17', '0000-00-00 00:00:00'),
	(827, 'lzsjReqsqngyn6vCCDqCa6OWuvOJ6qGaQtvvfsJo', 827, 1476087338, '2016-10-09 13:45:38', '0000-00-00 00:00:00'),
	(828, 'sx6o2bAxUCms5zH6EgAdpNuwOdpPkvSHqQsioME8', 828, 1476087342, '2016-10-09 13:45:42', '0000-00-00 00:00:00'),
	(829, 'PLJVIVcawm91ogofwq62ekGhHkMw3gDmpCnckvbA', 829, 1476087439, '2016-10-09 13:47:19', '0000-00-00 00:00:00'),
	(830, 'h8y54QhXnEa51LZlc9CscF5N46ZM0h1cDkjhyZZl', 830, 1476088502, '2016-10-09 14:05:03', '0000-00-00 00:00:00'),
	(831, 'ooA6WEjepkGn16zPHFAwvgtmD2F7jcad2bQAKF8I', 831, 1476088662, '2016-10-09 14:07:43', '0000-00-00 00:00:00'),
	(832, '3eAYsqifNc0YYmNUBmEX49n4WlwX63U93mEWkY0m', 832, 1476088689, '2016-10-09 14:08:09', '0000-00-00 00:00:00'),
	(833, '7k6nx9LeOLsi3eQathIPWUU6wXfBm53qDKXoEqfo', 833, 1476089164, '2016-10-09 14:16:04', '0000-00-00 00:00:00'),
	(834, '3qPjUg2UwirkrRb0rpm6VEFEKPgI61DJxqn1TCUr', 834, 1476089288, '2016-10-09 14:18:09', '0000-00-00 00:00:00'),
	(835, 'rzf8EafUjqgmEdMjUQWuCzxNrwGJtZU6tI3u7I19', 835, 1476109019, '2016-10-09 19:46:59', '0000-00-00 00:00:00'),
	(836, 'noaFOtUGvpkxRo6SpWcXkxD8HesnMGIxMxKXRFwG', 836, 1476110123, '2016-10-09 20:05:24', '0000-00-00 00:00:00'),
	(837, 'QkRf3KCqoA3lHPetb5DpVpbdZklokL0RgP43jPj4', 837, 1476110284, '2016-10-09 20:08:04', '0000-00-00 00:00:00'),
	(838, 'gKDae6KyXqYOKdMZEVlCvgKa0aayY9SIgFo2ji57', 838, 1476110852, '2016-10-09 20:17:32', '0000-00-00 00:00:00'),
	(839, 'JwTmaQO1ydxRccC7XDVcddkZgX3RkEgzbrqwRJCY', 839, 1476110950, '2016-10-09 20:19:10', '0000-00-00 00:00:00'),
	(840, 'yCOri8D5ExLmi6ixrYQ8btEjMZcSRXeCRCqeePpG', 840, 1476111478, '2016-10-09 20:27:58', '0000-00-00 00:00:00'),
	(841, 'IQIHMA3DgXdPKksyVbg6ZeKZoAeLn0B7RyXuScqW', 841, 1476111695, '2016-10-09 20:31:35', '0000-00-00 00:00:00'),
	(842, 'ycahNBYo8vmT2JRS6RnuhRPnC5vVW1vOUpND44k6', 842, 1476111777, '2016-10-09 20:32:57', '0000-00-00 00:00:00'),
	(843, 'ONRB3Ni20vVZNxbYYOgjgrCjA5l4S7S5YaY7Ifta', 843, 1476112251, '2016-10-09 20:40:51', '0000-00-00 00:00:00'),
	(844, '7jQADklk77FjlCkD0iIW0VejeCLp15iwdY21zhOP', 844, 1476112440, '2016-10-09 20:44:00', '0000-00-00 00:00:00'),
	(845, 'bMTIw6WrCp3T70FkT5TNf2tXyBkHNnOiFM7wBp6B', 845, 1476113345, '2016-10-09 20:59:05', '0000-00-00 00:00:00'),
	(846, 'f4PgCc6GkSrlsmdrqjNq2mNIkljSzVQbBHv33owl', 846, 1476119308, '2016-10-09 22:38:29', '0000-00-00 00:00:00'),
	(847, 'WDkMuxjVEoJwM0XUbj2zszfeEpLpnV4UBmARXZSy', 847, 1476119458, '2016-10-09 22:40:58', '0000-00-00 00:00:00'),
	(848, 'MOAkmZVl0oduRb5Z1y5116KA24tA5Jn2Kp1TgF24', 848, 1476119809, '2016-10-09 22:46:49', '0000-00-00 00:00:00'),
	(849, 'OyRvgNkt6lrlWi6CIWYUmx0BSCBnO58x0tLQP3qQ', 849, 1476120891, '2016-10-09 23:04:51', '0000-00-00 00:00:00'),
	(850, 'y6G4S1c2edtYZBsQ0PJB8GM4IQFZ39HseuNIbOMK', 850, 1476121112, '2016-10-09 23:08:33', '0000-00-00 00:00:00'),
	(851, 'ZDQfLUDPhXp28C2y6NPe7cCrVXEySbxMYVyUN8Hi', 851, 1476121259, '2016-10-09 23:10:59', '0000-00-00 00:00:00'),
	(852, 'BruFo0iQI2qBfr8jFbe1Rb5AZYyjwR3XQrIIlMC8', 852, 1476121388, '2016-10-09 23:13:08', '0000-00-00 00:00:00'),
	(853, 'SwfIuM0wIT9SANVXWsC7ogYyd74T2PODjs8Jy62T', 853, 1476121453, '2016-10-09 23:14:13', '0000-00-00 00:00:00'),
	(854, 'bM2VrWQPIXEparV3tQ6dsyQHChCuwHaTipE2NuEY', 854, 1476121556, '2016-10-09 23:15:56', '0000-00-00 00:00:00'),
	(855, 'ST4tth8qwjjaz9XPywUobJ82tzBas1YLErEAzbkI', 855, 1476121809, '2016-10-09 23:20:09', '0000-00-00 00:00:00'),
	(856, 'IFC5QYwpPeheFADqn0r1IDcLF8nITn4ziAHJAaCf', 856, 1476121981, '2016-10-09 23:23:01', '0000-00-00 00:00:00'),
	(857, 'sMn2Gdci5LB2gMU5NLtxsxVUU3YtG5tkj5ORzAiy', 857, 1476122235, '2016-10-09 23:27:15', '0000-00-00 00:00:00'),
	(858, 'WPSE8pEEi8Exzi8GUWrVwiDOhxUUmaPSZqdZnEfh', 858, 1476122415, '2016-10-09 23:30:15', '0000-00-00 00:00:00'),
	(859, '1LmmWugXh1hTZM5WhV9vyxY6peyjCxhvgasKmjLv', 859, 1476122551, '2016-10-09 23:32:31', '0000-00-00 00:00:00'),
	(860, 'WzwWB99Mut6FSa4twwyDkVaDQ2FwcuZiwJ0RuguJ', 860, 1476122746, '2016-10-09 23:35:46', '0000-00-00 00:00:00'),
	(861, 'v5Kaxd0FcARUn8XnAzgo5LSJX7TwKfafdS3U55eY', 861, 1476122895, '2016-10-09 23:38:15', '0000-00-00 00:00:00'),
	(862, 'nbEywRlTp4QL5ewYnDUgfpKWcayzroF45U6lu3BJ', 862, 1476123057, '2016-10-09 23:40:57', '0000-00-00 00:00:00'),
	(863, 'BAgEQd4FY7I79oOFf65JOjvF038h4nOBuptB1zEf', 863, 1476123405, '2016-10-09 23:46:46', '0000-00-00 00:00:00'),
	(864, 'jZ13SsAoIaxcZEuMmYpCSu8BwkFdHGEVCCemuDVh', 864, 1476193396, '2016-10-10 19:13:17', '0000-00-00 00:00:00'),
	(865, 'SGZwC2YYNnyIWnE54niLmhRMsfQBDTn3Q74FTVkN', 865, 1476209383, '2016-10-10 23:39:44', '0000-00-00 00:00:00'),
	(866, 'Svm8yO6p75zERmQ0rnXH2Rm5th8JjII9YLZl7Lfb', 866, 1476210180, '2016-10-10 23:53:00', '0000-00-00 00:00:00'),
	(867, 'kdUs8FFJOe9gfRgwwb5M1KdrcXycXsP3x1cM47Ey', 867, 1476210818, '2016-10-11 00:03:39', '0000-00-00 00:00:00'),
	(868, 'bQfv9vJCKhoRe89yO8BsLrqV7jNUfFbFmwNYBSna', 868, 1476214792, '2016-10-11 01:09:52', '0000-00-00 00:00:00'),
	(869, 'zYOmcT1yM4E2GX4TB7c1Vri4kgzInySjI6eODWxb', 869, 1476215108, '2016-10-11 01:15:08', '0000-00-00 00:00:00'),
	(870, 'YWXMs8u6y8Q9pW5JhXNEzKVfvYuWTqzAC8voTp2n', 870, 1476215295, '2016-10-11 01:18:15', '0000-00-00 00:00:00'),
	(871, 'lTLvAmO0F0TQOu28x9bIDmqtdYARNrTjv9wCljkI', 871, 1476216143, '2016-10-11 01:32:23', '0000-00-00 00:00:00'),
	(872, 'mSCCmB7RDsaMeNdy3COOBD0p2Ff2t9aqJdAYBFCH', 872, 1476216284, '2016-10-11 01:34:45', '0000-00-00 00:00:00'),
	(873, 'Oiyd8cb7ToAuGrHYUy0NpdZY6NfiBTtmEe50bHor', 873, 1476217065, '2016-10-11 01:47:46', '0000-00-00 00:00:00'),
	(874, 'fsEcuHpKUYwb8FywavrLmWgVFrk4KxAz9Jz9dnc8', 874, 1476217158, '2016-10-11 01:49:18', '0000-00-00 00:00:00'),
	(875, 'BaXQmEGia4DfCDt4EBVBBeUWk3gOg7SwGi02UWMT', 875, 1476334791, '2016-10-12 10:29:51', '0000-00-00 00:00:00'),
	(876, 'UC0G7A7ti1MfVuVWYpqAxL4OllPc6EOuYZ0MUIJ6', 876, 1476339638, '2016-10-12 11:50:38', '0000-00-00 00:00:00'),
	(877, 'EOccVqFdNQglUTNzuq5FEEEehtYXRNFmfSgmmXOU', 877, 1476339678, '2016-10-12 11:51:18', '0000-00-00 00:00:00'),
	(878, 'AYm96GHCiA8cHwHod8OmoPoMhrDStT4mNai1UxRm', 878, 1476339843, '2016-10-12 11:54:03', '0000-00-00 00:00:00'),
	(879, '98wpxWanQhcp3FPizIs5fOjfIstCDXyzu471OFjS', 879, 1476339868, '2016-10-12 11:54:28', '0000-00-00 00:00:00'),
	(880, 'y6aRlpAzewfLxH5w1vyTQ7JX9YVAvmQNPYesBlba', 880, 1476348613, '2016-10-12 14:20:14', '0000-00-00 00:00:00'),
	(881, '9LJtfVfW6qXk6Ek8cZoEijD3mbx4aCKRQtemD6Jm', 881, 1476353954, '2016-10-12 15:49:15', '0000-00-00 00:00:00'),
	(882, 'H8M6L7SzNLHrT58JFrN2CoYhO9RElgCEPtM7opdo', 882, 1476380474, '2016-10-12 23:11:15', '0000-00-00 00:00:00'),
	(883, '0PoiRQUMSt5oXFzW0g5Czrf6bAqN0qcHHTJ41Oh3', 883, 1476381792, '2016-10-12 23:33:13', '0000-00-00 00:00:00'),
	(884, '6H1d55nnvQS5FJ2QDUkTozww0FkRBBHnjCGhc2RY', 884, 1476383201, '2016-10-12 23:56:41', '0000-00-00 00:00:00'),
	(885, 'LGnqAYL3IWIxymWckxZ2p4JOn26U2MhuG8aTxkbz', 885, 1476386144, '2016-10-13 00:45:44', '0000-00-00 00:00:00'),
	(886, 'mOTHk1QaPKUfvthjFCkotzMF938wXLEm1Cd0I9Fq', 886, 1476386442, '2016-10-13 00:50:42', '0000-00-00 00:00:00'),
	(887, 'FVZQAQ2sepfobsFe4SZ9YOSUuH2ya0ADdvGLfhXa', 887, 1476386725, '2016-10-13 00:55:25', '0000-00-00 00:00:00'),
	(888, 'KE59Lb1NRJvPD3pY6FVrPkAr3q2t3QVa5re3R6Kg', 888, 1476387458, '2016-10-13 01:07:39', '0000-00-00 00:00:00'),
	(889, 'qIxQtSbQ2DtZLg6n7rJ8Dqtb0r1yCa6C3j6lq2aX', 889, 1476387584, '2016-10-13 01:09:44', '0000-00-00 00:00:00'),
	(890, 'EbGarjucYs29aAtcum01F0sSfEJUA98jOB1M8RgU', 890, 1476387669, '2016-10-13 01:11:10', '0000-00-00 00:00:00'),
	(891, 'z8uoFZXy3lOX6ksLKt4VZOzA1N9hBPvMdSEeGMJc', 891, 1476388166, '2016-10-13 01:19:26', '0000-00-00 00:00:00'),
	(892, 'dfQyGOSf7bHCIIQqspBDEALZmHdBzI0QxFqvDPjq', 892, 1476514202, '2016-10-14 12:20:03', '0000-00-00 00:00:00'),
	(893, 'vosNUPvUsrfmNJHopVON623zpr674SogXGLKZPDI', 893, 1476599358, '2016-10-15 11:59:18', '0000-00-00 00:00:00'),
	(894, 'hixLPCHuHUzzT3yQYOD7vPE4dmizblAuGkhrW5bU', 894, 1476632515, '2016-10-15 21:11:55', '0000-00-00 00:00:00'),
	(895, 'RpKz8AHR7lFYk2DWCU9PGPLPZ6xT9WFL7CGLZSmP', 895, 1476632565, '2016-10-15 21:12:45', '0000-00-00 00:00:00'),
	(896, 'dpAZfOKEhR7BhfBrySfKinoQmfHay4OALXELkaU8', 896, 1476633155, '2016-10-15 21:22:35', '0000-00-00 00:00:00'),
	(897, 'n2ZfsHuoM1B28AnsTzedoRVYjKvi4laDwxqDjCyC', 897, 1476766833, '2016-10-17 10:30:34', '0000-00-00 00:00:00'),
	(898, 'FyV8cXQP9u4gwJHnYjRe3uSDl9ur1SpFG8sKKW6I', 898, 1476789942, '2016-10-17 16:55:42', '0000-00-00 00:00:00'),
	(899, 'pa9VUg6X0orfm6w6P9NrBsDBenuboTfy9TPRfNSm', 899, 1476870149, '2016-10-18 15:12:30', '0000-00-00 00:00:00'),
	(900, 'QP7tKVZw1LEGZKZEMqb2K6k3ApybDxXQAt0uFQhB', 900, 1476872972, '2016-10-18 15:59:33', '0000-00-00 00:00:00'),
	(901, 'JbTTgrFwr7cADdhHjC0p3rliJDZKu06G2hsS9BBa', 901, 1476895355, '2016-10-18 22:12:35', '0000-00-00 00:00:00'),
	(902, 'l3zesymQrsfgnPh1QAxpYyNZX6mDWCwVRrIcS9oY', 902, 1476895531, '2016-10-18 22:15:31', '0000-00-00 00:00:00'),
	(903, 'GtABRrzFUsnXZeuQk5aebu6P2MByeRtACI2yZwIN', 903, 1476895561, '2016-10-18 22:16:01', '0000-00-00 00:00:00'),
	(904, 'pWrdEA2flIGTHanxyeqCqSspf55GHnLTC1G4z1pp', 904, 1476895732, '2016-10-18 22:18:53', '0000-00-00 00:00:00'),
	(905, 'bFbUb6u2hcgeN7fp6G2bzsofzupf3g04LQjVQAUc', 905, 1476896158, '2016-10-18 22:25:58', '0000-00-00 00:00:00'),
	(906, 'BAuj0XKyvnrOywSmUcGR1fY7jU0AR6RlkBMel8Du', 906, 1476896190, '2016-10-18 22:26:30', '0000-00-00 00:00:00'),
	(907, '2q3gCkiBJV2WN8TId04cERdvCY6Q3nKMK9ixDEZN', 907, 1476896253, '2016-10-18 22:27:33', '0000-00-00 00:00:00'),
	(908, 'UvGWXAJACRdikritLpXS654z0ZBDqLPMzGKGEOyd', 908, 1476896264, '2016-10-18 22:27:44', '0000-00-00 00:00:00'),
	(909, 'QMg0KspntoJQ6bXJpOWkEsqcQvd72o7QE35mrTVk', 909, 1476896275, '2016-10-18 22:27:55', '0000-00-00 00:00:00'),
	(910, '7lpkdNBn3a903kN8FwUltlYbkCC4Gaz4DQyZWOPn', 910, 1476970492, '2016-10-19 19:04:53', '0000-00-00 00:00:00'),
	(911, '6D2wyCQZfJrcaFpHmxZycdYMF3j3yeEI5JsvWwOd', 911, 1476970726, '2016-10-19 19:08:46', '0000-00-00 00:00:00'),
	(912, 'WwCDSeEi0cvzzJsHt4B59vF3j1dGKVZC681vtEcV', 912, 1476970800, '2016-10-19 19:10:00', '0000-00-00 00:00:00'),
	(913, 'v4TNUaSnLnsPVXDe6Ir0TsZjxlltki9lKILgTOtR', 913, 1476971062, '2016-10-19 19:14:22', '0000-00-00 00:00:00'),
	(914, '858GxeNm1PacU4J4UxnAc74LoDjSBHOpV7WqtgcI', 914, 1476971534, '2016-10-19 19:22:14', '0000-00-00 00:00:00'),
	(915, 'Om8AJijB6dSWlfm5jZ47QcZ0k83WqXufyJ9uUT1d', 915, 1476971633, '2016-10-19 19:23:53', '0000-00-00 00:00:00'),
	(916, 'OsKM2p8yUO60h7HlzEa75AnDzxgmZMF2O4ZCQT1D', 916, 1476971967, '2016-10-19 19:29:27', '0000-00-00 00:00:00'),
	(917, 'fVH3HdQhRwMR6dDgnENnXcn8sDfAxUWArdTFAevU', 917, 1476972975, '2016-10-19 19:46:15', '0000-00-00 00:00:00'),
	(918, 'ZoKeePF807LlQgjelf5aBIkNponkuJqmICnUGxwd', 918, 1476973119, '2016-10-19 19:48:39', '0000-00-00 00:00:00'),
	(919, 'AKZNUgWyWHBTH32IfycIyX02nJxkGLPazAgm5XO8', 919, 1476975715, '2016-10-19 20:31:55', '0000-00-00 00:00:00'),
	(920, '5mSHZcTxwDO8eMdm0Vn18PozuAholsFRgnpXiyMA', 920, 1476976453, '2016-10-19 20:44:14', '0000-00-00 00:00:00'),
	(921, 'XtgXlYwkRCJLTrp1q0LLkaQs2JcHQEQkykgO7yaf', 921, 1476976719, '2016-10-19 20:48:39', '0000-00-00 00:00:00'),
	(922, 'MWNQG9nxU0rb6tIUUG6AEV6eo89c9o3XcRIiIUH0', 922, 1476976920, '2016-10-19 20:52:01', '0000-00-00 00:00:00'),
	(923, 'iaGgtGHsb2f7kDRO6thzYAmF3WoRnt4xXsZDiTxN', 923, 1476977100, '2016-10-19 20:55:00', '0000-00-00 00:00:00'),
	(924, 'wdRHDFQzIax8n5Hnve9snwcRuKn9uHgFX8oPgacu', 924, 1476983935, '2016-10-19 22:48:55', '0000-00-00 00:00:00'),
	(925, 'BcF9MSslc1BLmUWqrOIxmGrDakN8y2jqnMC2q8F2', 925, 1477023530, '2016-10-20 09:48:50', '0000-00-00 00:00:00'),
	(926, 'MdMQBUHUysx5aHAR0VhIqqgtDQ33M2cMAfbrZ3Ux', 926, 1477023964, '2016-10-20 09:56:04', '0000-00-00 00:00:00'),
	(927, 'PYYyd3LtzZBZl4WGKQ9rEtlMDQxzvspeiB74ak6i', 927, 1477024188, '2016-10-20 09:59:48', '0000-00-00 00:00:00'),
	(928, 'NALQrl0ZrxKiPPYPV8oUVQEluNL3S87CvlNlOJBI', 928, 1477031457, '2016-10-20 12:00:57', '0000-00-00 00:00:00'),
	(929, 'qltaCHH73wXgCoCNex6GJC5rGouK7bQsaTc3opwj', 929, 1477031786, '2016-10-20 12:06:27', '0000-00-00 00:00:00'),
	(930, 'NRQAeXm01OoBSougz2ieGVdGH93vwc0KJGd1Aex8', 930, 1477031854, '2016-10-20 12:07:34', '0000-00-00 00:00:00'),
	(931, '6wvj3tSKrNuYYjxYHgt9ujR1VFn64awSGoCrN5sP', 931, 1477032093, '2016-10-20 12:11:33', '0000-00-00 00:00:00'),
	(932, 'Q2XJreQ3AQsp1TDHiUOcm1GnrJcV9bx63ICtJUIh', 932, 1477057527, '2016-10-20 19:15:28', '0000-00-00 00:00:00'),
	(933, 'V9ErsRcPZLsWmXSM9e1WY5qvD4JoCr0VqpPF5172', 933, 1477057785, '2016-10-20 19:19:46', '0000-00-00 00:00:00'),
	(934, 'x8BxS5Xa3d83cqQpUP5OvibfafDeQT6Yb4snmaQX', 934, 1477057895, '2016-10-20 19:21:36', '0000-00-00 00:00:00'),
	(935, 'G7bUTJFBf694XLIwWewBOlEnZqxjJvJVZeTbJItR', 935, 1477058987, '2016-10-20 19:39:48', '0000-00-00 00:00:00'),
	(936, 'C8J38WIqqUiuTB9g3u8CczxAjrEcwzKGVTFmNuLg', 936, 1477059644, '2016-10-20 19:50:44', '0000-00-00 00:00:00'),
	(937, 'zUgohMHOb5lsezOkPDOLLKPhIGaqJdHGPQ3ocnFN', 937, 1477060025, '2016-10-20 19:57:06', '0000-00-00 00:00:00'),
	(938, 'bSgSSFhFKBGIZdIMfPXZe7WZFQ1EZxcAAHuESUPX', 938, 1477060911, '2016-10-20 20:11:52', '0000-00-00 00:00:00'),
	(939, 'FqQ6D1HbEJKCJKRuavMHCsuT0svBJDdBtzwdh9XE', 939, 1477061347, '2016-10-20 20:19:07', '0000-00-00 00:00:00'),
	(940, 'd4jIxb68UzaAiijLhmfonVdrO3KYBluUia8YxNn3', 940, 1477061939, '2016-10-20 20:28:59', '0000-00-00 00:00:00'),
	(941, 'Er9I2i0CUDqDXHBpjc7DbTuPMUDR6CJf0Ugj8Hl0', 941, 1477062377, '2016-10-20 20:36:17', '0000-00-00 00:00:00'),
	(942, 'GtEcjPkRwBQeIh5P7kd5K8lVmxKYxti0WSqp2woc', 942, 1477062918, '2016-10-20 20:45:18', '0000-00-00 00:00:00'),
	(943, 'dLryhuf8aNJF6f16lXGxCi39onUSxSCyLoQ1BJKf', 943, 1477063079, '2016-10-20 20:47:59', '0000-00-00 00:00:00'),
	(944, 'QwYccD428OKHSNJE4ZXu7DrDRniwEAUkXkfLBNe5', 944, 1477063459, '2016-10-20 20:54:19', '0000-00-00 00:00:00'),
	(945, 'BqN5QANQy5O1vy6AgKICEtPU5Yr0ruAihheQYH5F', 945, 1477063543, '2016-10-20 20:55:43', '0000-00-00 00:00:00'),
	(946, 'dR8TBxDs0gN3a4JAD9OQrCll84JnHzPqZUPlRxSc', 946, 1477063652, '2016-10-20 20:57:32', '0000-00-00 00:00:00'),
	(947, '8np1QNlCfbEhGJm8eTPAyGRw5lIVKbLHpobupoAH', 947, 1477063802, '2016-10-20 21:00:02', '0000-00-00 00:00:00'),
	(948, '7c5CbrU2LpLZmJ33vnhVxneAdRmweQG4O8b25ZwY', 948, 1477072533, '2016-10-20 23:25:34', '0000-00-00 00:00:00'),
	(949, 'pDevWUvsTUVH13Tvs0iPf9EENtEBsocwX3gpE6yz', 949, 1477074265, '2016-10-20 23:54:25', '0000-00-00 00:00:00'),
	(950, 'iMxtPerMKmkzJxqFPgmPAGFkIVVzfEWO4rb7pDd6', 950, 1477074683, '2016-10-21 00:01:23', '0000-00-00 00:00:00'),
	(951, 'SSiw1EHSBSdcNJxaF6V3uL0ySV6N1c8ASnsvxEAV', 951, 1477075525, '2016-10-21 00:15:26', '0000-00-00 00:00:00'),
	(952, 'F7hPrwNeAa3a0SysmLLwFIc5urc2kKl8enJjoPnS', 952, 1477075743, '2016-10-21 00:19:03', '0000-00-00 00:00:00'),
	(953, 'KiLr0OcFmBX607lC7g1QQSrWD2G7DI5QzydfHoLx', 953, 1477076000, '2016-10-21 00:23:21', '0000-00-00 00:00:00'),
	(954, '08mgghhC2cRMchgndF1KX09XXZ0vnyYdARzoqEbS', 954, 1477076457, '2016-10-21 00:30:57', '0000-00-00 00:00:00'),
	(955, 'EbVJURoVexzfzP1qyEU7MV41z9WrHKSzW5LPaZW2', 955, 1477076916, '2016-10-21 00:38:36', '0000-00-00 00:00:00'),
	(956, '8V768gY3FuyjTXuzn8nXsmhVVeCMuOmrF25gmF5K', 956, 1477077013, '2016-10-21 00:40:13', '0000-00-00 00:00:00'),
	(957, 'T5S5AVlhO61VDwIAbGP2w1SXpVED2iQBQlwrgxYP', 957, 1477134009, '2016-10-21 16:30:10', '0000-00-00 00:00:00'),
	(958, 'nHOxwPEdEhPhhp67b6g4fgKpK5FcG6DPQFTbABt1', 958, 1477134265, '2016-10-21 16:34:26', '0000-00-00 00:00:00'),
	(959, '9zOEFFqO3bZeWw3rVHvmRpuK7FP1d95nZlUmdrRC', 959, 1477134505, '2016-10-21 16:38:26', '0000-00-00 00:00:00'),
	(960, '38UykJbXoB93FRUX0xBjmS2QRD9ryKsmzVxTauMi', 960, 1477134692, '2016-10-21 16:41:33', '0000-00-00 00:00:00'),
	(961, 'JjkiXzEWZi4p34Ga76cINd73veWSwlAMSlLwVl2p', 961, 1477199548, '2016-10-22 10:42:28', '0000-00-00 00:00:00'),
	(962, 'HjefeDMPSReZ3KDXL1KPls7c3NoJD4IGsap76YnN', 962, 1477199998, '2016-10-22 10:49:58', '0000-00-00 00:00:00'),
	(963, 'g8MDGrGGsA1e8Wmryurcq5LfwrZcwx9ayEGChNow', 963, 1477200169, '2016-10-22 10:52:49', '0000-00-00 00:00:00'),
	(964, 'AdXVAkuPYio22pT8KTAb5jiuOMSzt5QEl9tmZPI5', 964, 1477208481, '2016-10-22 13:11:22', '0000-00-00 00:00:00'),
	(965, 'W0MyjEJiPx83l37555csfwmnl9HDC1SfvnqPIUBZ', 965, 1477208870, '2016-10-22 13:17:50', '0000-00-00 00:00:00'),
	(966, 'ag3wLiBh0WXx68ZxPksSgJJs06GnCbTbF0Ju1Dme', 966, 1477209078, '2016-10-22 13:21:19', '0000-00-00 00:00:00'),
	(967, 'y3bgms3JNtm4FDhiHER49uBqx6zWzo3ue1qKi8Z9', 967, 1477209284, '2016-10-22 13:24:44', '0000-00-00 00:00:00'),
	(968, 'qaYOxJVQjP7o0DZ0PkU43rk6wudIRSDcmWhxkAI4', 968, 1477209479, '2016-10-22 13:28:00', '0000-00-00 00:00:00'),
	(969, 'G87MWShZFENnMafl5RuBRLLMEqyrmTrI1uv5DL3O', 969, 1477209567, '2016-10-22 13:29:27', '0000-00-00 00:00:00'),
	(970, 'BTr22j2GxV2jU1lOYu3AC8d0fDidQTKPXOkudo7W', 970, 1477213186, '2016-10-22 14:29:46', '0000-00-00 00:00:00'),
	(971, 'fARM5zrwtTj5izLXEVdaM7PCdrz7h1Ri02KBKUwK', 971, 1477213326, '2016-10-22 14:32:06', '0000-00-00 00:00:00'),
	(972, 'lI5fCCa7hfJxJfclWIyG3cm3MQyxC5sZru37qceT', 972, 1477213352, '2016-10-22 14:32:33', '0000-00-00 00:00:00'),
	(973, 'gAlgTZfom8lEi9sHPabN9O6TzZUwDuE2TjLainDS', 973, 1477213726, '2016-10-22 14:38:46', '0000-00-00 00:00:00'),
	(974, 'ltdfxB1YaCaVDUpmDz9itqACmUuFY9dWZDHArxYl', 974, 1477214002, '2016-10-22 14:43:22', '0000-00-00 00:00:00'),
	(975, 'ILYJm6gttQvTT3UYFbGRR9Sf0rBKK2XnktxWguzD', 975, 1477214294, '2016-10-22 14:48:14', '0000-00-00 00:00:00'),
	(976, 'atnxqIeoBdIStE5bEJvYSLVXoMDayjCMZJhbTUx6', 976, 1477214472, '2016-10-22 14:51:12', '0000-00-00 00:00:00'),
	(977, '4MkvnP6W2BOhWHOvtHjN78JLvt4j5BVqYqh4EWWp', 977, 1477215042, '2016-10-22 15:00:42', '0000-00-00 00:00:00'),
	(978, 'oJaIp3XX54nrPEi6388FlGkM4WMWoEDQhVhu6h2s', 978, 1477215141, '2016-10-22 15:02:21', '0000-00-00 00:00:00'),
	(979, 'EU0XerPPX9MMs1O8GNshKlyHZJ83XsVYJ0XtnMoI', 979, 1477215274, '2016-10-22 15:04:35', '0000-00-00 00:00:00'),
	(980, 'Eq7nSyK9NBfYEOtIWH3UDryBuNk6VUfiK68sIg5M', 980, 1477215359, '2016-10-22 15:05:59', '0000-00-00 00:00:00'),
	(981, 'P6gWhg1hE2r6A8EGGaQH5khJvrmFoKmwFnGErDqD', 981, 1477215604, '2016-10-22 15:10:07', '0000-00-00 00:00:00'),
	(982, 'IBHUqAK9ECMNu99sh0W0V5sAwOaeI4A3F2llIfCd', 982, 1477216231, '2016-10-22 15:20:31', '0000-00-00 00:00:00'),
	(983, '4efDbaAJlmek7hKlQsn11xQK5fq3jPPRVRrHJWtz', 983, 1477216323, '2016-10-22 15:22:03', '0000-00-00 00:00:00'),
	(984, 'v0xNwWtqYzw1gxH02zUA2mzM989auFMf2YDVL7g1', 984, 1477216433, '2016-10-22 15:23:55', '0000-00-00 00:00:00'),
	(985, 'U5rpd27oBdHbsiN8dKEAY8H4U5T10sCELKiIOenY', 985, 1477216546, '2016-10-22 15:25:46', '0000-00-00 00:00:00'),
	(986, 'ETwSjI4m2JcZbN7lkJ1APHpYcHoMqZzp1wOpzJBC', 986, 1477216905, '2016-10-22 15:31:45', '0000-00-00 00:00:00'),
	(987, 'VlGTRCxGmpJMSMMKF8VkOuiyZj1NGCjK0LUTd3SB', 987, 1477217269, '2016-10-22 15:37:49', '0000-00-00 00:00:00'),
	(988, '7yDItwjoyfwACdHMHDcOHCof3dzMzLbHGIFkFm2a', 988, 1477217290, '2016-10-22 15:38:11', '0000-00-00 00:00:00'),
	(989, 'gP5bARdlPtwTxK8J1hzCcpD3AzJA27FaxKvrFD2e', 989, 1477218388, '2016-10-22 15:56:28', '0000-00-00 00:00:00'),
	(990, 'nnGalcF9amPwn4TKby3Cj5xGPLfqWeKzvqVwHyeW', 990, 1477218871, '2016-10-22 16:04:32', '0000-00-00 00:00:00'),
	(991, '3nEFHgGQYMVAsOrABWc9ph7LGsAfHO80kvrWBZGy', 991, 1477219050, '2016-10-22 16:07:31', '0000-00-00 00:00:00'),
	(992, 'Fe2eoXvk1ZVayEgN7NLsk9BfnYpB4uuncnTlArvv', 992, 1477219419, '2016-10-22 16:13:40', '0000-00-00 00:00:00'),
	(993, 'j5EFc0fETpU86Fi10m70s8NXruF8A0jlcUaUnbpR', 993, 1477219424, '2016-10-22 16:13:45', '0000-00-00 00:00:00'),
	(994, 'MXu7hEvGanJ2G3h7jSv5jlqPGbctQRglIb95bxy2', 994, 1477219694, '2016-10-22 16:18:14', '0000-00-00 00:00:00'),
	(995, 'aAhf5doc3Sw2CKtvefrxeMe9FhXVwCxNV74lNaeO', 995, 1477220082, '2016-10-22 16:24:43', '0000-00-00 00:00:00'),
	(996, 'CUrCjyoE12E0TB5t2rTDK1TV4wmYAYxLKYISxV0n', 996, 1477220127, '2016-10-22 16:25:27', '0000-00-00 00:00:00'),
	(997, 'WLcT9ACoNWLVjvt77TwnO30RYgCPajfNdJdQo5f8', 997, 1477220332, '2016-10-22 16:28:52', '0000-00-00 00:00:00'),
	(998, '4060trcyi6bmUsL27yjMiXOItNAtbQDIpyYk37gz', 998, 1477220631, '2016-10-22 16:33:51', '0000-00-00 00:00:00'),
	(999, 'pUblvvLOc7TDs3e9IzKTudKy5zLgCEJ7ozD00CYV', 999, 1477220681, '2016-10-22 16:34:41', '0000-00-00 00:00:00'),
	(1000, 'hcLd5sZ9bKJatHM9rxwNwlYyU0TsumYnSugnnW7W', 1000, 1477220781, '2016-10-22 16:36:21', '0000-00-00 00:00:00'),
	(1001, 'NvnPhHPNSXtw8urmPIE3zvahFhPRvLORcszmykCL', 1001, 1477220947, '2016-10-22 16:39:08', '0000-00-00 00:00:00'),
	(1002, 'kiCsLSh9zU6PAfXVz95gz6M49cJLBL4055QLdbLA', 1002, 1477221137, '2016-10-22 16:42:18', '0000-00-00 00:00:00'),
	(1003, 'tbCFJRIkdAozzG9sRI592HG9iDAp7VrGJdVtnfbY', 1003, 1477221289, '2016-10-22 16:44:49', '0000-00-00 00:00:00'),
	(1004, 'bJbMlnp7tXG5f9OsWNUF8AVo0kJJX04y1mQIL04a', 1004, 1477221661, '2016-10-22 16:51:01', '0000-00-00 00:00:00'),
	(1005, 'CQCPsiBegMbhPItJJ4Bfm1G1yVYVazIn7fZncWfC', 1005, 1477221782, '2016-10-22 16:53:02', '0000-00-00 00:00:00'),
	(1006, '5pzxfzeFg4UgmDnfXN0akqnjE2b8lmAKKn1wk8ua', 1006, 1477222203, '2016-10-22 17:00:03', '0000-00-00 00:00:00'),
	(1007, 'm1hmDO9wkDWYLljO25WUKbyDQOeDUfsEiuc4WW3b', 1007, 1477222395, '2016-10-22 17:03:16', '0000-00-00 00:00:00'),
	(1008, 'RpwkOgaSqGXodfyOyX1XFoVkGeNKiagLb6Wfcmd7', 1008, 1477222575, '2016-10-22 17:06:15', '0000-00-00 00:00:00'),
	(1009, 'uKf0bvyEpFyDoKp4SEz3myXrccBSJeLNCvkahPYv', 1009, 1477222622, '2016-10-22 17:07:02', '0000-00-00 00:00:00'),
	(1010, 'QENlwwPwDoa8McCAWqI7346RWuVnnTt1XFKn7A2o', 1010, 1477222866, '2016-10-22 17:11:07', '0000-00-00 00:00:00'),
	(1011, '08XB2Z5jjhXO3Rid7xPWQ6ojDyuSXOrrhtKvicSV', 1011, 1477223080, '2016-10-22 17:14:41', '0000-00-00 00:00:00'),
	(1012, 'K7nHz01hLdemocEQjSKlISrRMdBmrBsWsTlSUZk4', 1012, 1477224303, '2016-10-22 17:35:03', '0000-00-00 00:00:00'),
	(1013, 'fTNSfq6dBajgl20CxF9HOSjd67I9M2hrQg9t0rI5', 1013, 1477224474, '2016-10-22 17:37:54', '0000-00-00 00:00:00'),
	(1014, 'UbHwNTSyTxK3N6q6LQ5nMl9DRfUrwgL5taRbfbvg', 1014, 1477224862, '2016-10-22 17:44:22', '0000-00-00 00:00:00'),
	(1015, 'ckXIPe929XkwvXq5kHhHW2GDqRr7fwtFhsK7ot25', 1015, 1477224944, '2016-10-22 17:45:45', '0000-00-00 00:00:00'),
	(1016, 'kb9RjjcIPzFMBysxIGFLQsbkNYAmsYZw8c5ulnTO', 1016, 1477224993, '2016-10-22 17:46:33', '0000-00-00 00:00:00'),
	(1017, 'MCZYqBZ7qHJyoJZ41hKeSnzzFe8UA3NPmrfvMNhm', 1017, 1477225027, '2016-10-22 17:47:07', '0000-00-00 00:00:00'),
	(1018, 'RrEVcuw5lG10x8N2dTAGFxV3n5pgriRpnP8CEARW', 1018, 1477225140, '2016-10-22 17:49:00', '0000-00-00 00:00:00'),
	(1019, '77o4FCfVWvcWaJT5KGcXuF4QbV6SBs8405o0lB8x', 1019, 1477225440, '2016-10-22 17:54:01', '0000-00-00 00:00:00'),
	(1020, 'JUoRk7EMF3tdZTRBcJpK39AgkGshtuFh5MGJDgB4', 1020, 1477225588, '2016-10-22 17:56:29', '0000-00-00 00:00:00'),
	(1021, 'sZNP8b5eiohS3HHmwsrOa0yh9K8KZ4iL9mP6pVs8', 1021, 1477225650, '2016-10-22 17:57:31', '0000-00-00 00:00:00'),
	(1022, 'iaHRvpdB7DvApc24DxkfQJPr7EUeXUL7F83LLHZu', 1022, 1477226037, '2016-10-22 18:03:57', '0000-00-00 00:00:00'),
	(1023, 'CyjVcAyCYtDRlkBWi3zwTDTLoq5FZbv4p5NH9mPM', 1023, 1477226379, '2016-10-22 18:09:39', '0000-00-00 00:00:00'),
	(1024, '7wvLw4AEdjxOU5IecInTAwl9yHv7YsRcK5WdEXlo', 1024, 1477226465, '2016-10-22 18:11:07', '0000-00-00 00:00:00'),
	(1025, 'iSI1eBTU6EGanbLRgmJuL4kTPgNR3aHpK8eD62g8', 1025, 1477226471, '2016-10-22 18:11:11', '0000-00-00 00:00:00'),
	(1026, '00OU8DqIWGNONjyZIibLQZG07j5VJylF4iNcmIwd', 1026, 1477226476, '2016-10-22 18:11:16', '0000-00-00 00:00:00'),
	(1027, 'eSCHx6oSPVIXoQdi90VFoGnn3T5FENlwqWUMoJci', 1027, 1477226649, '2016-10-22 18:14:09', '0000-00-00 00:00:00'),
	(1028, '8tCXnaLaYqS6mB5ETpNneEIKKcBmlxaodKaV9k8o', 1028, 1477226774, '2016-10-22 18:16:14', '0000-00-00 00:00:00'),
	(1029, '0nrRycpIMOTL7ueqnRukEKxkh8CSNMmpB5GiJFj2', 1029, 1477226877, '2016-10-22 18:17:57', '0000-00-00 00:00:00'),
	(1030, 'MLeAuCtnfNX3c8dZtUaYZg1gWkx2QqUyDVoDCbJ5', 1030, 1477226913, '2016-10-22 18:18:33', '0000-00-00 00:00:00'),
	(1031, 'mW3I2pnq5x8My0wuHZ9WDNp4heAEQnyNB3uUAdI5', 1031, 1477227017, '2016-10-22 18:20:18', '0000-00-00 00:00:00'),
	(1032, 'U8cUTPPlHb3KF0M6dovmrtc6DCF0cJTSCbzSONdi', 1032, 1477227332, '2016-10-22 18:25:33', '0000-00-00 00:00:00'),
	(1033, 'KyBFWZNAu0aaHmYbfkzu8KFHSZ8ErJ4KgQtp6m08', 1033, 1477227501, '2016-10-22 18:28:23', '0000-00-00 00:00:00'),
	(1034, 'STFar2PLqE2mU8RWO7oPhWQkPApej0k6v1G1TXMF', 1034, 1477227867, '2016-10-22 18:34:28', '0000-00-00 00:00:00'),
	(1035, '7I0W1yeJpsMoCcHKIuHp413NP9kEHIhPlfHa3sY7', 1035, 1477228392, '2016-10-22 18:43:13', '0000-00-00 00:00:00'),
	(1036, 'KpRpfJGHGQSJuK75iCuExZjqpYWf72AN415TnrL5', 1036, 1477228547, '2016-10-22 18:45:47', '0000-00-00 00:00:00'),
	(1037, 'xZWu9NKK6VCAl1kxEmuXLayMhOFU0SQdoTM1QcaA', 1037, 1477228764, '2016-10-22 18:49:24', '0000-00-00 00:00:00'),
	(1038, 'dD1EUZ9OpQXfncFd9OElJLUB5AhUCRbHRhQSmduT', 1038, 1477229259, '2016-10-22 18:57:39', '0000-00-00 00:00:00'),
	(1039, '9BOyuTorith2kMHn5sb1ut4Gvs5ZcBWOzypq16dj', 1039, 1477229593, '2016-10-22 19:03:13', '0000-00-00 00:00:00'),
	(1040, 'vkB7e6t1TJi8BUFGnPkXrwnkMFVjNZh5WkYFxwxY', 1040, 1477229614, '2016-10-22 19:03:34', '0000-00-00 00:00:00'),
	(1041, 'BxDnw1gBiSoCUNQN04o2UfFKPiX0E2jup4Jszn97', 1041, 1477229679, '2016-10-22 19:04:40', '0000-00-00 00:00:00'),
	(1042, 'JPgulftZzACE7VrcEsB5jEWHArVTF30KqHD20aDZ', 1042, 1477229796, '2016-10-22 19:06:36', '0000-00-00 00:00:00'),
	(1043, 'NFoPtETAJJOyehbUYOwHxACRGGt6HnkC35AtNBSN', 1043, 1477229919, '2016-10-22 19:08:39', '0000-00-00 00:00:00'),
	(1044, 'nNpvjxi5FYugkrlQ26dRXMYQ9GaEmIBEE35J5Y3K', 1044, 1477230616, '2016-10-22 19:20:17', '0000-00-00 00:00:00'),
	(1045, '5OQ9Dv4sPvVcaWeVpTmR4AYnTY7ugeLZn4kQ5wFZ', 1045, 1477230858, '2016-10-22 19:24:18', '0000-00-00 00:00:00'),
	(1046, 'jOggBfsrKMltva0QGtp7fkzz79bVbbdShKggmdQC', 1046, 1477230887, '2016-10-22 19:24:50', '0000-00-00 00:00:00'),
	(1047, 'Oe0JwWEZWhhcEY1GqkT1A2lsie2nUufAwr8Gp2Pw', 1047, 1477230912, '2016-10-22 19:25:13', '0000-00-00 00:00:00'),
	(1048, 'grcp9kJE0ya5Aor0r7fuwxzcMosWxtKZOaetJ9KC', 1048, 1477231014, '2016-10-22 19:26:54', '0000-00-00 00:00:00'),
	(1049, 'fDNEMK6dLGT9wbpBZNcTnIGqsHyWRZTcHJ7UetVH', 1049, 1477231147, '2016-10-22 19:29:07', '0000-00-00 00:00:00'),
	(1050, '4q7u921GJgOfJHPQYEgfOeTyG06FDj5ai57BeJDU', 1050, 1477379862, '2016-10-24 12:47:43', '0000-00-00 00:00:00'),
	(1051, 'sIkNYMKg0NXtDn6h1E6pKKtob1sMa6ZSGYqXIuCP', 1051, 1477388415, '2016-10-24 15:10:15', '0000-00-00 00:00:00'),
	(1052, 'XmbhDR9gDT3pNQS3CsyWKxQ8k7FpkX5X2pfopTIE', 1052, 1477476620, '2016-10-25 15:40:21', '0000-00-00 00:00:00'),
	(1053, 'c2ZV29nNBRwfRQbfb8qPK8adidljfz7gYzrQ2num', 1053, 1477476807, '2016-10-25 15:43:27', '0000-00-00 00:00:00'),
	(1054, 'Gs0r305krXXWqBXHaKDK9VrI2xtGioF7V1zWwLI3', 1054, 1477476874, '2016-10-25 15:44:34', '0000-00-00 00:00:00'),
	(1055, 'avGOqUPFJg3Xnk29g75PNMKMkhED3XCuf4pE5SxR', 1055, 1477477009, '2016-10-25 15:46:50', '0000-00-00 00:00:00'),
	(1056, 'NmwdP5o4Dj1g1xy2wg9LTPqbcshbfNjMpfyMZh6c', 1056, 1477477077, '2016-10-25 15:47:57', '0000-00-00 00:00:00'),
	(1057, 'ReAfNJg5xn1XRA4oUBayat0BeIeNPmxPXE2yW4ZW', 1057, 1477477281, '2016-10-25 15:51:21', '0000-00-00 00:00:00'),
	(1058, 'GTu2PCWlVUTsRfix0syzc3P4HJjAjPm9EeOz9HRh', 1058, 1477477352, '2016-10-25 15:52:32', '0000-00-00 00:00:00'),
	(1059, 'as7fHg5LJ6I1Obpjn17E9oBhlK03utcXGU7S30RE', 1059, 1477478232, '2016-10-25 16:07:13', '0000-00-00 00:00:00'),
	(1060, '0DeEGPPmqPbeygqc73IuHXBztu8c8HZIWmHLGP2f', 1060, 1477478337, '2016-10-25 16:08:57', '0000-00-00 00:00:00'),
	(1061, 'tSgiAUamkF6f9XH5vKGHB8pFdARmb6xx6BI7DlHJ', 1061, 1477478505, '2016-10-25 16:11:46', '0000-00-00 00:00:00'),
	(1062, 'uyt0OJIwUqYmk43Rk8et7rdZvPuW0iXEdIuH7BYr', 1062, 1477478586, '2016-10-25 16:13:06', '0000-00-00 00:00:00'),
	(1063, 'rHKa8C81UFwBRvDbiIxHj5PVzu6Uz72Bd1mEqSml', 1063, 1477478892, '2016-10-25 16:18:12', '0000-00-00 00:00:00'),
	(1064, '4XehBxe9rL1tzzJahwrTl2379DQgrgZOoFZaYPof', 1064, 1477479621, '2016-10-25 16:30:21', '0000-00-00 00:00:00'),
	(1065, 'sN1eBs6WPjuKOY9rBgdrO9KXviQXqR3zYxlf7aJe', 1065, 1477480653, '2016-10-25 16:47:33', '0000-00-00 00:00:00'),
	(1066, 'yk3jp3sXc5tyUzsDlbuGz8WFPJeEy1YlIfsPBRxT', 1066, 1477480759, '2016-10-25 16:49:19', '0000-00-00 00:00:00'),
	(1067, 'qw2NNJ1yyGdR7hCXI7IyNi11SGizFwuUdoKwvUFE', 1067, 1477820932, '2016-10-29 15:18:53', '0000-00-00 00:00:00'),
	(1068, 'GRwuTiiS9vUUwHE8gt0XhObUmmU84r3fSw7zt0tq', 1068, 1477821937, '2016-10-29 15:35:37', '0000-00-00 00:00:00'),
	(1069, 'vHOcDYoZhdnEskxN6lTis1FEkI3ERtckrNNXrLQp', 1069, 1477822314, '2016-10-29 15:41:54', '0000-00-00 00:00:00'),
	(1070, 'auklHqGYpzOp3VL38RbDuCJOF2OFGWUgzB6Izj8t', 1070, 1477822403, '2016-10-29 15:43:23', '0000-00-00 00:00:00'),
	(1071, 'sZFSctdZZUWKpDaadi3jW1hwVRAgDPgxO3UaglU1', 1071, 1477822927, '2016-10-29 15:52:07', '0000-00-00 00:00:00'),
	(1072, 'nMPd48ImgjAi8snpnYNi2uODmukQnqIxjFKKNZ48', 1072, 1477823633, '2016-10-29 16:03:53', '0000-00-00 00:00:00'),
	(1073, 'bfMNkmJtifMeBJZCXvUC1emerL7xMJkBHj2ScQuZ', 1073, 1477828352, '2016-10-29 17:22:32', '0000-00-00 00:00:00'),
	(1074, 'MwzP0z79gsH2Y5Y7oJB2WB9UnqJ5hypHaQpxIB7J', 1074, 1477828886, '2016-10-29 17:31:26', '0000-00-00 00:00:00'),
	(1075, 'jf4NqqbwP7FJ50p8o8A2cLsTudTPoNM2A0abF5X0', 1075, 1477829121, '2016-10-29 17:35:22', '0000-00-00 00:00:00'),
	(1076, 'ACQMxtlFYGEfwQsibS3aK5OPi9Yz5D7zz14hd3Yn', 1076, 1479369947, '2016-11-16 13:35:47', '0000-00-00 00:00:00'),
	(1077, 'GnIbnj3vUE9zPBlqSZmcY0SxLSHs7CjFAA9OFp1p', 1077, 1479370073, '2016-11-16 13:37:53', '0000-00-00 00:00:00'),
	(1078, '5VBcG7xsTH3IuQRgc2heoU40wZdoqGNX7lcdn9u4', 1078, 1479370285, '2016-11-16 13:41:25', '0000-00-00 00:00:00'),
	(1079, 'EUXDCo72ujeqzqqejmlFWi6J7CcICjGxvRgEswCY', 1079, 1479370339, '2016-11-16 13:42:19', '0000-00-00 00:00:00'),
	(1080, 'RTfRdluXfz3i5tE88qeUPVOVzVkrMURuEAfFGcmD', 1080, 1479370598, '2016-11-16 13:46:38', '0000-00-00 00:00:00'),
	(1081, 'xkLLPkbGMo34zS6cSsRjd7CCQel15Wx3T1SxIEvI', 1081, 1479805396, '2016-11-21 14:33:16', '0000-00-00 00:00:00'),
	(1082, 'D9MKpD0Z3TEZp1KGDCgc69qxXBo0oZTbcx89Ujfs', 1082, 1484551521, '2017-01-15 12:55:21', '0000-00-00 00:00:00'),
	(1083, 'peIwoJchlwAqhx83ZwH8h8cOMagxvdRdRQjMvCyr', 1083, 1484551656, '2017-01-15 12:57:36', '0000-00-00 00:00:00');
/*!40000 ALTER TABLE `oauth_access_tokens` ENABLE KEYS */;


-- Dumping structure for table lawmsac_lawyer.oauth_access_token_scopes
CREATE TABLE IF NOT EXISTS `oauth_access_token_scopes` (
  `id` int(10) unsigned NOT NULL AUTO_INCREMENT,
  `access_token_id` int(11) NOT NULL,
  `scope_id` int(11) NOT NULL,
  `created_at` timestamp NOT NULL DEFAULT '0000-00-00 00:00:00',
  `updated_at` timestamp NOT NULL DEFAULT CURRENT_TIMESTAMP ON UPDATE CURRENT_TIMESTAMP,
  PRIMARY KEY (`id`),
  KEY `oauth_access_token_scopes_access_token_id_index` (`access_token_id`),
  KEY `oauth_access_token_scopes_scope_id_index` (`scope_id`)
) ENGINE=InnoDB DEFAULT CHARSET=utf8 COLLATE=utf8_unicode_ci;

-- Dumping data for table lawmsac_lawyer.oauth_access_token_scopes: ~0 rows (approximately)
/*!40000 ALTER TABLE `oauth_access_token_scopes` DISABLE KEYS */;
/*!40000 ALTER TABLE `oauth_access_token_scopes` ENABLE KEYS */;


-- Dumping structure for table lawmsac_lawyer.oauth_auth_codes
CREATE TABLE IF NOT EXISTS `oauth_auth_codes` (
  `id` int(11) NOT NULL AUTO_INCREMENT,
  `session_id` int(10) unsigned NOT NULL,
  `redirect_uri` varchar(255) COLLATE utf8_unicode_ci NOT NULL,
  `expire_time` int(11) NOT NULL,
  `created_at` timestamp NOT NULL DEFAULT '0000-00-00 00:00:00',
  `updated_at` timestamp NOT NULL DEFAULT CURRENT_TIMESTAMP ON UPDATE CURRENT_TIMESTAMP,
  PRIMARY KEY (`id`),
  KEY `oauth_auth_codes_session_id_index` (`session_id`)
) ENGINE=InnoDB DEFAULT CHARSET=utf8 COLLATE=utf8_unicode_ci;

-- Dumping data for table lawmsac_lawyer.oauth_auth_codes: ~0 rows (approximately)
/*!40000 ALTER TABLE `oauth_auth_codes` DISABLE KEYS */;
/*!40000 ALTER TABLE `oauth_auth_codes` ENABLE KEYS */;


-- Dumping structure for table lawmsac_lawyer.oauth_auth_code_scopes
CREATE TABLE IF NOT EXISTS `oauth_auth_code_scopes` (
  `id` int(10) unsigned NOT NULL AUTO_INCREMENT,
  `auth_code_id` int(11) NOT NULL,
  `scope_id` int(11) NOT NULL,
  `created_at` timestamp NOT NULL DEFAULT '0000-00-00 00:00:00',
  `updated_at` timestamp NOT NULL DEFAULT CURRENT_TIMESTAMP ON UPDATE CURRENT_TIMESTAMP,
  PRIMARY KEY (`id`),
  KEY `oauth_auth_code_scopes_auth_code_id_index` (`auth_code_id`),
  KEY `oauth_auth_code_scopes_scope_id_index` (`scope_id`)
) ENGINE=InnoDB DEFAULT CHARSET=utf8 COLLATE=utf8_unicode_ci;

-- Dumping data for table lawmsac_lawyer.oauth_auth_code_scopes: ~0 rows (approximately)
/*!40000 ALTER TABLE `oauth_auth_code_scopes` DISABLE KEYS */;
/*!40000 ALTER TABLE `oauth_auth_code_scopes` ENABLE KEYS */;


-- Dumping structure for table lawmsac_lawyer.oauth_clients
CREATE TABLE IF NOT EXISTS `oauth_clients` (
  `id` int(11) NOT NULL AUTO_INCREMENT,
  `user_id` int(11) NOT NULL,
  `secret` varchar(40) COLLATE utf8_unicode_ci NOT NULL,
  `name` varchar(255) COLLATE utf8_unicode_ci NOT NULL,
  `created_at` timestamp NOT NULL DEFAULT CURRENT_TIMESTAMP,
  `updated_at` timestamp NOT NULL DEFAULT '0000-00-00 00:00:00',
  PRIMARY KEY (`id`),
  UNIQUE KEY `oauth_clients_id_secret_unique` (`id`,`secret`)
) ENGINE=InnoDB AUTO_INCREMENT=59 DEFAULT CHARSET=utf8 COLLATE=utf8_unicode_ci;

-- Dumping data for table lawmsac_lawyer.oauth_clients: ~58 rows (approximately)
/*!40000 ALTER TABLE `oauth_clients` DISABLE KEYS */;
INSERT INTO `oauth_clients` (`id`, `user_id`, `secret`, `name`, `created_at`, `updated_at`) VALUES
	(1, 1, '21f4dabaf109153bc9b4', 'Admin ', '2016-04-16 23:25:06', '0000-00-00 00:00:00'),
	(2, 3, 'f6f22039827db3bed0e3', 'basha basha', '2016-04-20 22:33:41', '0000-00-00 00:00:00'),
	(3, 26, '0b37c105a72c4f999879', 'malli1 t', '2016-05-13 09:30:11', '0000-00-00 00:00:00'),
	(4, 39, '176888854c2680a4d109', 'malli t', '2016-05-27 16:34:42', '0000-00-00 00:00:00'),
	(5, 36, 'bc2eb91e346f21f48cf7', 'Arif Adoni', '2016-05-30 19:59:39', '0000-00-00 00:00:00'),
	(6, 42, '43e97404260b9a5820b6', 'Ganga Raju', '2016-06-01 23:59:09', '0000-00-00 00:00:00'),
	(7, 43, '2e86a946e19a187a1f8b', 'Ganga Raju', '2016-06-02 01:19:53', '0000-00-00 00:00:00'),
	(8, 44, 'ee45414b0b87284000c9', 'Ganga Raju', '2016-06-02 01:23:31', '0000-00-00 00:00:00'),
	(9, 46, '00d223e8adaaf978a30d', 'mallikarjun t', '2016-06-08 14:42:42', '0000-00-00 00:00:00'),
	(10, 53, 'c279e1b9b3d636b7f713', 'Nexus Lg', '2016-06-13 11:58:57', '0000-00-00 00:00:00'),
	(11, 54, '91c0985d7c79d59fdb7b', 'Test 999', '2016-06-13 12:48:44', '0000-00-00 00:00:00'),
	(12, 22, '5bf49f24e29dd6e12768', 'abdullah ', '2016-06-14 10:59:22', '0000-00-00 00:00:00'),
	(13, 57, '73fcbc58970fa7da7fe1', 'testindo Indonesia', '2016-06-25 23:28:08', '0000-00-00 00:00:00'),
	(14, 58, '9a32f3da661a175ab94e', 'Bbb Hhhh', '2016-07-07 00:13:44', '0000-00-00 00:00:00'),
	(15, 61, 'a33b6f3a2bb9fc10254e', 'malli3 malli', '2016-07-12 15:17:28', '0000-00-00 00:00:00'),
	(16, 63, 'be35fb3a0416fbee3f4d', 'malli6 malli', '2016-07-18 10:33:07', '0000-00-00 00:00:00'),
	(17, 64, '3b11d9e89fa4ac6e94ff', 'malli9 malli', '2016-07-18 10:36:33', '0000-00-00 00:00:00'),
	(18, 65, '7f27ac07f802935c5d4c', 'malli5 malli5', '2016-07-18 21:40:00', '0000-00-00 00:00:00'),
	(19, 66, 'c51449e67424502f97fe', 'saleg Dabil', '2016-07-19 20:31:40', '0000-00-00 00:00:00'),
	(20, 68, '30b7b550b093d88209e9', 'malli9 malli11', '2016-07-20 10:00:18', '0000-00-00 00:00:00'),
	(21, 69, 'eaa247216fed94035e38', 'malli12 malli12', '2016-07-20 10:10:48', '0000-00-00 00:00:00'),
	(22, 70, 'fa58b35f36abdb40a131', 'malli13 malli13', '2016-07-20 10:18:30', '0000-00-00 00:00:00'),
	(23, 71, '7f346c45457f9f362ffc', 'malli14 malli14', '2016-07-20 10:21:21', '0000-00-00 00:00:00'),
	(24, 72, '357b0ead7024aa195680', 'malli15 malli15', '2016-07-20 10:48:42', '0000-00-00 00:00:00'),
	(25, 73, '1ec21c018afd2b4bb72a', 'malli16 malli16', '2016-07-20 11:14:37', '0000-00-00 00:00:00'),
	(26, 74, 'f0c20c07f1c9fd94a989', 'malli17 malli17', '2016-07-20 11:21:03', '0000-00-00 00:00:00'),
	(27, 75, '6fcaac91c1e057203bf4', 'malli18 malli18', '2016-07-20 11:34:22', '0000-00-00 00:00:00'),
	(28, 76, '6c708f5c97cfdf42c882', 'Malli99 Malli99', '2016-07-20 12:14:08', '0000-00-00 00:00:00'),
	(29, 77, 'eec0176c8060ea56e704', 'malli19 malli19', '2016-07-20 12:59:10', '0000-00-00 00:00:00'),
	(30, 78, '6cd29b5f109716dc2a01', 'malli20 malli20', '2016-07-20 13:05:07', '0000-00-00 00:00:00'),
	(31, 86, '8c4dfe8d495c6e3eae14', 'malli21 malli21', '2016-07-20 17:24:01', '0000-00-00 00:00:00'),
	(32, 87, '28cc101dcb40212cc397', 'Malli66 Malli66', '2016-07-21 17:07:23', '0000-00-00 00:00:00'),
	(33, 88, '149c0a899565df009b6c', 'Malli33 Malli33', '2016-07-21 17:09:19', '0000-00-00 00:00:00'),
	(34, 89, '1c99e5468562eaa89b93', 'Malli44 Malli44', '2016-07-21 17:37:41', '0000-00-00 00:00:00'),
	(35, 92, '7cdcae4cbf8e1a391c87', 'malli101 malli101', '2016-07-22 14:56:49', '0000-00-00 00:00:00'),
	(36, 93, '006ffc1ccf108fc5efc6', 'malli102 malli102', '2016-07-22 15:02:20', '0000-00-00 00:00:00'),
	(37, 95, '25c64e12276ddba44cd8', 'malli104 malli104', '2016-07-22 15:14:55', '0000-00-00 00:00:00'),
	(38, 94, '45de4faf24e98c30ffd0', 'malli103 malli103', '2016-07-22 15:15:06', '0000-00-00 00:00:00'),
	(39, 96, 'c1d42bc71b1002aec2f4', 'malli105 malli105', '2016-07-22 15:20:47', '0000-00-00 00:00:00'),
	(40, 8, 'a53eaf50db966acf2fba', 'malli malli', '2016-08-22 12:18:49', '0000-00-00 00:00:00'),
	(41, 13, '21f1a8757ecb3e33565b', 'bb cc', '2016-08-25 10:43:49', '0000-00-00 00:00:00'),
	(42, 15, 'c26ebc22860dcee28290', 'Raju Raju', '2016-08-27 00:03:03', '0000-00-00 00:00:00'),
	(43, 4, 'f1e9aaca9576018a6dfb', 'sthanka ', '2016-08-30 08:47:10', '0000-00-00 00:00:00'),
	(44, 20, 'dde521932ac0a77a54c5', 'a b', '2016-08-30 08:50:58', '0000-00-00 00:00:00'),
	(45, 24, '42df4201b33b3da7a2f3', 'malli1 malli1', '2016-08-30 10:00:25', '0000-00-00 00:00:00'),
	(46, 25, 'd0023f287fcf20deed0c', 'mallikarjun mallikarjun', '2016-08-30 10:05:31', '0000-00-00 00:00:00'),
	(47, 6, 'ac7095f2cb0ad862b563', 'Mohammed Arif Adoni', '2016-09-02 16:58:06', '0000-00-00 00:00:00'),
	(48, 27, '7f6ab27d093bc9231589', 'a b', '2016-09-06 21:44:29', '0000-00-00 00:00:00'),
	(49, 28, '3dfa51beeff175ac8bb9', 'a b', '2016-09-06 21:45:10', '0000-00-00 00:00:00'),
	(50, 30, '9ab96773f3aa0e775c53', 'tester5 tester5', '2016-09-06 22:58:34', '0000-00-00 00:00:00'),
	(51, 34, '0248829ea445503fe6b3', 'tester999 tester999', '2016-09-07 09:56:15', '0000-00-00 00:00:00'),
	(52, 37, '6cc98726dd715c2e5011', 'a b', '2016-09-07 22:25:29', '0000-00-00 00:00:00'),
	(53, 38, '388f5557f0f62aa8d4bd', 'user user', '2016-09-08 10:32:04', '0000-00-00 00:00:00'),
	(54, 40, 'f13175c58caee1fba452', 'Tester9 Tester9', '2016-09-15 16:01:29', '0000-00-00 00:00:00'),
	(55, 41, '0313330a1905e120ec39', 'malli2 malli2', '2016-09-17 13:07:38', '0000-00-00 00:00:00'),
	(56, 7, 'a1fc6b95a056633fda6c', 'Mohammed Arif Adoni', '2016-10-04 12:42:56', '0000-00-00 00:00:00'),
	(57, 55, '1f88b72f2b7a0204d293', 'tester9 t9', '2016-10-12 11:50:37', '0000-00-00 00:00:00'),
	(58, 52, '9291fddd5d2ccabab760', 'lawyer lawyer', '2016-10-15 21:12:45', '0000-00-00 00:00:00');
/*!40000 ALTER TABLE `oauth_clients` ENABLE KEYS */;


-- Dumping structure for table lawmsac_lawyer.oauth_client_endpoints
CREATE TABLE IF NOT EXISTS `oauth_client_endpoints` (
  `id` int(10) unsigned NOT NULL AUTO_INCREMENT,
  `client_id` int(11) NOT NULL,
  `redirect_uri` varchar(255) COLLATE utf8_unicode_ci NOT NULL,
  `created_at` timestamp NOT NULL DEFAULT '0000-00-00 00:00:00',
  `updated_at` timestamp NOT NULL DEFAULT CURRENT_TIMESTAMP ON UPDATE CURRENT_TIMESTAMP,
  PRIMARY KEY (`id`),
  UNIQUE KEY `oauth_client_endpoints_client_id_redirect_uri_unique` (`client_id`,`redirect_uri`)
) ENGINE=InnoDB DEFAULT CHARSET=utf8 COLLATE=utf8_unicode_ci;

-- Dumping data for table lawmsac_lawyer.oauth_client_endpoints: ~0 rows (approximately)
/*!40000 ALTER TABLE `oauth_client_endpoints` DISABLE KEYS */;
/*!40000 ALTER TABLE `oauth_client_endpoints` ENABLE KEYS */;


-- Dumping structure for table lawmsac_lawyer.oauth_client_grants
CREATE TABLE IF NOT EXISTS `oauth_client_grants` (
  `id` int(10) unsigned NOT NULL AUTO_INCREMENT,
  `client_id` int(11) NOT NULL,
  `grant_id` int(11) NOT NULL,
  `created_at` timestamp NOT NULL DEFAULT '0000-00-00 00:00:00',
  `updated_at` timestamp NOT NULL DEFAULT CURRENT_TIMESTAMP ON UPDATE CURRENT_TIMESTAMP,
  PRIMARY KEY (`id`),
  KEY `oauth_client_grants_client_id_index` (`client_id`),
  KEY `oauth_client_grants_grant_id_index` (`grant_id`)
) ENGINE=InnoDB DEFAULT CHARSET=utf8 COLLATE=utf8_unicode_ci;

-- Dumping data for table lawmsac_lawyer.oauth_client_grants: ~0 rows (approximately)
/*!40000 ALTER TABLE `oauth_client_grants` DISABLE KEYS */;
/*!40000 ALTER TABLE `oauth_client_grants` ENABLE KEYS */;


-- Dumping structure for table lawmsac_lawyer.oauth_client_scopes
CREATE TABLE IF NOT EXISTS `oauth_client_scopes` (
  `id` int(10) unsigned NOT NULL AUTO_INCREMENT,
  `client_id` int(11) NOT NULL,
  `scope_id` int(11) NOT NULL,
  `created_at` timestamp NOT NULL DEFAULT '0000-00-00 00:00:00',
  `updated_at` timestamp NOT NULL DEFAULT CURRENT_TIMESTAMP ON UPDATE CURRENT_TIMESTAMP,
  PRIMARY KEY (`id`),
  KEY `oauth_client_scopes_client_id_index` (`client_id`),
  KEY `oauth_client_scopes_scope_id_index` (`scope_id`)
) ENGINE=InnoDB DEFAULT CHARSET=utf8 COLLATE=utf8_unicode_ci;

-- Dumping data for table lawmsac_lawyer.oauth_client_scopes: ~0 rows (approximately)
/*!40000 ALTER TABLE `oauth_client_scopes` DISABLE KEYS */;
/*!40000 ALTER TABLE `oauth_client_scopes` ENABLE KEYS */;


-- Dumping structure for table lawmsac_lawyer.oauth_grants
CREATE TABLE IF NOT EXISTS `oauth_grants` (
  `id` int(11) NOT NULL AUTO_INCREMENT,
  `created_at` timestamp NOT NULL DEFAULT '0000-00-00 00:00:00',
  `updated_at` timestamp NOT NULL DEFAULT CURRENT_TIMESTAMP ON UPDATE CURRENT_TIMESTAMP,
  PRIMARY KEY (`id`)
) ENGINE=InnoDB DEFAULT CHARSET=utf8 COLLATE=utf8_unicode_ci;

-- Dumping data for table lawmsac_lawyer.oauth_grants: ~0 rows (approximately)
/*!40000 ALTER TABLE `oauth_grants` DISABLE KEYS */;
/*!40000 ALTER TABLE `oauth_grants` ENABLE KEYS */;


-- Dumping structure for table lawmsac_lawyer.oauth_grant_scopes
CREATE TABLE IF NOT EXISTS `oauth_grant_scopes` (
  `id` int(10) unsigned NOT NULL AUTO_INCREMENT,
  `grant_id` int(11) NOT NULL,
  `scope_id` int(11) NOT NULL,
  `created_at` timestamp NOT NULL DEFAULT '0000-00-00 00:00:00',
  `updated_at` timestamp NOT NULL DEFAULT CURRENT_TIMESTAMP ON UPDATE CURRENT_TIMESTAMP,
  PRIMARY KEY (`id`),
  KEY `oauth_grant_scopes_grant_id_index` (`grant_id`),
  KEY `oauth_grant_scopes_scope_id_index` (`scope_id`),
  CONSTRAINT `oauth_grant_scopes_ibfk_1` FOREIGN KEY (`scope_id`) REFERENCES `oauth_scopes` (`id`),
  CONSTRAINT `oauth_grant_scopes_ibfk_2` FOREIGN KEY (`grant_id`) REFERENCES `oauth_grants` (`id`)
) ENGINE=InnoDB DEFAULT CHARSET=utf8 COLLATE=utf8_unicode_ci;

-- Dumping data for table lawmsac_lawyer.oauth_grant_scopes: ~0 rows (approximately)
/*!40000 ALTER TABLE `oauth_grant_scopes` DISABLE KEYS */;
/*!40000 ALTER TABLE `oauth_grant_scopes` ENABLE KEYS */;


-- Dumping structure for table lawmsac_lawyer.oauth_refresh_tokens
CREATE TABLE IF NOT EXISTS `oauth_refresh_tokens` (
  `id` int(11) NOT NULL AUTO_INCREMENT,
  `access_token_id` int(11) NOT NULL,
  `expire_time` int(11) NOT NULL,
  `created_at` timestamp NOT NULL DEFAULT '0000-00-00 00:00:00',
  `updated_at` timestamp NOT NULL DEFAULT CURRENT_TIMESTAMP ON UPDATE CURRENT_TIMESTAMP,
  PRIMARY KEY (`id`),
  UNIQUE KEY `oauth_refresh_tokens_id_unique` (`id`),
  KEY `access_token_id` (`access_token_id`)
) ENGINE=InnoDB DEFAULT CHARSET=utf8 COLLATE=utf8_unicode_ci;

-- Dumping data for table lawmsac_lawyer.oauth_refresh_tokens: ~0 rows (approximately)
/*!40000 ALTER TABLE `oauth_refresh_tokens` DISABLE KEYS */;
/*!40000 ALTER TABLE `oauth_refresh_tokens` ENABLE KEYS */;


-- Dumping structure for table lawmsac_lawyer.oauth_scopes
CREATE TABLE IF NOT EXISTS `oauth_scopes` (
  `id` int(11) NOT NULL AUTO_INCREMENT,
  `description` varchar(255) COLLATE utf8_unicode_ci NOT NULL,
  `created_at` timestamp NOT NULL DEFAULT '0000-00-00 00:00:00',
  `updated_at` timestamp NOT NULL DEFAULT CURRENT_TIMESTAMP ON UPDATE CURRENT_TIMESTAMP,
  PRIMARY KEY (`id`)
) ENGINE=InnoDB DEFAULT CHARSET=utf8 COLLATE=utf8_unicode_ci;

-- Dumping data for table lawmsac_lawyer.oauth_scopes: ~0 rows (approximately)
/*!40000 ALTER TABLE `oauth_scopes` DISABLE KEYS */;
/*!40000 ALTER TABLE `oauth_scopes` ENABLE KEYS */;


-- Dumping structure for table lawmsac_lawyer.oauth_sessions
CREATE TABLE IF NOT EXISTS `oauth_sessions` (
  `id` int(10) unsigned NOT NULL AUTO_INCREMENT,
  `client_id` int(11) NOT NULL,
  `owner_type` enum('client','user') COLLATE utf8_unicode_ci NOT NULL DEFAULT 'user',
  `owner_id` varchar(255) COLLATE utf8_unicode_ci NOT NULL,
  `client_redirect_uri` varchar(255) COLLATE utf8_unicode_ci DEFAULT NULL,
  `client_browser` text COLLATE utf8_unicode_ci,
  `client_remote_address` varchar(255) COLLATE utf8_unicode_ci DEFAULT NULL,
  `created_at` timestamp NOT NULL DEFAULT CURRENT_TIMESTAMP,
  `updated_at` timestamp NOT NULL DEFAULT '0000-00-00 00:00:00',
  PRIMARY KEY (`id`),
  KEY `oauth_sessions_client_id_owner_type_owner_id_index` (`client_id`,`owner_type`,`owner_id`)
) ENGINE=InnoDB AUTO_INCREMENT=1084 DEFAULT CHARSET=utf8 COLLATE=utf8_unicode_ci;

-- Dumping data for table lawmsac_lawyer.oauth_sessions: ~1,081 rows (approximately)
/*!40000 ALTER TABLE `oauth_sessions` DISABLE KEYS */;
INSERT INTO `oauth_sessions` (`id`, `client_id`, `owner_type`, `owner_id`, `client_redirect_uri`, `client_browser`, `client_remote_address`, `created_at`, `updated_at`) VALUES
	(1, 1, 'client', '1', NULL, 'Mozilla/5.0 (Windows NT 6.1; rv:45.0) Gecko/20100101 Firefox/45.0', '127.0.0.1', '2016-04-16 23:25:07', '0000-00-00 00:00:00'),
	(2, 1, 'client', '1', NULL, 'Mozilla/5.0 (Windows NT 6.1; rv:45.0) Gecko/20100101 Firefox/45.0', '127.0.0.1', '2016-04-16 23:28:50', '0000-00-00 00:00:00'),
	(3, 1, 'client', '1', NULL, 'Mozilla/5.0 (Windows NT 6.1; rv:45.0) Gecko/20100101 Firefox/45.0', '127.0.0.1', '2016-04-17 10:23:02', '0000-00-00 00:00:00'),
	(4, 1, 'client', '1', NULL, 'Mozilla/5.0 (Windows NT 6.1; rv:45.0) Gecko/20100101 Firefox/45.0', '127.0.0.1', '2016-04-17 10:23:38', '0000-00-00 00:00:00'),
	(5, 1, 'client', '1', NULL, 'Mozilla/5.0 (Windows NT 6.1; rv:45.0) Gecko/20100101 Firefox/45.0', '127.0.0.1', '2016-04-17 10:23:57', '0000-00-00 00:00:00'),
	(6, 2, 'client', '2', NULL, 'Mozilla/5.0 (Windows NT 6.1; rv:45.0) Gecko/20100101 Firefox/45.0', '103.232.131.7', '2016-04-20 22:33:41', '0000-00-00 00:00:00'),
	(7, 1, 'client', '1', NULL, 'Mozilla/5.0 (Windows NT 10.0; WOW64) AppleWebKit/537.36 (KHTML, like Gecko) Chrome/49.0.2623.112 Safari/537.36', '183.82.219.1', '2016-04-21 22:23:22', '0000-00-00 00:00:00'),
	(8, 1, 'client', '1', NULL, 'Mozilla/5.0 (Windows NT 10.0; WOW64) AppleWebKit/537.36 (KHTML, like Gecko) Chrome/49.0.2623.112 Safari/537.36', '183.82.219.1', '2016-04-21 22:48:29', '0000-00-00 00:00:00'),
	(9, 1, 'client', '1', NULL, 'Mozilla/5.0 (Windows NT 10.0; WOW64) AppleWebKit/537.36 (KHTML, like Gecko) Chrome/49.0.2623.112 Safari/537.36', '183.82.219.1', '2016-04-21 22:51:37', '0000-00-00 00:00:00'),
	(10, 1, 'client', '1', NULL, 'Mozilla/5.0 (Windows NT 10.0; WOW64) AppleWebKit/537.36 (KHTML, like Gecko) Chrome/49.0.2623.112 Safari/537.36', '183.82.219.1', '2016-04-21 22:51:59', '0000-00-00 00:00:00'),
	(11, 1, 'client', '1', NULL, 'Mozilla/5.0 (Windows NT 6.1; WOW64) AppleWebKit/537.36 (KHTML, like Gecko) Chrome/49.0.2623.112 Safari/537.36', '183.83.160.166', '2016-04-21 22:52:30', '0000-00-00 00:00:00'),
	(12, 1, 'client', '1', NULL, 'Mozilla/5.0 (Windows NT 6.3; WOW64) AppleWebKit/537.36 (KHTML, like Gecko) Chrome/50.0.2661.94 Safari/537.36', '202.78.251.130', '2016-05-09 16:22:46', '0000-00-00 00:00:00'),
	(13, 1, 'client', '1', NULL, 'Dalvik/2.1.0 (Linux; U; Android 6.0; Android SDK built for x86 Build/MASTER)', '202.78.251.130', '2016-05-09 17:29:08', '0000-00-00 00:00:00'),
	(14, 1, 'client', '1', NULL, 'Dalvik/2.1.0 (Linux; U; Android 6.0; Android SDK built for x86 Build/MASTER)', '202.78.251.130', '2016-05-09 17:39:02', '0000-00-00 00:00:00'),
	(15, 1, 'client', '1', NULL, 'Dalvik/2.1.0 (Linux; U; Android 6.0; Android SDK built for x86 Build/MASTER)', '202.78.251.130', '2016-05-09 17:41:17', '0000-00-00 00:00:00'),
	(16, 1, 'client', '1', NULL, 'Dalvik/2.1.0 (Linux; U; Android 6.0; Android SDK built for x86 Build/MASTER)', '202.78.251.130', '2016-05-09 17:54:02', '0000-00-00 00:00:00'),
	(17, 1, 'client', '1', NULL, 'Mozilla/5.0 (Windows NT 10.0; WOW64) AppleWebKit/537.36 (KHTML, like Gecko) Chrome/50.0.2661.94 Safari/537.36', '183.82.219.1', '2016-05-11 21:54:36', '0000-00-00 00:00:00'),
	(18, 1, 'client', '1', NULL, 'Dalvik/2.1.0 (Linux; U; Android 6.0.1; Nexus 5 Build/MOB30H)', '202.78.251.151', '2016-05-12 10:43:46', '0000-00-00 00:00:00'),
	(19, 1, 'client', '1', NULL, 'Dalvik/2.1.0 (Linux; U; Android 6.0.1; Nexus 5 Build/MOB30H)', '202.78.251.151', '2016-05-12 10:49:37', '0000-00-00 00:00:00'),
	(20, 1, 'client', '1', NULL, 'Dalvik/2.1.0 (Linux; U; Android 6.0.1; Nexus 5 Build/MOB30H)', '202.78.251.151', '2016-05-12 10:54:39', '0000-00-00 00:00:00'),
	(21, 1, 'client', '1', NULL, 'Mozilla/5.0 (Windows NT 6.3; WOW64) AppleWebKit/537.36 (KHTML, like Gecko) Chrome/50.0.2661.94 Safari/537.36', '202.78.251.130', '2016-05-12 11:00:04', '0000-00-00 00:00:00'),
	(22, 1, 'client', '1', NULL, 'Dalvik/2.1.0 (Linux; U; Android 6.0.1; Nexus 5 Build/MOB30H)', '202.78.251.151', '2016-05-12 11:30:14', '0000-00-00 00:00:00'),
	(23, 1, 'client', '1', NULL, 'Dalvik/2.1.0 (Linux; U; Android 6.0.1; Nexus 5 Build/MOB30H)', '202.78.251.151', '2016-05-12 12:38:05', '0000-00-00 00:00:00'),
	(24, 1, 'client', '1', NULL, 'Dalvik/2.1.0 (Linux; U; Android 6.0; Android SDK built for x86 Build/MASTER)', '202.78.251.130', '2016-05-12 17:48:01', '0000-00-00 00:00:00'),
	(25, 1, 'client', '1', NULL, 'Dalvik/2.1.0 (Linux; U; Android 6.0; Android SDK built for x86 Build/MASTER)', '202.78.251.130', '2016-05-12 17:52:17', '0000-00-00 00:00:00'),
	(26, 1, 'client', '1', NULL, 'Dalvik/2.1.0 (Linux; U; Android 6.0; Android SDK built for x86 Build/MASTER)', '202.78.251.130', '2016-05-12 18:07:22', '0000-00-00 00:00:00'),
	(27, 1, 'client', '1', NULL, 'Dalvik/2.1.0 (Linux; U; Android 6.0; Android SDK built for x86 Build/MASTER)', '202.78.251.130', '2016-05-12 18:08:44', '0000-00-00 00:00:00'),
	(28, 1, 'client', '1', NULL, 'Dalvik/2.1.0 (Linux; U; Android 6.0; Android SDK built for x86 Build/MASTER)', '202.78.251.130', '2016-05-12 18:10:26', '0000-00-00 00:00:00'),
	(29, 1, 'client', '1', NULL, 'Dalvik/2.1.0 (Linux; U; Android 6.0; Android SDK built for x86 Build/MASTER)', '202.78.251.130', '2016-05-12 18:12:36', '0000-00-00 00:00:00'),
	(30, 1, 'client', '1', NULL, 'Dalvik/2.1.0 (Linux; U; Android 6.0; Android SDK built for x86 Build/MASTER)', '202.78.251.130', '2016-05-12 18:15:56', '0000-00-00 00:00:00'),
	(31, 1, 'client', '1', NULL, 'Dalvik/2.1.0 (Linux; U; Android 6.0; Android SDK built for x86 Build/MASTER)', '202.78.251.130', '2016-05-12 18:18:25', '0000-00-00 00:00:00'),
	(32, 1, 'client', '1', NULL, 'Dalvik/2.1.0 (Linux; U; Android 6.0; Android SDK built for x86 Build/MASTER)', '202.78.251.130', '2016-05-12 18:20:05', '0000-00-00 00:00:00'),
	(33, 1, 'client', '1', NULL, 'Dalvik/2.1.0 (Linux; U; Android 6.0; Android SDK built for x86 Build/MASTER)', '202.78.251.130', '2016-05-12 18:21:37', '0000-00-00 00:00:00'),
	(34, 1, 'client', '1', NULL, 'Dalvik/2.1.0 (Linux; U; Android 6.0; Android SDK built for x86 Build/MASTER)', '202.78.251.130', '2016-05-12 18:24:38', '0000-00-00 00:00:00'),
	(35, 1, 'client', '1', NULL, 'Dalvik/2.1.0 (Linux; U; Android 6.0; Android SDK built for x86 Build/MASTER)', '202.78.251.130', '2016-05-12 18:26:20', '0000-00-00 00:00:00'),
	(36, 1, 'client', '1', NULL, 'Dalvik/2.1.0 (Linux; U; Android 6.0; Android SDK built for x86 Build/MASTER)', '202.78.251.130', '2016-05-12 18:29:03', '0000-00-00 00:00:00'),
	(37, 1, 'client', '1', NULL, 'Dalvik/2.1.0 (Linux; U; Android 6.0; Android SDK built for x86 Build/MASTER)', '202.78.251.130', '2016-05-12 18:30:44', '0000-00-00 00:00:00'),
	(38, 1, 'client', '1', NULL, 'Dalvik/2.1.0 (Linux; U; Android 6.0; Android SDK built for x86 Build/MASTER)', '202.78.251.130', '2016-05-12 18:31:53', '0000-00-00 00:00:00'),
	(39, 1, 'client', '1', NULL, 'Dalvik/2.1.0 (Linux; U; Android 6.0; Android SDK built for x86 Build/MASTER)', '202.78.251.130', '2016-05-12 18:33:33', '0000-00-00 00:00:00'),
	(40, 1, 'client', '1', NULL, 'Dalvik/2.1.0 (Linux; U; Android 6.0; Android SDK built for x86 Build/MASTER)', '202.78.251.130', '2016-05-12 18:34:29', '0000-00-00 00:00:00'),
	(41, 1, 'client', '1', NULL, 'Dalvik/2.1.0 (Linux; U; Android 6.0; Android SDK built for x86 Build/MASTER)', '202.78.251.130', '2016-05-12 18:35:52', '0000-00-00 00:00:00'),
	(42, 1, 'client', '1', NULL, 'Dalvik/2.1.0 (Linux; U; Android 6.0; Android SDK built for x86 Build/MASTER)', '202.78.251.130', '2016-05-12 18:38:26', '0000-00-00 00:00:00'),
	(43, 1, 'client', '1', NULL, 'Dalvik/2.1.0 (Linux; U; Android 6.0; Android SDK built for x86 Build/MASTER)', '202.78.251.130', '2016-05-12 18:41:52', '0000-00-00 00:00:00'),
	(44, 1, 'client', '1', NULL, 'Dalvik/2.1.0 (Linux; U; Android 6.0; Android SDK built for x86 Build/MASTER)', '202.78.251.130', '2016-05-12 18:43:20', '0000-00-00 00:00:00'),
	(45, 1, 'client', '1', NULL, 'Dalvik/2.1.0 (Linux; U; Android 6.0; Android SDK built for x86 Build/MASTER)', '202.78.251.130', '2016-05-12 18:45:10', '0000-00-00 00:00:00'),
	(46, 1, 'client', '1', NULL, 'Dalvik/2.1.0 (Linux; U; Android 6.0; Android SDK built for x86 Build/MASTER)', '202.78.251.130', '2016-05-12 18:48:10', '0000-00-00 00:00:00'),
	(47, 1, 'client', '1', NULL, 'Dalvik/2.1.0 (Linux; U; Android 6.0; Android SDK built for x86 Build/MASTER)', '202.78.251.130', '2016-05-12 18:50:42', '0000-00-00 00:00:00'),
	(48, 1, 'client', '1', NULL, 'Dalvik/2.1.0 (Linux; U; Android 6.0; Android SDK built for x86 Build/MASTER)', '202.78.251.130', '2016-05-13 09:20:34', '0000-00-00 00:00:00'),
	(49, 1, 'client', '1', NULL, 'Dalvik/2.1.0 (Linux; U; Android 6.0; Android SDK built for x86 Build/MASTER)', '202.78.251.130', '2016-05-13 09:22:11', '0000-00-00 00:00:00'),
	(50, 1, 'client', '1', NULL, 'Dalvik/2.1.0 (Linux; U; Android 6.0; Android SDK built for x86 Build/MASTER)', '202.78.251.130', '2016-05-13 09:25:42', '0000-00-00 00:00:00'),
	(51, 1, 'client', '1', NULL, 'Dalvik/2.1.0 (Linux; U; Android 6.0; Android SDK built for x86 Build/MASTER)', '202.78.251.130', '2016-05-13 09:28:12', '0000-00-00 00:00:00'),
	(52, 3, 'client', '3', NULL, 'Mozilla/5.0 (Windows NT 6.3; WOW64) AppleWebKit/537.36 (KHTML, like Gecko) Chrome/50.0.2661.94 Safari/537.36', '202.78.251.130', '2016-05-13 09:30:11', '0000-00-00 00:00:00'),
	(53, 3, 'client', '3', NULL, 'Mozilla/5.0 (Windows NT 6.3; WOW64) AppleWebKit/537.36 (KHTML, like Gecko) Chrome/50.0.2661.94 Safari/537.36', '202.78.251.130', '2016-05-13 09:32:37', '0000-00-00 00:00:00'),
	(54, 3, 'client', '3', NULL, 'Mozilla/5.0 (Windows NT 6.3; WOW64) AppleWebKit/537.36 (KHTML, like Gecko) Chrome/50.0.2661.94 Safari/537.36', '202.78.251.130', '2016-05-13 09:46:11', '0000-00-00 00:00:00'),
	(55, 3, 'client', '3', NULL, 'Dalvik/2.1.0 (Linux; U; Android 6.0.1; Nexus 5 Build/MOB30H)', '202.78.251.151', '2016-05-13 10:14:46', '0000-00-00 00:00:00'),
	(56, 3, 'client', '3', NULL, 'Mozilla/5.0 (Windows NT 6.3; WOW64) AppleWebKit/537.36 (KHTML, like Gecko) Chrome/50.0.2661.94 Safari/537.36', '202.78.251.130', '2016-05-13 10:17:32', '0000-00-00 00:00:00'),
	(57, 3, 'client', '3', NULL, 'Dalvik/2.1.0 (Linux; U; Android 6.0.1; Nexus 5 Build/MOB30H)', '202.78.251.151', '2016-05-13 10:53:34', '0000-00-00 00:00:00'),
	(58, 3, 'client', '3', NULL, 'Dalvik/2.1.0 (Linux; U; Android 6.0.1; Nexus 5 Build/MOB30H)', '202.78.251.151', '2016-05-13 11:05:09', '0000-00-00 00:00:00'),
	(59, 3, 'client', '3', NULL, 'Dalvik/2.1.0 (Linux; U; Android 6.0; PREVIEW - Google Nexus 5X - 6.0.0 - API 23 - 1080x1920 Build/MRA58K)', '202.78.251.130', '2016-05-13 11:51:07', '0000-00-00 00:00:00'),
	(60, 3, 'client', '3', NULL, 'Dalvik/2.1.0 (Linux; U; Android 6.0; Android SDK built for x86 Build/MASTER)', '202.78.251.130', '2016-05-13 14:19:54', '0000-00-00 00:00:00'),
	(61, 3, 'client', '3', NULL, 'Mozilla/5.0 (Windows NT 6.3; WOW64) AppleWebKit/537.36 (KHTML, like Gecko) Chrome/50.0.2661.94 Safari/537.36', '202.78.251.130', '2016-05-13 14:30:45', '0000-00-00 00:00:00'),
	(62, 3, 'client', '3', NULL, 'Dalvik/2.1.0 (Linux; U; Android 6.0; Android SDK built for x86 Build/MASTER)', '202.78.251.130', '2016-05-13 14:35:08', '0000-00-00 00:00:00'),
	(63, 1, 'client', '1', NULL, 'Mozilla/5.0 (Macintosh; Intel Mac OS X 10_11_4) AppleWebKit/537.36 (KHTML, like Gecko) Chrome/50.0.2661.102 Safari/537.36', '122.170.251.217', '2016-05-14 16:53:02', '0000-00-00 00:00:00'),
	(64, 1, 'client', '1', NULL, 'Mozilla/5.0 (Macintosh; Intel Mac OS X 10_11_4) AppleWebKit/537.36 (KHTML, like Gecko) Chrome/50.0.2661.102 Safari/537.36', '122.170.251.217', '2016-05-14 19:38:59', '0000-00-00 00:00:00'),
	(65, 1, 'client', '1', NULL, 'LawyersInfo/1 CFNetwork/758.2.8 Darwin/14.5.0', '122.170.251.217', '2016-05-14 20:11:51', '0000-00-00 00:00:00'),
	(66, 1, 'client', '1', NULL, 'LawyersInfo/1 CFNetwork/758.2.8 Darwin/14.5.0', '122.170.251.217', '2016-05-14 20:11:53', '0000-00-00 00:00:00'),
	(67, 1, 'client', '1', NULL, 'Lawyer/1 CFNetwork/758.3.15 Darwin/15.4.0', '122.170.251.217', '2016-05-14 20:22:29', '0000-00-00 00:00:00'),
	(68, 1, 'client', '1', NULL, 'Lawyer/1 CFNetwork/758.3.15 Darwin/15.4.0', '122.170.251.217', '2016-05-14 20:24:56', '0000-00-00 00:00:00'),
	(69, 1, 'client', '1', NULL, 'Lawyer/1 CFNetwork/758.3.15 Darwin/15.4.0', '122.170.251.217', '2016-05-14 20:25:22', '0000-00-00 00:00:00'),
	(70, 1, 'client', '1', NULL, 'Lawyer/1 CFNetwork/758.3.15 Darwin/15.4.0', '122.170.251.217', '2016-05-14 20:32:48', '0000-00-00 00:00:00'),
	(71, 1, 'client', '1', NULL, 'Lawyer/1 CFNetwork/758.3.15 Darwin/15.4.0', '122.170.251.217', '2016-05-14 20:33:07', '0000-00-00 00:00:00'),
	(72, 1, 'client', '1', NULL, 'Lawyer/1 CFNetwork/758.3.15 Darwin/15.4.0', '122.170.251.217', '2016-05-14 20:38:59', '0000-00-00 00:00:00'),
	(73, 1, 'client', '1', NULL, 'Lawyer/1 CFNetwork/758.3.15 Darwin/15.4.0', '122.170.251.217', '2016-05-14 20:53:34', '0000-00-00 00:00:00'),
	(74, 1, 'client', '1', NULL, 'LawyersInfo/1 CFNetwork/758.2.8 Darwin/14.5.0', '110.224.231.160', '2016-05-16 10:21:54', '0000-00-00 00:00:00'),
	(75, 1, 'client', '1', NULL, 'LawyersInfo/1 CFNetwork/758.2.8 Darwin/14.5.0', '110.224.231.160', '2016-05-16 10:31:38', '0000-00-00 00:00:00'),
	(76, 1, 'client', '1', NULL, 'LawyersInfo/1 CFNetwork/758.2.8 Darwin/14.5.0', '110.224.231.160', '2016-05-16 10:35:14', '0000-00-00 00:00:00'),
	(77, 3, 'client', '3', NULL, 'Dalvik/2.1.0 (Linux; U; Android 6.0; PREVIEW - Google Nexus 5X - 6.0.0 - API 23 - 1080x1920 Build/MRA58K)', '202.78.251.130', '2016-05-16 12:50:55', '0000-00-00 00:00:00'),
	(78, 1, 'client', '1', NULL, 'Lawyer/1 CFNetwork/758.3.15 Darwin/15.4.0', '122.175.9.234', '2016-05-16 22:21:44', '0000-00-00 00:00:00'),
	(79, 1, 'client', '1', NULL, 'LawyersInfo/1 CFNetwork/758.2.8 Darwin/14.5.0', '110.224.227.98', '2016-05-17 09:22:43', '0000-00-00 00:00:00'),
	(80, 1, 'client', '1', NULL, 'LawyersInfo/1 CFNetwork/758.2.8 Darwin/14.5.0', '110.224.227.98', '2016-05-17 09:22:43', '0000-00-00 00:00:00'),
	(81, 1, 'client', '1', NULL, 'LawyersInfo/1 CFNetwork/758.2.8 Darwin/14.5.0', '110.224.227.98', '2016-05-17 09:23:02', '0000-00-00 00:00:00'),
	(82, 1, 'client', '1', NULL, 'LawyersInfo/1 CFNetwork/758.2.8 Darwin/14.5.0', '110.224.233.238', '2016-05-17 10:24:09', '0000-00-00 00:00:00'),
	(83, 1, 'client', '1', NULL, 'LawyersInfo/1 CFNetwork/758.2.8 Darwin/14.5.0', '110.224.233.238', '2016-05-17 11:05:24', '0000-00-00 00:00:00'),
	(84, 1, 'client', '1', NULL, 'LawyersInfo/1 CFNetwork/758.2.8 Darwin/14.5.0', '110.224.233.238', '2016-05-17 11:05:36', '0000-00-00 00:00:00'),
	(85, 4, 'client', '4', NULL, 'Mozilla/5.0 (Windows NT 10.0; WOW64) AppleWebKit/537.36 (KHTML, like Gecko) Chrome/50.0.2661.102 Safari/537.36', '202.78.251.130', '2016-05-27 16:34:42', '0000-00-00 00:00:00'),
	(86, 4, 'client', '4', NULL, 'Dalvik/2.1.0 (Linux; U; Android 6.0; Android SDK built for x86 Build/MASTER)', '202.78.251.130', '2016-05-27 16:35:02', '0000-00-00 00:00:00'),
	(87, 4, 'client', '4', NULL, 'Dalvik/2.1.0 (Linux; U; Android 6.0.1; Nexus 5 Build/MOB30H)', '183.82.113.201', '2016-05-30 19:19:04', '0000-00-00 00:00:00'),
	(88, 5, 'client', '5', NULL, 'Dalvik/2.1.0 (Linux; U; Android 5.1.1; C6902 Build/14.6.A.1.236)', '183.82.113.201', '2016-05-30 19:59:39', '0000-00-00 00:00:00'),
	(89, 4, 'client', '4', NULL, 'Dalvik/2.1.0 (Linux; U; Android 6.0.1; Nexus 5 Build/MOB30H)', '183.82.113.201', '2016-05-30 20:24:57', '0000-00-00 00:00:00'),
	(90, 4, 'client', '4', NULL, 'Dalvik/2.1.0 (Linux; U; Android 6.0.1; Nexus 5 Build/MOB30H)', '202.78.251.151', '2016-05-31 10:12:22', '0000-00-00 00:00:00'),
	(91, 6, 'client', '6', NULL, 'Lawyer/1 CFNetwork/758.3.15 Darwin/15.4.0', '122.170.254.53', '2016-06-01 23:59:09', '0000-00-00 00:00:00'),
	(92, 6, 'client', '6', NULL, 'Lawyer/1 CFNetwork/758.3.15 Darwin/15.4.0', '122.170.254.53', '2016-06-02 00:00:54', '0000-00-00 00:00:00'),
	(93, 6, 'client', '6', NULL, 'Lawyer/1 CFNetwork/758.3.15 Darwin/15.4.0', '122.170.254.53', '2016-06-02 00:19:33', '0000-00-00 00:00:00'),
	(94, 6, 'client', '6', NULL, 'Lawyer/1 CFNetwork/758.3.15 Darwin/15.4.0', '122.170.254.53', '2016-06-02 00:19:39', '0000-00-00 00:00:00'),
	(95, 6, 'client', '6', NULL, 'Lawyer/1 CFNetwork/758.3.15 Darwin/15.4.0', '122.170.254.53', '2016-06-02 00:37:44', '0000-00-00 00:00:00'),
	(96, 6, 'client', '6', NULL, 'Lawyer/1 CFNetwork/758.3.15 Darwin/15.4.0', '122.170.254.53', '2016-06-02 00:41:53', '0000-00-00 00:00:00'),
	(97, 6, 'client', '6', NULL, 'Lawyer/1 CFNetwork/758.3.15 Darwin/15.4.0', '122.170.254.53', '2016-06-02 00:44:33', '0000-00-00 00:00:00'),
	(98, 6, 'client', '6', NULL, 'Lawyer/1 CFNetwork/758.3.15 Darwin/15.4.0', '122.170.254.53', '2016-06-02 00:52:38', '0000-00-00 00:00:00'),
	(99, 6, 'client', '6', NULL, 'Lawyer/1 CFNetwork/758.3.15 Darwin/15.4.0', '122.170.254.53', '2016-06-02 00:54:27', '0000-00-00 00:00:00'),
	(100, 6, 'client', '6', NULL, 'Lawyer/1 CFNetwork/758.3.15 Darwin/15.4.0', '122.170.254.53', '2016-06-02 00:58:30', '0000-00-00 00:00:00'),
	(101, 6, 'client', '6', NULL, 'Lawyer/1 CFNetwork/758.3.15 Darwin/15.4.0', '122.170.254.53', '2016-06-02 01:02:23', '0000-00-00 00:00:00'),
	(102, 6, 'client', '6', NULL, 'Lawyer/1 CFNetwork/758.3.15 Darwin/15.4.0', '122.170.254.53', '2016-06-02 01:05:05', '0000-00-00 00:00:00'),
	(103, 6, 'client', '6', NULL, 'Lawyer/1 CFNetwork/758.3.15 Darwin/15.4.0', '122.170.254.53', '2016-06-02 01:07:01', '0000-00-00 00:00:00'),
	(104, 6, 'client', '6', NULL, 'Lawyer/1 CFNetwork/758.3.15 Darwin/15.4.0', '122.170.254.53', '2016-06-02 01:09:27', '0000-00-00 00:00:00'),
	(105, 6, 'client', '6', NULL, 'Lawyer/1 CFNetwork/758.3.15 Darwin/15.4.0', '122.170.254.53', '2016-06-02 01:13:19', '0000-00-00 00:00:00'),
	(106, 6, 'client', '6', NULL, 'Lawyer/1 CFNetwork/758.3.15 Darwin/15.4.0', '122.170.254.53', '2016-06-02 01:15:48', '0000-00-00 00:00:00'),
	(107, 6, 'client', '6', NULL, 'Lawyer/1 CFNetwork/758.3.15 Darwin/15.4.0', '122.170.254.53', '2016-06-02 01:17:07', '0000-00-00 00:00:00'),
	(108, 6, 'client', '6', NULL, 'Lawyer/1 CFNetwork/758.3.15 Darwin/15.4.0', '122.170.254.53', '2016-06-02 01:19:11', '0000-00-00 00:00:00'),
	(109, 7, 'client', '7', NULL, 'Lawyer/1 CFNetwork/758.3.15 Darwin/15.4.0', '122.170.254.53', '2016-06-02 01:19:53', '0000-00-00 00:00:00'),
	(110, 7, 'client', '7', NULL, 'Lawyer/1 CFNetwork/758.3.15 Darwin/15.4.0', '122.170.254.53', '2016-06-02 01:23:10', '0000-00-00 00:00:00'),
	(111, 8, 'client', '8', NULL, 'Lawyer/1 CFNetwork/758.3.15 Darwin/15.4.0', '122.170.254.53', '2016-06-02 01:23:31', '0000-00-00 00:00:00'),
	(112, 8, 'client', '8', NULL, 'Lawyer/1 CFNetwork/758.3.15 Darwin/15.4.0', '122.170.254.53', '2016-06-02 01:30:02', '0000-00-00 00:00:00'),
	(113, 6, 'client', '6', NULL, 'Lawyer/1 CFNetwork/758.3.15 Darwin/15.4.0', '122.170.254.53', '2016-06-02 01:31:51', '0000-00-00 00:00:00'),
	(114, 6, 'client', '6', NULL, 'Lawyer/1 CFNetwork/758.3.15 Darwin/15.4.0', '122.170.254.53', '2016-06-02 01:53:35', '0000-00-00 00:00:00'),
	(115, 6, 'client', '6', NULL, 'Lawyer/1 CFNetwork/758.3.15 Darwin/15.4.0', '122.170.254.53', '2016-06-02 01:54:35', '0000-00-00 00:00:00'),
	(116, 8, 'client', '8', NULL, 'Lawyer/1 CFNetwork/758.3.15 Darwin/15.4.0', '122.170.254.53', '2016-06-02 01:57:40', '0000-00-00 00:00:00'),
	(117, 6, 'client', '6', NULL, 'Lawyer/1 CFNetwork/758.3.15 Darwin/15.4.0', '122.170.254.53', '2016-06-02 02:02:59', '0000-00-00 00:00:00'),
	(118, 8, 'client', '8', NULL, 'Lawyer/1 CFNetwork/758.3.15 Darwin/15.4.0', '122.170.254.53', '2016-06-02 02:05:53', '0000-00-00 00:00:00'),
	(119, 8, 'client', '8', NULL, 'Lawyer/1 CFNetwork/758.3.15 Darwin/15.4.0', '122.170.254.53', '2016-06-02 02:07:06', '0000-00-00 00:00:00'),
	(120, 6, 'client', '6', NULL, 'Lawyer/1 CFNetwork/758.3.15 Darwin/15.4.0', '122.170.254.53', '2016-06-02 23:00:17', '0000-00-00 00:00:00'),
	(121, 8, 'client', '8', NULL, 'Lawyer/1 CFNetwork/758.3.15 Darwin/15.4.0', '122.170.254.53', '2016-06-02 23:17:48', '0000-00-00 00:00:00'),
	(122, 8, 'client', '8', NULL, 'Lawyer/1 CFNetwork/758.3.15 Darwin/15.4.0', '122.170.254.53', '2016-06-02 23:19:10', '0000-00-00 00:00:00'),
	(123, 8, 'client', '8', NULL, 'Lawyer/1 CFNetwork/758.3.15 Darwin/15.4.0', '122.170.254.53', '2016-06-02 23:24:20', '0000-00-00 00:00:00'),
	(124, 8, 'client', '8', NULL, 'Lawyer/1 CFNetwork/758.3.15 Darwin/15.4.0', '122.170.254.53', '2016-06-02 23:29:17', '0000-00-00 00:00:00'),
	(125, 8, 'client', '8', NULL, 'Lawyer/1 CFNetwork/758.3.15 Darwin/15.4.0', '122.170.254.53', '2016-06-02 23:50:15', '0000-00-00 00:00:00'),
	(126, 8, 'client', '8', NULL, 'Lawyer/1 CFNetwork/758.3.15 Darwin/15.4.0', '122.170.254.53', '2016-06-02 23:52:13', '0000-00-00 00:00:00'),
	(127, 8, 'client', '8', NULL, 'Lawyer/1 CFNetwork/758.3.15 Darwin/15.4.0', '122.170.254.53', '2016-06-02 23:53:37', '0000-00-00 00:00:00'),
	(128, 8, 'client', '8', NULL, 'Lawyer/1 CFNetwork/758.3.15 Darwin/15.4.0', '122.170.254.53', '2016-06-02 23:54:02', '0000-00-00 00:00:00'),
	(129, 8, 'client', '8', NULL, 'Lawyer/1 CFNetwork/758.3.15 Darwin/15.4.0', '122.170.254.53', '2016-06-02 23:58:05', '0000-00-00 00:00:00'),
	(130, 8, 'client', '8', NULL, 'Lawyer/1 CFNetwork/758.3.15 Darwin/15.4.0', '122.170.254.53', '2016-06-03 00:04:41', '0000-00-00 00:00:00'),
	(131, 8, 'client', '8', NULL, 'Lawyer/1 CFNetwork/758.3.15 Darwin/15.4.0', '122.170.254.53', '2016-06-03 00:16:50', '0000-00-00 00:00:00'),
	(132, 8, 'client', '8', NULL, 'Lawyer/1 CFNetwork/758.3.15 Darwin/15.4.0', '122.170.254.53', '2016-06-03 00:25:44', '0000-00-00 00:00:00'),
	(133, 8, 'client', '8', NULL, 'Lawyer/1 CFNetwork/758.3.15 Darwin/15.4.0', '122.170.254.53', '2016-06-03 00:41:58', '0000-00-00 00:00:00'),
	(134, 8, 'client', '8', NULL, 'Lawyer/1 CFNetwork/758.3.15 Darwin/15.4.0', '122.170.254.53', '2016-06-03 00:43:07', '0000-00-00 00:00:00'),
	(135, 8, 'client', '8', NULL, 'Lawyer/1 CFNetwork/758.3.15 Darwin/15.4.0', '122.170.254.53', '2016-06-03 00:43:51', '0000-00-00 00:00:00'),
	(136, 8, 'client', '8', NULL, 'Lawyer/1 CFNetwork/758.3.15 Darwin/15.4.0', '122.170.254.53', '2016-06-03 00:44:54', '0000-00-00 00:00:00'),
	(137, 4, 'client', '4', NULL, 'Dalvik/2.1.0 (Linux; U; Android 6.0; PREVIEW - Google Nexus 5X - 6.0.0 - API 23 - 1080x1920 Build/MRA58K)', '202.78.251.130', '2016-06-04 10:31:22', '0000-00-00 00:00:00'),
	(138, 6, 'client', '6', NULL, 'Lawyer/1 CFNetwork/758.3.15 Darwin/15.4.0', '122.175.80.193', '2016-06-05 08:05:44', '0000-00-00 00:00:00'),
	(139, 8, 'client', '8', NULL, 'Lawyer/1 CFNetwork/758.3.15 Darwin/15.4.0', '122.175.80.193', '2016-06-05 08:13:42', '0000-00-00 00:00:00'),
	(140, 8, 'client', '8', NULL, 'Lawyer/1 CFNetwork/758.3.15 Darwin/15.4.0', '122.175.80.193', '2016-06-05 08:14:42', '0000-00-00 00:00:00'),
	(141, 8, 'client', '8', NULL, 'Lawyer/1 CFNetwork/758.3.15 Darwin/15.4.0', '122.175.80.193', '2016-06-05 08:22:28', '0000-00-00 00:00:00'),
	(142, 8, 'client', '8', NULL, 'Lawyer/1 CFNetwork/758.3.15 Darwin/15.4.0', '122.175.80.193', '2016-06-05 08:55:02', '0000-00-00 00:00:00'),
	(143, 8, 'client', '8', NULL, 'Lawyer/1 CFNetwork/758.3.15 Darwin/15.4.0', '122.175.80.193', '2016-06-05 09:09:30', '0000-00-00 00:00:00'),
	(144, 8, 'client', '8', NULL, 'Lawyer/1 CFNetwork/758.3.15 Darwin/15.4.0', '122.175.80.193', '2016-06-05 09:13:43', '0000-00-00 00:00:00'),
	(145, 8, 'client', '8', NULL, 'Lawyer/1 CFNetwork/758.3.15 Darwin/15.4.0', '122.175.80.193', '2016-06-05 09:34:51', '0000-00-00 00:00:00'),
	(146, 8, 'client', '8', NULL, 'Lawyer/1 CFNetwork/758.3.15 Darwin/15.4.0', '122.175.80.193', '2016-06-05 09:42:16', '0000-00-00 00:00:00'),
	(147, 8, 'client', '8', NULL, 'Lawyer/1 CFNetwork/758.3.15 Darwin/15.4.0', '122.175.80.193', '2016-06-05 10:00:14', '0000-00-00 00:00:00'),
	(148, 8, 'client', '8', NULL, 'Lawyer/1 CFNetwork/758.3.15 Darwin/15.4.0', '122.175.80.193', '2016-06-05 10:08:12', '0000-00-00 00:00:00'),
	(149, 8, 'client', '8', NULL, 'Lawyer/1 CFNetwork/758.3.15 Darwin/15.4.0', '122.175.80.193', '2016-06-05 10:12:59', '0000-00-00 00:00:00'),
	(150, 8, 'client', '8', NULL, 'Lawyer/1 CFNetwork/758.3.15 Darwin/15.4.0', '122.175.80.193', '2016-06-05 10:23:33', '0000-00-00 00:00:00'),
	(151, 8, 'client', '8', NULL, 'Lawyer/1 CFNetwork/758.4.3 Darwin/15.5.0', '106.220.227.26', '2016-06-05 13:01:30', '0000-00-00 00:00:00'),
	(152, 8, 'client', '8', NULL, 'Lawyer/1 CFNetwork/758.3.15 Darwin/15.4.0', '122.170.234.197', '2016-06-05 20:10:44', '0000-00-00 00:00:00'),
	(153, 8, 'client', '8', NULL, 'Lawyer/1 CFNetwork/758.3.15 Darwin/15.4.0', '122.170.234.197', '2016-06-05 20:14:29', '0000-00-00 00:00:00'),
	(154, 8, 'client', '8', NULL, 'Lawyer/1 CFNetwork/758.3.15 Darwin/15.4.0', '122.170.234.197', '2016-06-05 21:05:09', '0000-00-00 00:00:00'),
	(155, 8, 'client', '8', NULL, 'Lawyer/1 CFNetwork/758.3.15 Darwin/15.4.0', '122.170.234.197', '2016-06-05 21:07:14', '0000-00-00 00:00:00'),
	(156, 8, 'client', '8', NULL, 'Lawyer/1 CFNetwork/758.3.15 Darwin/15.4.0', '122.170.234.197', '2016-06-05 21:17:51', '0000-00-00 00:00:00'),
	(157, 8, 'client', '8', NULL, 'Lawyer/1 CFNetwork/758.3.15 Darwin/15.4.0', '122.170.234.197', '2016-06-05 21:23:58', '0000-00-00 00:00:00'),
	(158, 4, 'client', '4', NULL, 'Dalvik/2.1.0 (Linux; U; Android 6.0; PREVIEW - Google Nexus 5X - 6.0.0 - API 23 - 1080x1920 Build/MRA58K)', '202.78.251.130', '2016-06-07 11:28:45', '0000-00-00 00:00:00'),
	(159, 9, 'client', '9', NULL, 'Mozilla/5.0 (Windows NT 10.0; WOW64) AppleWebKit/537.36 (KHTML, like Gecko) Chrome/50.0.2661.102 Safari/537.36', '202.78.251.130', '2016-06-08 14:42:42', '0000-00-00 00:00:00'),
	(160, 9, 'client', '9', NULL, 'Mozilla/5.0 (Windows NT 10.0; WOW64) AppleWebKit/537.36 (KHTML, like Gecko) Chrome/50.0.2661.102 Safari/537.36', '202.78.251.130', '2016-06-08 15:39:31', '0000-00-00 00:00:00'),
	(161, 3, 'client', '3', NULL, 'Dalvik/2.1.0 (Linux; U; Android 6.0; PREVIEW - Google Nexus 5X - 6.0.0 - API 23 - 1080x1920 Build/MRA58K)', '202.78.251.130', '2016-06-08 15:53:22', '0000-00-00 00:00:00'),
	(162, 3, 'client', '3', NULL, 'Dalvik/2.1.0 (Linux; U; Android 6.0; PREVIEW - Google Nexus 5X - 6.0.0 - API 23 - 1080x1920 Build/MRA58K)', '202.78.251.130', '2016-06-09 12:03:30', '0000-00-00 00:00:00'),
	(163, 9, 'client', '9', NULL, 'Dalvik/2.1.0 (Linux; U; Android 6.0; PREVIEW - Google Nexus 5X - 6.0.0 - API 23 - 1080x1920 Build/MRA58K)', '202.78.251.130', '2016-06-09 12:05:02', '0000-00-00 00:00:00'),
	(164, 9, 'client', '9', NULL, 'Dalvik/2.1.0 (Linux; U; Android 6.0; PREVIEW - Google Nexus 5X - 6.0.0 - API 23 - 1080x1920 Build/MRA58K)', '202.78.251.130', '2016-06-09 12:08:17', '0000-00-00 00:00:00'),
	(165, 3, 'client', '3', NULL, 'Dalvik/2.1.0 (Linux; U; Android 6.0; PREVIEW - Google Nexus 5X - 6.0.0 - API 23 - 1080x1920 Build/MRA58K)', '202.78.251.130', '2016-06-09 12:15:56', '0000-00-00 00:00:00'),
	(166, 3, 'client', '3', NULL, 'Mozilla/5.0 (Windows NT 10.0; WOW64) AppleWebKit/537.36 (KHTML, like Gecko) Chrome/50.0.2661.102 Safari/537.36', '202.78.251.130', '2016-06-10 11:09:56', '0000-00-00 00:00:00'),
	(167, 9, 'client', '9', NULL, 'Mozilla/5.0 (Windows NT 10.0; WOW64) AppleWebKit/537.36 (KHTML, like Gecko) Chrome/50.0.2661.102 Safari/537.36', '202.78.251.130', '2016-06-10 11:12:44', '0000-00-00 00:00:00'),
	(168, 8, 'client', '8', NULL, 'Lawyer/1 CFNetwork/758.3.15 Darwin/15.4.0', '122.175.59.202', '2016-06-10 19:23:37', '0000-00-00 00:00:00'),
	(169, 8, 'client', '8', NULL, 'Lawyer/1 CFNetwork/758.3.15 Darwin/15.4.0', '122.175.59.202', '2016-06-10 19:55:04', '0000-00-00 00:00:00'),
	(170, 8, 'client', '8', NULL, 'Lawyer/1 CFNetwork/758.3.15 Darwin/15.4.0', '122.175.59.202', '2016-06-10 20:07:37', '0000-00-00 00:00:00'),
	(171, 8, 'client', '8', NULL, 'Lawyer/1 CFNetwork/758.3.15 Darwin/15.4.0', '122.175.59.202', '2016-06-10 20:44:31', '0000-00-00 00:00:00'),
	(172, 8, 'client', '8', NULL, 'Lawyer/1 CFNetwork/758.3.15 Darwin/15.4.0', '122.175.59.202', '2016-06-10 20:45:26', '0000-00-00 00:00:00'),
	(173, 8, 'client', '8', NULL, 'Lawyer/1 CFNetwork/758.3.15 Darwin/15.4.0', '122.175.59.202', '2016-06-10 20:58:45', '0000-00-00 00:00:00'),
	(174, 8, 'client', '8', NULL, 'Lawyer/1 CFNetwork/758.3.15 Darwin/15.4.0', '122.175.59.202', '2016-06-10 21:04:21', '0000-00-00 00:00:00'),
	(175, 8, 'client', '8', NULL, 'Lawyer/1 CFNetwork/758.3.15 Darwin/15.4.0', '122.175.59.202', '2016-06-10 21:05:52', '0000-00-00 00:00:00'),
	(176, 8, 'client', '8', NULL, 'Lawyer/1 CFNetwork/758.3.15 Darwin/15.4.0', '122.175.59.202', '2016-06-10 21:08:05', '0000-00-00 00:00:00'),
	(177, 8, 'client', '8', NULL, 'Lawyer/1 CFNetwork/758.3.15 Darwin/15.4.0', '122.175.59.202', '2016-06-10 21:10:54', '0000-00-00 00:00:00'),
	(178, 8, 'client', '8', NULL, 'Lawyer/1 CFNetwork/758.3.15 Darwin/15.4.0', '122.175.59.202', '2016-06-10 21:12:17', '0000-00-00 00:00:00'),
	(179, 3, 'client', '3', NULL, 'Dalvik/2.1.0 (Linux; U; Android 5.1.1; Android SDK built for x86 Build/LMY48X)', '202.78.251.130', '2016-06-11 11:57:44', '0000-00-00 00:00:00'),
	(180, 8, 'client', '8', NULL, 'Lawyer/1 CFNetwork/758.3.15 Darwin/15.4.0', '117.98.132.170', '2016-06-11 13:08:46', '0000-00-00 00:00:00'),
	(181, 8, 'client', '8', NULL, 'Lawyer/1 CFNetwork/758.3.15 Darwin/15.4.0', '117.98.132.170', '2016-06-11 13:29:29', '0000-00-00 00:00:00'),
	(182, 8, 'client', '8', NULL, 'Lawyer/1 CFNetwork/758.3.15 Darwin/15.4.0', '117.98.132.170', '2016-06-11 13:30:58', '0000-00-00 00:00:00'),
	(183, 8, 'client', '8', NULL, 'Lawyer/1 CFNetwork/758.3.15 Darwin/15.4.0', '117.98.132.170', '2016-06-11 13:34:23', '0000-00-00 00:00:00'),
	(184, 8, 'client', '8', NULL, 'Lawyer/1 CFNetwork/758.3.15 Darwin/15.4.0', '117.98.132.170', '2016-06-11 13:42:47', '0000-00-00 00:00:00'),
	(185, 8, 'client', '8', NULL, 'Lawyer/1 CFNetwork/758.3.15 Darwin/15.4.0', '117.98.132.170', '2016-06-11 13:44:58', '0000-00-00 00:00:00'),
	(186, 8, 'client', '8', NULL, 'Lawyer/1 CFNetwork/758.3.15 Darwin/15.4.0', '117.98.132.170', '2016-06-11 16:22:53', '0000-00-00 00:00:00'),
	(187, 8, 'client', '8', NULL, 'Lawyer/1 CFNetwork/758.3.15 Darwin/15.4.0', '117.98.132.170', '2016-06-11 16:28:52', '0000-00-00 00:00:00'),
	(188, 8, 'client', '8', NULL, 'Lawyer/1 CFNetwork/758.3.15 Darwin/15.4.0', '117.98.132.170', '2016-06-11 16:37:07', '0000-00-00 00:00:00'),
	(189, 8, 'client', '8', NULL, 'Lawyer/1 CFNetwork/758.3.15 Darwin/15.4.0', '117.98.132.170', '2016-06-11 16:39:13', '0000-00-00 00:00:00'),
	(190, 8, 'client', '8', NULL, 'Lawyer/1 CFNetwork/758.3.15 Darwin/15.4.0', '117.98.132.170', '2016-06-11 16:44:35', '0000-00-00 00:00:00'),
	(191, 8, 'client', '8', NULL, 'Lawyer/1 CFNetwork/758.3.15 Darwin/15.4.0', '117.98.132.170', '2016-06-11 16:52:36', '0000-00-00 00:00:00'),
	(192, 8, 'client', '8', NULL, 'Lawyer/1 CFNetwork/758.3.15 Darwin/15.4.0', '117.98.132.170', '2016-06-11 16:53:40', '0000-00-00 00:00:00'),
	(193, 8, 'client', '8', NULL, 'Lawyer/1 CFNetwork/758.3.15 Darwin/15.4.0', '117.98.132.170', '2016-06-11 17:08:44', '0000-00-00 00:00:00'),
	(194, 8, 'client', '8', NULL, 'Lawyer/1 CFNetwork/758.3.15 Darwin/15.4.0', '117.98.132.170', '2016-06-11 17:10:14', '0000-00-00 00:00:00'),
	(195, 8, 'client', '8', NULL, 'Lawyer/1 CFNetwork/758.3.15 Darwin/15.4.0', '117.98.132.170', '2016-06-11 18:34:01', '0000-00-00 00:00:00'),
	(196, 8, 'client', '8', NULL, 'Lawyer/1 CFNetwork/758.3.15 Darwin/15.4.0', '117.98.132.170', '2016-06-11 18:42:43', '0000-00-00 00:00:00'),
	(197, 8, 'client', '8', NULL, 'Lawyer/1 CFNetwork/758.3.15 Darwin/15.4.0', '117.98.132.170', '2016-06-11 18:44:03', '0000-00-00 00:00:00'),
	(198, 8, 'client', '8', NULL, 'Lawyer/1 CFNetwork/758.3.15 Darwin/15.4.0', '117.98.132.170', '2016-06-11 18:48:21', '0000-00-00 00:00:00'),
	(199, 8, 'client', '8', NULL, 'Lawyer/1 CFNetwork/758.3.15 Darwin/15.4.0', '117.98.132.170', '2016-06-11 18:49:50', '0000-00-00 00:00:00'),
	(200, 8, 'client', '8', NULL, 'Lawyer/1 CFNetwork/758.3.15 Darwin/15.4.0', '117.98.132.170', '2016-06-11 18:52:37', '0000-00-00 00:00:00'),
	(201, 8, 'client', '8', NULL, 'Lawyer/1 CFNetwork/758.3.15 Darwin/15.4.0', '117.98.132.170', '2016-06-11 18:56:02', '0000-00-00 00:00:00'),
	(202, 8, 'client', '8', NULL, 'Lawyer/1 CFNetwork/758.3.15 Darwin/15.4.0', '117.98.132.170', '2016-06-11 19:00:48', '0000-00-00 00:00:00'),
	(203, 8, 'client', '8', NULL, 'Lawyer/1 CFNetwork/758.3.15 Darwin/15.4.0', '117.98.132.170', '2016-06-11 19:03:53', '0000-00-00 00:00:00'),
	(204, 8, 'client', '8', NULL, 'Lawyer/1 CFNetwork/758.3.15 Darwin/15.4.0', '117.98.132.170', '2016-06-11 19:08:04', '0000-00-00 00:00:00'),
	(205, 8, 'client', '8', NULL, 'Lawyer/1 CFNetwork/758.3.15 Darwin/15.4.0', '117.98.132.170', '2016-06-11 19:27:55', '0000-00-00 00:00:00'),
	(206, 8, 'client', '8', NULL, 'Lawyer/1 CFNetwork/758.3.15 Darwin/15.4.0', '117.98.132.170', '2016-06-11 19:30:51', '0000-00-00 00:00:00'),
	(207, 8, 'client', '8', NULL, 'Lawyer/1 CFNetwork/758.3.15 Darwin/15.4.0', '117.98.132.170', '2016-06-11 19:40:00', '0000-00-00 00:00:00'),
	(208, 8, 'client', '8', NULL, 'Lawyer/1 CFNetwork/758.3.15 Darwin/15.4.0', '117.98.132.170', '2016-06-11 19:43:51', '0000-00-00 00:00:00'),
	(209, 8, 'client', '8', NULL, 'Lawyer/1 CFNetwork/758.3.15 Darwin/15.4.0', '117.98.132.170', '2016-06-11 19:56:20', '0000-00-00 00:00:00'),
	(210, 8, 'client', '8', NULL, 'Lawyer/1 CFNetwork/758.3.15 Darwin/15.4.0', '117.98.132.170', '2016-06-11 19:58:42', '0000-00-00 00:00:00'),
	(211, 8, 'client', '8', NULL, 'Lawyer/1 CFNetwork/758.3.15 Darwin/15.4.0', '117.98.132.170', '2016-06-11 20:19:56', '0000-00-00 00:00:00'),
	(212, 8, 'client', '8', NULL, 'Lawyer/1 CFNetwork/758.3.15 Darwin/15.4.0', '117.98.132.170', '2016-06-11 20:27:26', '0000-00-00 00:00:00'),
	(213, 8, 'client', '8', NULL, 'Lawyer/1 CFNetwork/758.3.15 Darwin/15.4.0', '117.98.132.170', '2016-06-11 20:34:18', '0000-00-00 00:00:00'),
	(214, 8, 'client', '8', NULL, 'Lawyer/1 CFNetwork/758.3.15 Darwin/15.4.0', '117.98.132.170', '2016-06-11 20:38:36', '0000-00-00 00:00:00'),
	(215, 8, 'client', '8', NULL, 'Lawyer/1 CFNetwork/758.3.15 Darwin/15.4.0', '117.98.132.170', '2016-06-11 20:50:28', '0000-00-00 00:00:00'),
	(216, 8, 'client', '8', NULL, 'Lawyer/1 CFNetwork/758.3.15 Darwin/15.4.0', '117.98.132.170', '2016-06-11 20:57:43', '0000-00-00 00:00:00'),
	(217, 8, 'client', '8', NULL, 'Lawyer/1 CFNetwork/758.3.15 Darwin/15.4.0', '117.98.132.170', '2016-06-11 21:00:10', '0000-00-00 00:00:00'),
	(218, 8, 'client', '8', NULL, 'Lawyer/1 CFNetwork/758.3.15 Darwin/15.4.0', '117.98.132.170', '2016-06-11 21:02:09', '0000-00-00 00:00:00'),
	(219, 8, 'client', '8', NULL, 'Lawyer/1 CFNetwork/758.3.15 Darwin/15.4.0', '117.98.132.170', '2016-06-11 21:04:49', '0000-00-00 00:00:00'),
	(220, 3, 'client', '3', NULL, 'Dalvik/2.1.0 (Linux; U; Android 5.1.1; C6902 Build/14.6.A.1.236)', '182.73.145.138', '2016-06-13 10:25:24', '0000-00-00 00:00:00'),
	(221, 3, 'client', '3', NULL, 'Mozilla/5.0 (Windows NT 10.0; WOW64) AppleWebKit/537.36 (KHTML, like Gecko) Chrome/50.0.2661.102 Safari/537.36', '182.73.145.138', '2016-06-13 10:49:21', '0000-00-00 00:00:00'),
	(222, 10, 'client', '10', NULL, 'Dalvik/1.6.0 (Linux; U; Android 4.4.2; Brace-X1 Build/KOT49H)', '202.78.251.151', '2016-06-13 11:58:57', '0000-00-00 00:00:00'),
	(223, 10, 'client', '10', NULL, 'Dalvik/1.6.0 (Linux; U; Android 4.4.2; Brace-X1 Build/KOT49H)', '202.78.251.151', '2016-06-13 12:09:59', '0000-00-00 00:00:00'),
	(224, 10, 'client', '10', NULL, 'Mozilla/5.0 (Windows NT 6.3; WOW64) AppleWebKit/537.36 (KHTML, like Gecko) Chrome/51.0.2704.84 Safari/537.36', '202.78.251.130', '2016-06-13 12:15:46', '0000-00-00 00:00:00'),
	(225, 11, 'client', '11', NULL, 'Mozilla/5.0 (Windows NT 6.3; WOW64) AppleWebKit/537.36 (KHTML, like Gecko) Chrome/51.0.2704.84 Safari/537.36', '202.78.251.130', '2016-06-13 12:48:44', '0000-00-00 00:00:00'),
	(226, 11, 'client', '11', NULL, 'Dalvik/1.6.0 (Linux; U; Android 4.4.2; Brace-X1 Build/KOT49H)', '202.78.251.151', '2016-06-13 13:07:06', '0000-00-00 00:00:00'),
	(227, 11, 'client', '11', NULL, 'Dalvik/1.6.0 (Linux; U; Android 4.4.2; Brace-X1 Build/KOT49H)', '202.78.251.151', '2016-06-13 13:09:47', '0000-00-00 00:00:00'),
	(228, 8, 'client', '8', NULL, 'Lawyer/1 CFNetwork/758.3.15 Darwin/15.4.0', '110.224.231.204', '2016-06-13 22:49:59', '0000-00-00 00:00:00'),
	(229, 12, 'client', '12', NULL, 'Mozilla/5.0 (Windows NT 10.0; WOW64) AppleWebKit/537.36 (KHTML, like Gecko) Chrome/51.0.2704.84 Safari/537.36', '202.78.251.130', '2016-06-14 10:59:22', '0000-00-00 00:00:00'),
	(230, 4, 'client', '4', NULL, 'Dalvik/2.1.0 (Linux; U; Android 6.0; PREVIEW - Google Nexus 5X - 6.0.0 - API 23 - 1080x1920 Build/MRA58K)', '202.78.251.130', '2016-06-14 11:00:51', '0000-00-00 00:00:00'),
	(231, 4, 'client', '4', NULL, 'Mozilla/5.0 (Windows NT 10.0; WOW64) AppleWebKit/537.36 (KHTML, like Gecko) Chrome/51.0.2704.84 Safari/537.36', '202.78.251.130', '2016-06-14 11:03:03', '0000-00-00 00:00:00'),
	(232, 12, 'client', '12', NULL, 'Dalvik/2.1.0 (Linux; U; Android 6.0; PREVIEW - Google Nexus 5X - 6.0.0 - API 23 - 1080x1920 Build/MRA58K)', '202.78.251.130', '2016-06-14 11:05:23', '0000-00-00 00:00:00'),
	(233, 12, 'client', '12', NULL, 'Dalvik/2.1.0 (Linux; U; Android 6.0; PREVIEW - Google Nexus 5X - 6.0.0 - API 23 - 1080x1920 Build/MRA58K)', '202.78.251.130', '2016-06-14 11:09:02', '0000-00-00 00:00:00'),
	(234, 12, 'client', '12', NULL, 'Dalvik/2.1.0 (Linux; U; Android 6.0; PREVIEW - Google Nexus 5X - 6.0.0 - API 23 - 1080x1920 Build/MRA58K)', '202.78.251.130', '2016-06-14 11:13:27', '0000-00-00 00:00:00'),
	(235, 12, 'client', '12', NULL, 'Dalvik/2.1.0 (Linux; U; Android 6.0; PREVIEW - Google Nexus 5X - 6.0.0 - API 23 - 1080x1920 Build/MRA58K)', '202.78.251.130', '2016-06-14 11:14:17', '0000-00-00 00:00:00'),
	(236, 12, 'client', '12', NULL, 'Dalvik/2.1.0 (Linux; U; Android 6.0.1; Nexus 5 Build/MOB30H)', '202.78.251.151', '2016-06-14 11:36:03', '0000-00-00 00:00:00'),
	(237, 12, 'client', '12', NULL, 'Dalvik/2.1.0 (Linux; U; Android 6.0.1; Nexus 5 Build/MOB30H)', '106.220.196.73', '2016-06-14 11:37:24', '0000-00-00 00:00:00'),
	(238, 8, 'client', '8', NULL, 'Lawyer/1 CFNetwork/758.3.15 Darwin/15.4.0', '110.224.231.204', '2016-06-15 10:44:45', '0000-00-00 00:00:00'),
	(239, 8, 'client', '8', NULL, 'Lawyer/1 CFNetwork/758.3.15 Darwin/15.4.0', '110.224.231.204', '2016-06-15 11:04:10', '0000-00-00 00:00:00'),
	(240, 8, 'client', '8', NULL, 'Lawyer/1 CFNetwork/758.3.15 Darwin/15.4.0', '110.224.231.204', '2016-06-15 11:24:47', '0000-00-00 00:00:00'),
	(241, 8, 'client', '8', NULL, 'Lawyer/1 CFNetwork/758.3.15 Darwin/15.4.0', '110.224.231.204', '2016-06-15 11:29:11', '0000-00-00 00:00:00'),
	(242, 8, 'client', '8', NULL, 'Lawyer/1 CFNetwork/758.3.15 Darwin/15.4.0', '110.224.231.204', '2016-06-15 11:30:11', '0000-00-00 00:00:00'),
	(243, 9, 'client', '9', NULL, 'Dalvik/2.1.0 (Linux; U; Android 6.0.1; Nexus 5 Build/MOB30M)', '202.78.251.151', '2016-06-15 17:09:13', '0000-00-00 00:00:00'),
	(244, 4, 'client', '4', NULL, 'Dalvik/2.1.0 (Linux; U; Android 6.0; PREVIEW - Google Nexus 5X - 6.0.0 - API 23 - 1080x1920 Build/MRA58K)', '202.78.251.130', '2016-06-15 17:23:47', '0000-00-00 00:00:00'),
	(245, 5, 'client', '5', NULL, 'Dalvik/2.1.0 (Linux; U; Android 6.0; PREVIEW - Google Nexus 5X - 6.0.0 - API 23 - 1080x1920 Build/MRA58K)', '202.78.251.130', '2016-06-15 19:53:48', '0000-00-00 00:00:00'),
	(246, 12, 'client', '12', NULL, 'Dalvik/2.1.0 (Linux; U; Android 6.0.1; SM-G900F Build/MMB29M)', '94.98.232.20', '2016-06-16 17:41:05', '0000-00-00 00:00:00'),
	(247, 12, 'client', '12', NULL, 'Dalvik/2.1.0 (Linux; U; Android 6.0.1; SM-G900F Build/MMB29M)', '94.98.232.20', '2016-06-16 17:43:59', '0000-00-00 00:00:00'),
	(248, 5, 'client', '5', NULL, 'Dalvik/2.1.0 (Linux; U; Android 5.1.1; C6902 Build/14.6.A.1.236)', '182.73.145.138', '2016-06-16 17:54:19', '0000-00-00 00:00:00'),
	(249, 8, 'client', '8', NULL, 'Lawyer/1 CFNetwork/758.3.15 Darwin/15.4.0', '110.224.232.79', '2016-06-16 22:28:04', '0000-00-00 00:00:00'),
	(250, 8, 'client', '8', NULL, 'Lawyer/1 CFNetwork/758.3.15 Darwin/15.4.0', '110.224.232.79', '2016-06-16 22:40:10', '0000-00-00 00:00:00'),
	(251, 8, 'client', '8', NULL, 'Lawyer/1 CFNetwork/758.3.15 Darwin/15.4.0', '110.224.232.79', '2016-06-16 22:53:19', '0000-00-00 00:00:00'),
	(252, 8, 'client', '8', NULL, 'Lawyer/1 CFNetwork/758.3.15 Darwin/15.4.0', '110.224.232.79', '2016-06-16 23:01:11', '0000-00-00 00:00:00'),
	(253, 8, 'client', '8', NULL, 'Lawyer/1 CFNetwork/758.3.15 Darwin/15.4.0', '110.224.232.79', '2016-06-16 23:02:10', '0000-00-00 00:00:00'),
	(254, 8, 'client', '8', NULL, 'Lawyer/1 CFNetwork/758.3.15 Darwin/15.4.0', '110.224.232.79', '2016-06-16 23:12:23', '0000-00-00 00:00:00'),
	(255, 8, 'client', '8', NULL, 'Lawyer/1 CFNetwork/758.3.15 Darwin/15.4.0', '110.224.232.79', '2016-06-16 23:22:17', '0000-00-00 00:00:00'),
	(256, 8, 'client', '8', NULL, 'Lawyer/1 CFNetwork/758.3.15 Darwin/15.4.0', '110.224.232.79', '2016-06-16 23:24:54', '0000-00-00 00:00:00'),
	(257, 8, 'client', '8', NULL, 'Lawyer/1 CFNetwork/758.3.15 Darwin/15.4.0', '110.224.232.79', '2016-06-16 23:28:32', '0000-00-00 00:00:00'),
	(258, 8, 'client', '8', NULL, 'Lawyer/1 CFNetwork/758.3.15 Darwin/15.4.0', '110.224.232.79', '2016-06-16 23:41:11', '0000-00-00 00:00:00'),
	(259, 8, 'client', '8', NULL, 'Lawyer/1 CFNetwork/758.3.15 Darwin/15.4.0', '110.224.232.79', '2016-06-16 23:47:11', '0000-00-00 00:00:00'),
	(260, 4, 'client', '4', NULL, 'Dalvik/2.1.0 (Linux; U; Android 6.0.1; Nexus 5 Build/MOB30M)', '183.82.75.250', '2016-06-17 19:53:04', '0000-00-00 00:00:00'),
	(261, 10, 'client', '10', NULL, 'Dalvik/2.1.0 (Linux; U; Android 6.0.1; Nexus 5 Build/MOB30M)', '202.78.251.151', '2016-06-18 11:13:19', '0000-00-00 00:00:00'),
	(262, 8, 'client', '8', NULL, 'Lawyer/1 CFNetwork/758.3.15 Darwin/15.4.0', '110.224.139.29', '2016-06-18 11:36:14', '0000-00-00 00:00:00'),
	(263, 8, 'client', '8', NULL, 'Lawyer/1 CFNetwork/758.3.15 Darwin/15.4.0', '110.224.139.29', '2016-06-18 12:06:22', '0000-00-00 00:00:00'),
	(264, 8, 'client', '8', NULL, 'Lawyer/1 CFNetwork/758.3.15 Darwin/15.4.0', '110.224.139.29', '2016-06-18 12:07:18', '0000-00-00 00:00:00'),
	(265, 8, 'client', '8', NULL, 'Lawyer/1 CFNetwork/758.3.15 Darwin/15.4.0', '110.224.139.29', '2016-06-18 12:09:26', '0000-00-00 00:00:00'),
	(266, 8, 'client', '8', NULL, 'Lawyer/1 CFNetwork/758.3.15 Darwin/15.4.0', '110.224.139.29', '2016-06-18 12:12:13', '0000-00-00 00:00:00'),
	(267, 8, 'client', '8', NULL, 'Lawyer/1 CFNetwork/758.3.15 Darwin/15.4.0', '110.224.139.29', '2016-06-18 12:18:27', '0000-00-00 00:00:00'),
	(268, 8, 'client', '8', NULL, 'Lawyer/1 CFNetwork/758.3.15 Darwin/15.4.0', '110.224.139.29', '2016-06-18 12:19:19', '0000-00-00 00:00:00'),
	(269, 8, 'client', '8', NULL, 'Lawyer/1 CFNetwork/758.3.15 Darwin/15.4.0', '110.224.139.29', '2016-06-18 12:21:21', '0000-00-00 00:00:00'),
	(270, 8, 'client', '8', NULL, 'Lawyer/1 CFNetwork/758.3.15 Darwin/15.4.0', '110.224.139.29', '2016-06-18 12:32:59', '0000-00-00 00:00:00'),
	(271, 8, 'client', '8', NULL, 'Lawyer/1 CFNetwork/758.3.15 Darwin/15.4.0', '110.224.139.29', '2016-06-18 12:35:26', '0000-00-00 00:00:00'),
	(272, 8, 'client', '8', NULL, 'Lawyer/1 CFNetwork/758.3.15 Darwin/15.4.0', '110.224.139.29', '2016-06-18 12:37:24', '0000-00-00 00:00:00'),
	(273, 8, 'client', '8', NULL, 'Lawyer/1 CFNetwork/758.3.15 Darwin/15.4.0', '110.224.139.29', '2016-06-18 12:42:16', '0000-00-00 00:00:00'),
	(274, 8, 'client', '8', NULL, 'Lawyer/1 CFNetwork/758.3.15 Darwin/15.4.0', '110.224.139.29', '2016-06-18 12:44:10', '0000-00-00 00:00:00'),
	(275, 8, 'client', '8', NULL, 'Lawyer/1 CFNetwork/758.3.15 Darwin/15.4.0', '110.224.139.29', '2016-06-18 12:49:11', '0000-00-00 00:00:00'),
	(276, 8, 'client', '8', NULL, 'Lawyer/1 CFNetwork/758.3.15 Darwin/15.4.0', '110.224.139.29', '2016-06-18 12:51:36', '0000-00-00 00:00:00'),
	(277, 8, 'client', '8', NULL, 'Lawyer/1 CFNetwork/758.3.15 Darwin/15.4.0', '110.224.139.29', '2016-06-18 12:53:04', '0000-00-00 00:00:00'),
	(278, 8, 'client', '8', NULL, 'Lawyer/1 CFNetwork/758.3.15 Darwin/15.4.0', '110.224.139.29', '2016-06-18 12:54:50', '0000-00-00 00:00:00'),
	(279, 4, 'client', '4', NULL, 'Dalvik/2.1.0 (Linux; U; Android 6.0.1; Nexus 5 Build/MOB30M)', '183.82.113.202', '2016-06-18 15:30:04', '0000-00-00 00:00:00'),
	(280, 9, 'client', '9', NULL, 'Dalvik/2.1.0 (Linux; U; Android 6.0.1; Nexus 5 Build/MOB30M)', '183.82.113.202', '2016-06-18 15:37:09', '0000-00-00 00:00:00'),
	(281, 12, 'client', '12', NULL, 'Dalvik/2.1.0 (Linux; U; Android 6.0.1; SM-G900F Build/MMB29M)', '78.95.143.102', '2016-06-18 16:27:52', '0000-00-00 00:00:00'),
	(282, 12, 'client', '12', NULL, 'Dalvik/2.1.0 (Linux; U; Android 6.0.1; SM-G900F Build/MMB29M)', '78.95.143.102', '2016-06-18 16:33:25', '0000-00-00 00:00:00'),
	(283, 12, 'client', '12', NULL, 'Dalvik/2.1.0 (Linux; U; Android 5.1.1; C6902 Build/14.6.A.1.236)', '49.207.135.135', '2016-06-18 19:38:02', '0000-00-00 00:00:00'),
	(284, 12, 'client', '12', NULL, 'Dalvik/2.1.0 (Linux; U; Android 6.0.1; SM-G900F Build/MMB29M)', '78.95.143.102', '2016-06-18 20:13:35', '0000-00-00 00:00:00'),
	(285, 4, 'client', '4', NULL, 'Dalvik/2.1.0 (Linux; U; Android 6.0; PREVIEW - Google Nexus 5X - 6.0.0 - API 23 - 1080x1920 Build/MRA58K)', '202.78.251.130', '2016-06-20 10:44:51', '0000-00-00 00:00:00'),
	(286, 4, 'client', '4', NULL, 'Dalvik/2.1.0 (Linux; U; Android 6.0; PREVIEW - Google Nexus 5X - 6.0.0 - API 23 - 1080x1920 Build/MRA58K)', '202.78.251.130', '2016-06-20 12:57:19', '0000-00-00 00:00:00'),
	(287, 9, 'client', '9', NULL, 'Mozilla/5.0 (Windows NT 10.0; WOW64) AppleWebKit/537.36 (KHTML, like Gecko) Chrome/51.0.2704.103 Safari/537.36', '202.78.251.130', '2016-06-20 15:51:10', '0000-00-00 00:00:00'),
	(288, 9, 'client', '9', NULL, 'Mozilla/5.0 (Windows NT 10.0; WOW64) AppleWebKit/537.36 (KHTML, like Gecko) Chrome/51.0.2704.103 Safari/537.36', '202.78.251.130', '2016-06-20 15:59:26', '0000-00-00 00:00:00'),
	(289, 9, 'client', '9', NULL, 'Mozilla/5.0 (Windows NT 10.0; WOW64) AppleWebKit/537.36 (KHTML, like Gecko) Chrome/51.0.2704.103 Safari/537.36', '202.78.251.130', '2016-06-20 15:59:31', '0000-00-00 00:00:00'),
	(290, 9, 'client', '9', NULL, 'Mozilla/5.0 (Windows NT 10.0; WOW64) AppleWebKit/537.36 (KHTML, like Gecko) Chrome/51.0.2704.103 Safari/537.36', '202.78.251.130', '2016-06-20 15:59:33', '0000-00-00 00:00:00'),
	(291, 9, 'client', '9', NULL, 'Mozilla/5.0 (Windows NT 10.0; WOW64) AppleWebKit/537.36 (KHTML, like Gecko) Chrome/51.0.2704.103 Safari/537.36', '202.78.251.130', '2016-06-20 15:59:36', '0000-00-00 00:00:00'),
	(292, 9, 'client', '9', NULL, 'Dalvik/2.1.0 (Linux; U; Android 6.0; Android SDK built for x86 Build/MASTER)', '202.78.251.130', '2016-06-20 15:59:48', '0000-00-00 00:00:00'),
	(293, 9, 'client', '9', NULL, 'Dalvik/2.1.0 (Linux; U; Android 6.0; Android SDK built for x86 Build/MASTER)', '202.78.251.130', '2016-06-20 16:35:40', '0000-00-00 00:00:00'),
	(294, 9, 'client', '9', NULL, 'Dalvik/2.1.0 (Linux; U; Android 6.0; Android SDK built for x86 Build/MASTER)', '202.78.251.130', '2016-06-20 17:09:05', '0000-00-00 00:00:00'),
	(295, 9, 'client', '9', NULL, 'Dalvik/2.1.0 (Linux; U; Android 6.0; PREVIEW - Google Nexus 5X - 6.0.0 - API 23 - 1080x1920 Build/MRA58K)', '202.78.251.130', '2016-06-21 11:41:53', '0000-00-00 00:00:00'),
	(296, 9, 'client', '9', NULL, 'Mozilla/5.0 (Windows NT 10.0; WOW64) AppleWebKit/537.36 (KHTML, like Gecko) Chrome/51.0.2704.103 Safari/537.36', '202.78.251.130', '2016-06-21 12:15:47', '0000-00-00 00:00:00'),
	(297, 9, 'client', '9', NULL, 'Dalvik/2.1.0 (Linux; U; Android 6.0; Android SDK built for x86 Build/MASTER)', '202.78.251.130', '2016-06-21 14:30:33', '0000-00-00 00:00:00'),
	(298, 9, 'client', '9', NULL, 'Dalvik/2.1.0 (Linux; U; Android 6.0; Android SDK built for x86 Build/MASTER)', '202.78.251.130', '2016-06-21 14:39:49', '0000-00-00 00:00:00'),
	(299, 9, 'client', '9', NULL, 'Dalvik/2.1.0 (Linux; U; Android 6.0.1; Nexus 5 Build/MOB30M)', '202.78.251.151', '2016-06-21 14:52:37', '0000-00-00 00:00:00'),
	(300, 8, 'client', '8', NULL, 'Lawyer/1 CFNetwork/758.3.15 Darwin/15.4.0', '110.224.245.205', '2016-06-21 22:43:18', '0000-00-00 00:00:00'),
	(301, 8, 'client', '8', NULL, 'Lawyer/1 CFNetwork/758.3.15 Darwin/15.4.0', '110.224.245.205', '2016-06-21 22:50:06', '0000-00-00 00:00:00'),
	(302, 8, 'client', '8', NULL, 'Lawyer/1 CFNetwork/758.3.15 Darwin/15.4.0', '110.224.245.205', '2016-06-21 23:12:45', '0000-00-00 00:00:00'),
	(303, 8, 'client', '8', NULL, 'Lawyer/1 CFNetwork/758.3.15 Darwin/15.4.0', '110.224.245.205', '2016-06-21 23:16:28', '0000-00-00 00:00:00'),
	(304, 8, 'client', '8', NULL, 'Lawyer/1 CFNetwork/758.3.15 Darwin/15.4.0', '110.224.245.205', '2016-06-21 23:18:30', '0000-00-00 00:00:00'),
	(305, 8, 'client', '8', NULL, 'Lawyer/1 CFNetwork/758.3.15 Darwin/15.4.0', '110.224.245.205', '2016-06-21 23:20:17', '0000-00-00 00:00:00'),
	(306, 8, 'client', '8', NULL, 'Lawyer/1 CFNetwork/758.3.15 Darwin/15.4.0', '110.224.245.205', '2016-06-21 23:24:29', '0000-00-00 00:00:00'),
	(307, 8, 'client', '8', NULL, 'Lawyer/1 CFNetwork/758.3.15 Darwin/15.4.0', '110.224.245.205', '2016-06-21 23:26:16', '0000-00-00 00:00:00'),
	(308, 13, 'client', '13', NULL, 'Dalvik/2.1.0 (Linux; U; Android 6.0.1; SM-G900F Build/MMB29M)', '61.94.12.54', '2016-06-25 23:28:08', '0000-00-00 00:00:00'),
	(309, 4, 'client', '4', NULL, 'Dalvik/2.1.0 (Linux; U; Android 6.0; PREVIEW - Google Nexus 5X - 6.0.0 - API 23 - 1080x1920 Build/MRA58K)', '202.78.251.130', '2016-06-27 15:38:07', '0000-00-00 00:00:00'),
	(310, 12, 'client', '12', NULL, 'Dalvik/2.1.0 (Linux; U; Android 6.0.1; SM-G900F Build/MMB29M)', '114.4.21.200', '2016-06-29 10:27:15', '0000-00-00 00:00:00'),
	(311, 9, 'client', '9', NULL, 'Dalvik/2.1.0 (Linux; U; Android 6.0; PREVIEW - Google Nexus 5X - 6.0.0 - API 23 - 1080x1920 Build/MRA58K)', '202.78.251.130', '2016-06-29 10:30:04', '0000-00-00 00:00:00'),
	(312, 9, 'client', '9', NULL, 'Mozilla/5.0 (Windows NT 10.0; WOW64) AppleWebKit/537.36 (KHTML, like Gecko) Chrome/51.0.2704.103 Safari/537.36', '202.78.251.130', '2016-06-29 10:39:27', '0000-00-00 00:00:00'),
	(313, 9, 'client', '9', NULL, 'Mozilla/5.0 (Windows NT 10.0; WOW64) AppleWebKit/537.36 (KHTML, like Gecko) Chrome/51.0.2704.103 Safari/537.36', '202.78.251.130', '2016-06-30 09:44:05', '0000-00-00 00:00:00'),
	(314, 4, 'client', '4', NULL, 'Dalvik/2.1.0 (Linux; U; Android 6.0; PREVIEW - Google Nexus 5X - 6.0.0 - API 23 - 1080x1920 Build/MRA58K)', '202.78.251.130', '2016-06-30 11:03:33', '0000-00-00 00:00:00'),
	(315, 12, 'client', '12', NULL, 'Dalvik/2.1.0 (Linux; U; Android 6.0.1; SM-G900F Build/MMB29M)', '114.4.21.200', '2016-07-01 15:38:57', '0000-00-00 00:00:00'),
	(316, 4, 'client', '4', NULL, 'Mozilla/5.0 (Windows NT 10.0; WOW64) AppleWebKit/537.36 (KHTML, like Gecko) Chrome/51.0.2704.103 Safari/537.36', '202.78.251.130', '2016-07-02 12:06:19', '0000-00-00 00:00:00'),
	(317, 4, 'client', '4', NULL, 'Dalvik/2.1.0 (Linux; U; Android 6.0; Android SDK built for x86 Build/MASTER)', '202.78.251.130', '2016-07-02 15:52:13', '0000-00-00 00:00:00'),
	(318, 4, 'client', '4', NULL, 'Dalvik/2.1.0 (Linux; U; Android 6.0; Android SDK built for x86 Build/MASTER)', '202.78.251.130', '2016-07-02 15:58:11', '0000-00-00 00:00:00'),
	(319, 4, 'client', '4', NULL, 'Dalvik/2.1.0 (Linux; U; Android 6.0; Android SDK built for x86 Build/MASTER)', '202.78.251.130', '2016-07-02 16:04:49', '0000-00-00 00:00:00'),
	(320, 4, 'client', '4', NULL, 'Mozilla/5.0 (Windows NT 10.0; WOW64) AppleWebKit/537.36 (KHTML, like Gecko) Chrome/51.0.2704.103 Safari/537.36', '202.78.251.130', '2016-07-04 12:06:30', '0000-00-00 00:00:00'),
	(321, 4, 'client', '4', NULL, 'Dalvik/2.1.0 (Linux; U; Android 6.0; PREVIEW - Google Nexus 5X - 6.0.0 - API 23 - 1080x1920 Build/MRA58K)', '202.78.251.130', '2016-07-04 12:15:37', '0000-00-00 00:00:00'),
	(322, 4, 'client', '4', NULL, 'Dalvik/2.1.0 (Linux; U; Android 6.0; PREVIEW - Google Nexus 5X - 6.0.0 - API 23 - 1080x1920 Build/MRA58K)', '202.78.251.130', '2016-07-04 12:19:35', '0000-00-00 00:00:00'),
	(323, 9, 'client', '9', NULL, 'Dalvik/2.1.0 (Linux; U; Android 6.0.1; Nexus 5 Build/MOB30M)', '202.78.251.151', '2016-07-05 11:04:03', '0000-00-00 00:00:00'),
	(324, 4, 'client', '4', NULL, 'Dalvik/2.1.0 (Linux; U; Android 6.0.1; Nexus 5 Build/MOB30M)', '202.78.251.151', '2016-07-05 11:06:21', '0000-00-00 00:00:00'),
	(325, 4, 'client', '4', NULL, 'Lawyer/1 CFNetwork/758.4.3 Darwin/15.5.0', '183.82.113.201', '2016-07-05 21:15:36', '0000-00-00 00:00:00'),
	(326, 12, 'client', '12', NULL, 'Lawyer/1 CFNetwork/758.4.3 Darwin/15.5.0', '36.70.12.83', '2016-07-07 00:10:32', '0000-00-00 00:00:00'),
	(327, 12, 'client', '12', NULL, 'Lawyer/1 CFNetwork/758.4.3 Darwin/15.5.0', '36.70.12.83', '2016-07-07 00:11:58', '0000-00-00 00:00:00'),
	(328, 14, 'client', '14', NULL, 'Lawyer/1 CFNetwork/758.4.3 Darwin/15.5.0', '36.70.12.83', '2016-07-07 00:13:44', '0000-00-00 00:00:00'),
	(329, 14, 'client', '14', NULL, 'Lawyer/1 CFNetwork/758.4.3 Darwin/15.5.0', '36.70.12.83', '2016-07-07 00:14:07', '0000-00-00 00:00:00'),
	(330, 14, 'client', '14', NULL, 'Lawyer/1 CFNetwork/758.4.3 Darwin/15.5.0', '36.70.12.83', '2016-07-07 00:16:58', '0000-00-00 00:00:00'),
	(331, 14, 'client', '14', NULL, 'Lawyer/1 CFNetwork/758.4.3 Darwin/15.5.0', '36.70.12.83', '2016-07-07 00:17:32', '0000-00-00 00:00:00'),
	(332, 14, 'client', '14', NULL, 'Lawyer/1 CFNetwork/758.4.3 Darwin/15.5.0', '36.70.12.83', '2016-07-07 00:18:05', '0000-00-00 00:00:00'),
	(333, 14, 'client', '14', NULL, 'Lawyer/1 CFNetwork/758.4.3 Darwin/15.5.0', '36.70.12.83', '2016-07-07 00:18:41', '0000-00-00 00:00:00'),
	(334, 14, 'client', '14', NULL, 'Lawyer/1 CFNetwork/758.4.3 Darwin/15.5.0', '36.70.12.83', '2016-07-07 00:40:18', '0000-00-00 00:00:00'),
	(335, 14, 'client', '14', NULL, 'Lawyer/1 CFNetwork/758.4.3 Darwin/15.5.0', '36.70.12.83', '2016-07-07 00:40:40', '0000-00-00 00:00:00'),
	(336, 14, 'client', '14', NULL, 'Lawyer/1 CFNetwork/758.4.3 Darwin/15.5.0', '36.70.12.83', '2016-07-07 00:41:40', '0000-00-00 00:00:00'),
	(337, 14, 'client', '14', NULL, 'Lawyer/1 CFNetwork/758.4.3 Darwin/15.5.0', '36.70.12.83', '2016-07-07 00:44:23', '0000-00-00 00:00:00'),
	(338, 4, 'client', '4', NULL, 'Mozilla/5.0 (Windows NT 10.0; WOW64) AppleWebKit/537.36 (KHTML, like Gecko) Chrome/51.0.2704.103 Safari/537.36', '202.78.251.130', '2016-07-07 10:54:16', '0000-00-00 00:00:00'),
	(339, 9, 'client', '9', NULL, 'Dalvik/2.1.0 (Linux; U; Android 6.0; PREVIEW - Google Nexus 5X - 6.0.0 - API 23 - 1080x1920 Build/MRA58K)', '202.78.251.130', '2016-07-07 12:07:51', '0000-00-00 00:00:00'),
	(340, 9, 'client', '9', NULL, 'Dalvik/2.1.0 (Linux; U; Android 6.0; PREVIEW - Google Nexus 5X - 6.0.0 - API 23 - 1080x1920 Build/MRA58K)', '202.78.251.130', '2016-07-07 12:16:42', '0000-00-00 00:00:00'),
	(341, 14, 'client', '14', NULL, 'Lawyer/1 CFNetwork/758.4.3 Darwin/15.5.0', '36.70.12.83', '2016-07-07 15:14:21', '0000-00-00 00:00:00'),
	(342, 14, 'client', '14', NULL, 'Lawyer/1 CFNetwork/758.4.3 Darwin/15.5.0', '36.70.12.83', '2016-07-07 15:15:56', '0000-00-00 00:00:00'),
	(343, 12, 'client', '12', NULL, 'Dalvik/2.1.0 (Linux; U; Android 6.0.1; SM-G900F Build/MMB29M)', '36.70.12.83', '2016-07-11 13:11:51', '0000-00-00 00:00:00'),
	(344, 8, 'client', '8', NULL, 'Lawyer/1 CFNetwork/758.3.15 Darwin/15.5.0', '110.224.137.47', '2016-07-12 07:13:44', '0000-00-00 00:00:00'),
	(345, 8, 'client', '8', NULL, 'Lawyer/1 CFNetwork/758.3.15 Darwin/15.5.0', '110.224.137.47', '2016-07-12 07:40:30', '0000-00-00 00:00:00'),
	(346, 8, 'client', '8', NULL, 'Lawyer/1 CFNetwork/758.3.15 Darwin/15.5.0', '110.224.137.47', '2016-07-12 08:33:37', '0000-00-00 00:00:00'),
	(347, 8, 'client', '8', NULL, 'Lawyer/1 CFNetwork/758.3.15 Darwin/15.5.0', '110.224.137.47', '2016-07-12 10:24:43', '0000-00-00 00:00:00'),
	(348, 8, 'client', '8', NULL, 'Lawyer/1 CFNetwork/758.3.15 Darwin/15.5.0', '110.224.137.47', '2016-07-12 10:50:33', '0000-00-00 00:00:00'),
	(349, 8, 'client', '8', NULL, 'Lawyer/1 CFNetwork/758.3.15 Darwin/15.5.0', '110.224.137.47', '2016-07-12 10:59:26', '0000-00-00 00:00:00'),
	(350, 8, 'client', '8', NULL, 'Lawyer/1 CFNetwork/758.3.15 Darwin/15.5.0', '110.224.137.47', '2016-07-12 11:03:50', '0000-00-00 00:00:00'),
	(351, 8, 'client', '8', NULL, 'Lawyer/1 CFNetwork/758.3.15 Darwin/15.5.0', '110.224.137.47', '2016-07-12 11:05:05', '0000-00-00 00:00:00'),
	(352, 8, 'client', '8', NULL, 'Lawyer/1 CFNetwork/758.3.15 Darwin/15.5.0', '110.224.137.47', '2016-07-12 11:07:26', '0000-00-00 00:00:00'),
	(353, 8, 'client', '8', NULL, 'Lawyer/1 CFNetwork/758.3.15 Darwin/15.5.0', '110.224.137.47', '2016-07-12 11:18:03', '0000-00-00 00:00:00'),
	(354, 8, 'client', '8', NULL, 'Lawyer/1 CFNetwork/758.3.15 Darwin/15.5.0', '110.224.137.47', '2016-07-12 11:20:48', '0000-00-00 00:00:00'),
	(355, 4, 'client', '4', NULL, 'Dalvik/2.1.0 (Linux; U; Android 6.0; PREVIEW - Google Nexus 5X - 6.0.0 - API 23 - 1080x1920 Build/MRA58K)', '202.78.251.130', '2016-07-12 14:29:46', '0000-00-00 00:00:00'),
	(356, 15, 'client', '15', NULL, 'Mozilla/5.0 (Windows NT 10.0; WOW64) AppleWebKit/537.36 (KHTML, like Gecko) Chrome/51.0.2704.103 Safari/537.36', '202.78.251.130', '2016-07-12 15:17:28', '0000-00-00 00:00:00'),
	(357, 15, 'client', '15', NULL, 'Mozilla/5.0 (Windows NT 10.0; WOW64) AppleWebKit/537.36 (KHTML, like Gecko) Chrome/51.0.2704.103 Safari/537.36', '202.78.251.130', '2016-07-12 15:24:31', '0000-00-00 00:00:00'),
	(358, 15, 'client', '15', NULL, 'Mozilla/5.0 (Windows NT 10.0; WOW64) AppleWebKit/537.36 (KHTML, like Gecko) Chrome/51.0.2704.103 Safari/537.36', '202.78.251.130', '2016-07-12 15:26:44', '0000-00-00 00:00:00'),
	(359, 15, 'client', '15', NULL, 'Mozilla/5.0 (Windows NT 10.0; WOW64) AppleWebKit/537.36 (KHTML, like Gecko) Chrome/51.0.2704.103 Safari/537.36', '202.78.251.130', '2016-07-12 15:37:43', '0000-00-00 00:00:00'),
	(360, 8, 'client', '8', NULL, 'Dalvik/1.6.0 (Linux; U; Android 4.4.4; XT1022 Build/KXC21.5-40)', '117.98.130.185', '2016-07-12 22:04:28', '0000-00-00 00:00:00'),
	(361, 8, 'client', '8', NULL, 'Lawyer/1 CFNetwork/758.3.15 Darwin/15.5.0', '117.98.130.185', '2016-07-13 10:10:17', '0000-00-00 00:00:00'),
	(362, 8, 'client', '8', NULL, 'Lawyer/1 CFNetwork/758.3.15 Darwin/15.5.0', '117.98.130.185', '2016-07-14 23:29:07', '0000-00-00 00:00:00'),
	(363, 8, 'client', '8', NULL, 'Lawyer/1 CFNetwork/758.3.15 Darwin/15.5.0', '117.98.130.185', '2016-07-15 00:17:02', '0000-00-00 00:00:00'),
	(364, 8, 'client', '8', NULL, 'Lawyer/1 CFNetwork/758.3.15 Darwin/15.5.0', '117.98.130.185', '2016-07-15 00:18:33', '0000-00-00 00:00:00'),
	(365, 8, 'client', '8', NULL, 'Lawyer/1 CFNetwork/758.3.15 Darwin/15.5.0', '117.98.130.185', '2016-07-15 00:21:45', '0000-00-00 00:00:00'),
	(366, 8, 'client', '8', NULL, 'Lawyer/1 CFNetwork/758.3.15 Darwin/15.5.0', '117.98.130.185', '2016-07-15 00:25:36', '0000-00-00 00:00:00'),
	(367, 8, 'client', '8', NULL, 'Dalvik/1.6.0 (Linux; U; Android 4.4.4; XT1022 Build/KXC21.5-40)', '117.98.130.185', '2016-07-15 00:42:02', '0000-00-00 00:00:00'),
	(368, 8, 'client', '8', NULL, 'Lawyer/1 CFNetwork/758.3.15 Darwin/15.5.0', '117.98.130.185', '2016-07-15 00:43:25', '0000-00-00 00:00:00'),
	(369, 8, 'client', '8', NULL, 'Lawyer/1 CFNetwork/758.3.15 Darwin/15.5.0', '117.98.130.185', '2016-07-15 00:46:42', '0000-00-00 00:00:00'),
	(370, 8, 'client', '8', NULL, 'Lawyer/1 CFNetwork/758.3.15 Darwin/15.5.0', '117.98.130.185', '2016-07-15 00:48:00', '0000-00-00 00:00:00'),
	(371, 8, 'client', '8', NULL, 'Lawyer/1 CFNetwork/758.3.15 Darwin/15.5.0', '117.98.130.185', '2016-07-15 01:03:00', '0000-00-00 00:00:00'),
	(372, 12, 'client', '12', NULL, 'Dalvik/2.1.0 (Linux; U; Android 6.0.1; SM-G900F Build/MMB29M)', '111.68.121.15', '2016-07-15 22:47:24', '0000-00-00 00:00:00'),
	(373, 12, 'client', '12', NULL, 'Dalvik/2.1.0 (Linux; U; Android 6.0.1; SM-G900F Build/MMB29M)', '111.68.121.15', '2016-07-15 22:52:08', '0000-00-00 00:00:00'),
	(374, 12, 'client', '12', NULL, 'Dalvik/2.1.0 (Linux; U; Android 6.0.1; SM-G900F Build/MMB29M)', '111.68.121.15', '2016-07-15 22:59:31', '0000-00-00 00:00:00'),
	(375, 12, 'client', '12', NULL, 'Dalvik/2.1.0 (Linux; U; Android 6.0.1; SM-G900F Build/MMB29M)', '111.68.121.15', '2016-07-15 23:00:57', '0000-00-00 00:00:00'),
	(376, 8, 'client', '8', NULL, 'Lawyer/1 CFNetwork/758.3.15 Darwin/15.5.0', '110.224.226.163', '2016-07-16 23:01:37', '0000-00-00 00:00:00'),
	(377, 8, 'client', '8', NULL, 'Lawyer/1 CFNetwork/758.3.15 Darwin/15.5.0', '110.224.226.163', '2016-07-16 23:13:31', '0000-00-00 00:00:00'),
	(378, 8, 'client', '8', NULL, 'Lawyer/1 CFNetwork/758.3.15 Darwin/15.5.0', '110.224.226.163', '2016-07-16 23:17:20', '0000-00-00 00:00:00'),
	(379, 8, 'client', '8', NULL, 'Lawyer/1 CFNetwork/758.3.15 Darwin/15.5.0', '110.224.226.163', '2016-07-16 23:25:59', '0000-00-00 00:00:00'),
	(380, 8, 'client', '8', NULL, 'Lawyer/1 CFNetwork/758.3.15 Darwin/15.5.0', '110.224.226.163', '2016-07-17 00:02:52', '0000-00-00 00:00:00'),
	(381, 8, 'client', '8', NULL, 'Lawyer/1 CFNetwork/758.3.15 Darwin/15.5.0', '110.224.226.163', '2016-07-17 00:05:21', '0000-00-00 00:00:00'),
	(382, 8, 'client', '8', NULL, 'Lawyer/1 CFNetwork/758.3.15 Darwin/15.5.0', '110.224.226.163', '2016-07-17 00:12:36', '0000-00-00 00:00:00'),
	(383, 8, 'client', '8', NULL, 'Lawyer/1 CFNetwork/758.3.15 Darwin/15.5.0', '110.224.226.163', '2016-07-17 00:57:02', '0000-00-00 00:00:00'),
	(384, 8, 'client', '8', NULL, 'Lawyer/1 CFNetwork/758.3.15 Darwin/15.5.0', '110.224.226.163', '2016-07-17 01:06:01', '0000-00-00 00:00:00'),
	(385, 8, 'client', '8', NULL, 'Lawyer/1 CFNetwork/758.3.15 Darwin/15.5.0', '110.224.226.163', '2016-07-17 01:25:18', '0000-00-00 00:00:00'),
	(386, 16, 'client', '16', NULL, 'Mozilla/5.0 (Windows NT 10.0; WOW64) AppleWebKit/537.36 (KHTML, like Gecko) Chrome/51.0.2704.103 Safari/537.36', '202.78.251.130', '2016-07-18 10:33:07', '0000-00-00 00:00:00'),
	(387, 17, 'client', '17', NULL, 'Mozilla/5.0 (Windows NT 10.0; WOW64) AppleWebKit/537.36 (KHTML, like Gecko) Chrome/51.0.2704.103 Safari/537.36', '202.78.251.130', '2016-07-18 10:36:33', '0000-00-00 00:00:00'),
	(388, 18, 'client', '18', NULL, 'Mozilla/5.0 (Windows NT 6.1; WOW64) AppleWebKit/537.36 (KHTML, like Gecko) Chrome/51.0.2704.103 Safari/537.36', '183.83.144.80', '2016-07-18 21:40:01', '0000-00-00 00:00:00'),
	(389, 18, 'client', '18', NULL, 'Mozilla/5.0 (Windows NT 6.1; rv:47.0) Gecko/20100101 Firefox/47.0', '103.232.131.7', '2016-07-18 22:09:41', '0000-00-00 00:00:00'),
	(390, 18, 'client', '18', NULL, 'Mozilla/5.0 (Windows NT 6.1; rv:47.0) Gecko/20100101 Firefox/47.0', '103.232.131.7', '2016-07-18 22:10:51', '0000-00-00 00:00:00'),
	(391, 18, 'client', '18', NULL, 'Mozilla/5.0 (Windows NT 6.1; rv:47.0) Gecko/20100101 Firefox/47.0', '103.232.131.7', '2016-07-18 22:10:55', '0000-00-00 00:00:00'),
	(392, 18, 'client', '18', NULL, 'Mozilla/5.0 (Windows NT 6.1; rv:47.0) Gecko/20100101 Firefox/47.0', '103.232.131.7', '2016-07-18 22:11:09', '0000-00-00 00:00:00'),
	(393, 18, 'client', '18', NULL, 'Mozilla/5.0 (Windows NT 6.1; rv:47.0) Gecko/20100101 Firefox/47.0', '103.232.131.7', '2016-07-18 22:11:18', '0000-00-00 00:00:00'),
	(394, 18, 'client', '18', NULL, 'Mozilla/5.0 (Windows NT 6.1) AppleWebKit/537.36 (KHTML, like Gecko) Chrome/51.0.2704.103 Safari/537.36', '103.232.131.7', '2016-07-18 22:14:04', '0000-00-00 00:00:00'),
	(395, 18, 'client', '18', NULL, 'Mozilla/5.0 (Windows NT 6.1) AppleWebKit/537.36 (KHTML, like Gecko) Chrome/51.0.2704.103 Safari/537.36', '103.232.131.7', '2016-07-18 22:14:27', '0000-00-00 00:00:00'),
	(396, 18, 'client', '18', NULL, 'Mozilla/5.0 (Windows NT 6.1) AppleWebKit/537.36 (KHTML, like Gecko) Chrome/51.0.2704.103 Safari/537.36', '103.232.131.7', '2016-07-18 22:15:13', '0000-00-00 00:00:00'),
	(397, 18, 'client', '18', NULL, 'Mozilla/5.0 (Windows NT 6.1) AppleWebKit/537.36 (KHTML, like Gecko) Chrome/51.0.2704.103 Safari/537.36', '103.232.131.7', '2016-07-18 22:15:55', '0000-00-00 00:00:00'),
	(398, 18, 'client', '18', NULL, 'Mozilla/5.0 (Windows NT 6.1) AppleWebKit/537.36 (KHTML, like Gecko) Chrome/51.0.2704.103 Safari/537.36', '103.232.131.7', '2016-07-18 22:17:09', '0000-00-00 00:00:00'),
	(399, 18, 'client', '18', NULL, 'Mozilla/5.0 (Windows NT 6.1) AppleWebKit/537.36 (KHTML, like Gecko) Chrome/51.0.2704.103 Safari/537.36', '103.232.131.7', '2016-07-18 22:17:35', '0000-00-00 00:00:00'),
	(400, 18, 'client', '18', NULL, 'Mozilla/5.0 (Windows NT 6.1) AppleWebKit/537.36 (KHTML, like Gecko) Chrome/51.0.2704.103 Safari/537.36', '103.232.131.7', '2016-07-18 22:17:38', '0000-00-00 00:00:00'),
	(401, 18, 'client', '18', NULL, 'Mozilla/5.0 (Windows NT 6.1) AppleWebKit/537.36 (KHTML, like Gecko) Chrome/51.0.2704.103 Safari/537.36', '103.232.131.7', '2016-07-18 22:17:40', '0000-00-00 00:00:00'),
	(402, 18, 'client', '18', NULL, 'Mozilla/5.0 (Windows NT 6.1) AppleWebKit/537.36 (KHTML, like Gecko) Chrome/51.0.2704.103 Safari/537.36', '103.232.131.7', '2016-07-18 22:17:41', '0000-00-00 00:00:00'),
	(403, 18, 'client', '18', NULL, 'Mozilla/5.0 (Windows NT 6.1) AppleWebKit/537.36 (KHTML, like Gecko) Chrome/51.0.2704.103 Safari/537.36', '103.232.131.7', '2016-07-18 22:19:58', '0000-00-00 00:00:00'),
	(404, 18, 'client', '18', NULL, 'Mozilla/5.0 (Windows NT 6.1) AppleWebKit/537.36 (KHTML, like Gecko) Chrome/51.0.2704.103 Safari/537.36', '103.232.131.7', '2016-07-18 22:20:10', '0000-00-00 00:00:00'),
	(405, 18, 'client', '18', NULL, 'Mozilla/5.0 (Windows NT 6.1; WOW64) AppleWebKit/537.36 (KHTML, like Gecko) Chrome/51.0.2704.103 Safari/537.36', '183.83.144.80', '2016-07-18 22:26:07', '0000-00-00 00:00:00'),
	(406, 18, 'client', '18', NULL, 'Mozilla/5.0 (Windows NT 6.1) AppleWebKit/537.36 (KHTML, like Gecko) Chrome/51.0.2704.103 Safari/537.36', '103.232.131.7', '2016-07-18 22:26:54', '0000-00-00 00:00:00'),
	(407, 18, 'client', '18', NULL, 'Mozilla/5.0 (Windows NT 6.1) AppleWebKit/537.36 (KHTML, like Gecko) Chrome/51.0.2704.103 Safari/537.36', '103.232.131.7', '2016-07-18 22:27:09', '0000-00-00 00:00:00'),
	(408, 18, 'client', '18', NULL, 'Mozilla/5.0 (Windows NT 6.1) AppleWebKit/537.36 (KHTML, like Gecko) Chrome/51.0.2704.103 Safari/537.36', '103.232.131.7', '2016-07-18 22:31:03', '0000-00-00 00:00:00'),
	(409, 18, 'client', '18', NULL, 'Mozilla/5.0 (Windows NT 6.1) AppleWebKit/537.36 (KHTML, like Gecko) Chrome/51.0.2704.103 Safari/537.36', '103.232.131.7', '2016-07-18 22:31:05', '0000-00-00 00:00:00'),
	(410, 18, 'client', '18', NULL, 'Mozilla/5.0 (Windows NT 6.1) AppleWebKit/537.36 (KHTML, like Gecko) Chrome/51.0.2704.103 Safari/537.36', '103.232.131.7', '2016-07-18 22:32:27', '0000-00-00 00:00:00'),
	(411, 18, 'client', '18', NULL, 'Mozilla/5.0 (Windows NT 6.1) AppleWebKit/537.36 (KHTML, like Gecko) Chrome/51.0.2704.103 Safari/537.36', '103.232.131.7', '2016-07-18 22:33:16', '0000-00-00 00:00:00'),
	(412, 18, 'client', '18', NULL, 'Mozilla/5.0 (Windows NT 10.0; WOW64) AppleWebKit/537.36 (KHTML, like Gecko) Chrome/51.0.2704.103 Safari/537.36', '202.78.251.130', '2016-07-19 09:55:35', '0000-00-00 00:00:00'),
	(413, 18, 'client', '18', NULL, 'Mozilla/5.0 (Windows NT 6.1; WOW64) AppleWebKit/537.36 (KHTML, like Gecko) Chrome/51.0.2704.103 Safari/537.36', '183.82.97.231', '2016-07-19 13:19:10', '0000-00-00 00:00:00'),
	(414, 18, 'client', '18', NULL, 'Mozilla/5.0 (Windows NT 6.1; WOW64) AppleWebKit/537.36 (KHTML, like Gecko) Chrome/51.0.2704.103 Safari/537.36', '183.82.97.231', '2016-07-19 13:21:20', '0000-00-00 00:00:00'),
	(415, 18, 'client', '18', NULL, 'Mozilla/5.0 (Windows NT 10.0; WOW64) AppleWebKit/537.36 (KHTML, like Gecko) Chrome/51.0.2704.103 Safari/537.36', '202.78.251.130', '2016-07-19 14:31:04', '0000-00-00 00:00:00'),
	(416, 4, 'client', '4', NULL, 'Dalvik/2.1.0 (Linux; U; Android 5.1.1; C6902 Build/14.6.A.1.236)', '106.220.224.133', '2016-07-19 19:27:03', '0000-00-00 00:00:00'),
	(417, 12, 'client', '12', NULL, 'Dalvik/2.1.0 (Linux; U; Android 5.1.1; C6902 Build/14.6.A.1.236)', '183.82.113.202', '2016-07-19 20:09:15', '0000-00-00 00:00:00'),
	(418, 12, 'client', '12', NULL, 'Dalvik/2.1.0 (Linux; U; Android 6.0.1; SM-G900F Build/MMB29M)', '93.168.160.92', '2016-07-19 20:29:58', '0000-00-00 00:00:00'),
	(419, 19, 'client', '19', NULL, 'Dalvik/2.1.0 (Linux; U; Android 6.0.1; SM-G900F Build/MMB29M)', '93.168.160.92', '2016-07-19 20:31:40', '0000-00-00 00:00:00'),
	(420, 4, 'client', '4', NULL, 'Dalvik/2.1.0 (Linux; U; Android 6.0.1; Nexus 5 Build/MOB30P)', '183.82.113.202', '2016-07-19 20:32:08', '0000-00-00 00:00:00'),
	(421, 19, 'client', '19', NULL, 'Dalvik/2.1.0 (Linux; U; Android 6.0.1; SM-G900F Build/MMB29M)', '93.168.160.92', '2016-07-19 20:33:56', '0000-00-00 00:00:00'),
	(422, 16, 'client', '16', NULL, 'Mozilla/5.0 (Windows NT 10.0; WOW64) AppleWebKit/537.36 (KHTML, like Gecko) Chrome/51.0.2704.103 Safari/537.36', '202.78.251.130', '2016-07-20 09:53:01', '0000-00-00 00:00:00'),
	(423, 20, 'client', '20', NULL, 'Mozilla/5.0 (Windows NT 10.0; WOW64) AppleWebKit/537.36 (KHTML, like Gecko) Chrome/51.0.2704.103 Safari/537.36', '202.78.251.130', '2016-07-20 10:00:18', '0000-00-00 00:00:00'),
	(424, 20, 'client', '20', NULL, 'Mozilla/5.0 (Windows NT 10.0; WOW64) AppleWebKit/537.36 (KHTML, like Gecko) Chrome/51.0.2704.103 Safari/537.36', '202.78.251.130', '2016-07-20 10:08:59', '0000-00-00 00:00:00'),
	(425, 21, 'client', '21', NULL, 'Mozilla/5.0 (Windows NT 10.0; WOW64) AppleWebKit/537.36 (KHTML, like Gecko) Chrome/51.0.2704.103 Safari/537.36', '202.78.251.130', '2016-07-20 10:10:48', '0000-00-00 00:00:00'),
	(426, 22, 'client', '22', NULL, 'Mozilla/5.0 (Windows NT 10.0; WOW64) AppleWebKit/537.36 (KHTML, like Gecko) Chrome/51.0.2704.103 Safari/537.36', '202.78.251.130', '2016-07-20 10:18:30', '0000-00-00 00:00:00'),
	(427, 23, 'client', '23', NULL, 'Mozilla/5.0 (Windows NT 10.0; WOW64) AppleWebKit/537.36 (KHTML, like Gecko) Chrome/51.0.2704.103 Safari/537.36', '202.78.251.130', '2016-07-20 10:21:21', '0000-00-00 00:00:00'),
	(428, 24, 'client', '24', NULL, 'Mozilla/5.0 (Windows NT 10.0; WOW64) AppleWebKit/537.36 (KHTML, like Gecko) Chrome/51.0.2704.103 Safari/537.36', '202.78.251.130', '2016-07-20 10:48:42', '0000-00-00 00:00:00'),
	(429, 25, 'client', '25', NULL, 'Mozilla/5.0 (Windows NT 10.0; WOW64) AppleWebKit/537.36 (KHTML, like Gecko) Chrome/51.0.2704.103 Safari/537.36', '202.78.251.130', '2016-07-20 11:14:37', '0000-00-00 00:00:00'),
	(430, 26, 'client', '26', NULL, 'Mozilla/5.0 (Windows NT 10.0; WOW64) AppleWebKit/537.36 (KHTML, like Gecko) Chrome/51.0.2704.103 Safari/537.36', '202.78.251.130', '2016-07-20 11:21:03', '0000-00-00 00:00:00'),
	(431, 27, 'client', '27', NULL, 'Mozilla/5.0 (Windows NT 10.0; WOW64) AppleWebKit/537.36 (KHTML, like Gecko) Chrome/51.0.2704.103 Safari/537.36', '202.78.251.130', '2016-07-20 11:34:22', '0000-00-00 00:00:00'),
	(432, 28, 'client', '28', NULL, 'Mozilla/5.0 (Windows NT 10.0; WOW64) AppleWebKit/537.36 (KHTML, like Gecko) Chrome/51.0.2704.103 Safari/537.36', '202.78.251.130', '2016-07-20 12:14:08', '0000-00-00 00:00:00'),
	(433, 26, 'client', '26', NULL, 'Mozilla/5.0 (Windows NT 10.0; WOW64) AppleWebKit/537.36 (KHTML, like Gecko) Chrome/51.0.2704.103 Safari/537.36', '202.78.251.130', '2016-07-20 12:27:33', '0000-00-00 00:00:00'),
	(434, 29, 'client', '29', NULL, 'Mozilla/5.0 (Windows NT 10.0; WOW64) AppleWebKit/537.36 (KHTML, like Gecko) Chrome/51.0.2704.103 Safari/537.36', '202.78.251.130', '2016-07-20 12:59:10', '0000-00-00 00:00:00'),
	(435, 30, 'client', '30', NULL, 'Mozilla/5.0 (Windows NT 10.0; WOW64) AppleWebKit/537.36 (KHTML, like Gecko) Chrome/51.0.2704.103 Safari/537.36', '202.78.251.130', '2016-07-20 13:05:07', '0000-00-00 00:00:00'),
	(436, 31, 'client', '31', NULL, 'Mozilla/5.0 (Windows NT 10.0; WOW64) AppleWebKit/537.36 (KHTML, like Gecko) Chrome/51.0.2704.103 Safari/537.36', '202.78.251.130', '2016-07-20 17:24:02', '0000-00-00 00:00:00'),
	(437, 31, 'client', '31', NULL, 'Mozilla/5.0 (Windows NT 10.0; WOW64) AppleWebKit/537.36 (KHTML, like Gecko) Chrome/51.0.2704.103 Safari/537.36', '202.78.251.130', '2016-07-20 17:24:30', '0000-00-00 00:00:00'),
	(438, 8, 'client', '8', NULL, 'Lawyer/1 CFNetwork/758.3.15 Darwin/15.5.0', '110.224.236.14', '2016-07-20 20:13:55', '0000-00-00 00:00:00'),
	(439, 8, 'client', '8', NULL, 'Lawyer/1 CFNetwork/758.3.15 Darwin/15.5.0', '110.224.236.14', '2016-07-20 21:10:02', '0000-00-00 00:00:00'),
	(440, 8, 'client', '8', NULL, 'Lawyer/1 CFNetwork/758.3.15 Darwin/15.5.0', '110.224.236.14', '2016-07-20 21:11:28', '0000-00-00 00:00:00'),
	(441, 8, 'client', '8', NULL, 'Lawyer/1 CFNetwork/758.3.15 Darwin/15.5.0', '110.224.236.14', '2016-07-20 21:13:23', '0000-00-00 00:00:00'),
	(442, 8, 'client', '8', NULL, 'Lawyer/1 CFNetwork/758.3.15 Darwin/15.5.0', '110.224.236.14', '2016-07-20 22:37:48', '0000-00-00 00:00:00'),
	(443, 8, 'client', '8', NULL, 'Lawyer/1 CFNetwork/758.3.15 Darwin/15.5.0', '110.224.236.14', '2016-07-20 22:38:35', '0000-00-00 00:00:00'),
	(444, 8, 'client', '8', NULL, 'Lawyer/1 CFNetwork/758.3.15 Darwin/15.5.0', '110.224.236.14', '2016-07-20 22:39:06', '0000-00-00 00:00:00'),
	(445, 9, 'client', '9', NULL, 'Dalvik/2.1.0 (Linux; U; Android 6.0; PREVIEW - Google Nexus 5X - 6.0.0 - API 23 - 1080x1920 Build/MRA58K)', '202.78.251.130', '2016-07-21 15:25:47', '0000-00-00 00:00:00'),
	(446, 32, 'client', '32', NULL, 'Mozilla/5.0 (Windows NT 10.0; WOW64) AppleWebKit/537.36 (KHTML, like Gecko) Chrome/51.0.2704.103 Safari/537.36', '202.78.251.130', '2016-07-21 17:07:23', '0000-00-00 00:00:00'),
	(447, 33, 'client', '33', NULL, 'Mozilla/5.0 (Windows NT 10.0; WOW64) AppleWebKit/537.36 (KHTML, like Gecko) Chrome/51.0.2704.103 Safari/537.36', '202.78.251.130', '2016-07-21 17:09:19', '0000-00-00 00:00:00'),
	(448, 34, 'client', '34', NULL, 'Mozilla/5.0 (Windows NT 10.0; WOW64) AppleWebKit/537.36 (KHTML, like Gecko) Chrome/51.0.2704.103 Safari/537.36', '202.78.251.130', '2016-07-21 17:37:42', '0000-00-00 00:00:00'),
	(449, 35, 'client', '35', NULL, 'Mozilla/5.0 (Windows NT 10.0; WOW64) AppleWebKit/537.36 (KHTML, like Gecko) Chrome/51.0.2704.103 Safari/537.36', '202.78.251.130', '2016-07-22 14:56:50', '0000-00-00 00:00:00'),
	(450, 36, 'client', '36', NULL, 'Mozilla/5.0 (Windows NT 10.0; WOW64) AppleWebKit/537.36 (KHTML, like Gecko) Chrome/51.0.2704.103 Safari/537.36', '202.78.251.130', '2016-07-22 15:02:20', '0000-00-00 00:00:00'),
	(451, 37, 'client', '37', NULL, 'Mozilla/5.0 (Windows NT 10.0; WOW64) AppleWebKit/537.36 (KHTML, like Gecko) Chrome/51.0.2704.103 Safari/537.36', '202.78.251.130', '2016-07-22 15:14:55', '0000-00-00 00:00:00'),
	(452, 38, 'client', '38', NULL, 'Mozilla/5.0 (Windows NT 10.0; WOW64) AppleWebKit/537.36 (KHTML, like Gecko) Chrome/51.0.2704.103 Safari/537.36', '202.78.251.130', '2016-07-22 15:15:06', '0000-00-00 00:00:00'),
	(453, 39, 'client', '39', NULL, 'Mozilla/5.0 (Windows NT 10.0; WOW64) AppleWebKit/537.36 (KHTML, like Gecko) Chrome/51.0.2704.103 Safari/537.36', '202.78.251.130', '2016-07-22 15:20:47', '0000-00-00 00:00:00'),
	(454, 39, 'client', '39', NULL, 'Dalvik/2.1.0 (Linux; U; Android 6.0.1; Nexus 5 Build/MOB30P)', '202.78.251.151', '2016-07-22 15:22:08', '0000-00-00 00:00:00'),
	(455, 4, 'client', '4', NULL, 'Dalvik/2.1.0 (Linux; U; Android 6.0.1; Nexus 5 Build/MOB30P)', '183.82.113.202', '2016-07-23 11:19:28', '0000-00-00 00:00:00'),
	(456, 9, 'client', '9', NULL, 'Dalvik/2.1.0 (Linux; U; Android 6.0.1; Nexus 5 Build/MOB30P)', '183.82.113.202', '2016-07-23 11:20:06', '0000-00-00 00:00:00'),
	(457, 8, 'client', '8', NULL, 'Dalvik/1.6.0 (Linux; U; Android 4.4.2; ASUS_T00J Build/KVT49L)', '183.82.113.202', '2016-07-23 12:00:45', '0000-00-00 00:00:00'),
	(458, 39, 'client', '39', NULL, 'Mozilla/5.0 (Windows NT 10.0; WOW64) AppleWebKit/537.36 (KHTML, like Gecko) Chrome/51.0.2704.103 Safari/537.36', '202.78.251.130', '2016-07-23 12:01:40', '0000-00-00 00:00:00'),
	(459, 8, 'client', '8', NULL, 'Lawyer/1 CFNetwork/758.3.15 Darwin/15.5.0', '183.82.113.202', '2016-07-23 12:10:15', '0000-00-00 00:00:00'),
	(460, 8, 'client', '8', NULL, 'Lawyer/1 CFNetwork/758.3.15 Darwin/15.5.0', '183.82.113.202', '2016-07-23 12:13:49', '0000-00-00 00:00:00'),
	(461, 8, 'client', '8', NULL, 'Lawyer/1 CFNetwork/758.3.15 Darwin/15.5.0', '183.82.113.202', '2016-07-23 12:23:30', '0000-00-00 00:00:00'),
	(462, 39, 'client', '39', NULL, 'Dalvik/2.1.0 (Linux; U; Android 6.0.1; Nexus 5 Build/MOB30P)', '202.78.251.151', '2016-07-23 15:28:36', '0000-00-00 00:00:00'),
	(463, 8, 'client', '8', NULL, 'Lawyer/1 CFNetwork/758.3.15 Darwin/15.5.0', '110.224.133.153', '2016-07-23 17:55:04', '0000-00-00 00:00:00'),
	(464, 8, 'client', '8', NULL, 'Lawyer/1 CFNetwork/758.3.15 Darwin/15.5.0', '110.224.133.153', '2016-07-23 17:55:19', '0000-00-00 00:00:00'),
	(465, 8, 'client', '8', NULL, 'Lawyer/1 CFNetwork/758.3.15 Darwin/15.5.0', '110.224.133.153', '2016-07-23 17:56:43', '0000-00-00 00:00:00'),
	(466, 8, 'client', '8', NULL, 'Lawyer/1 CFNetwork/758.3.15 Darwin/15.5.0', '110.224.236.128', '2016-07-24 11:39:43', '0000-00-00 00:00:00'),
	(467, 8, 'client', '8', NULL, 'Lawyer/1 CFNetwork/758.3.15 Darwin/15.5.0', '110.224.236.128', '2016-07-24 12:33:24', '0000-00-00 00:00:00'),
	(468, 40, 'client', '40', NULL, 'Dalvik/2.1.0 (Linux; U; Android 6.0.1; Nexus 5 Build/MOB30Y)', '202.78.251.151', '2016-08-22 12:18:49', '0000-00-00 00:00:00'),
	(469, 40, 'client', '40', NULL, 'Dalvik/2.1.0 (Linux; U; Android 6.0.1; Nexus 5 Build/MOB30Y)', '202.78.251.151', '2016-08-23 11:24:07', '0000-00-00 00:00:00'),
	(470, 40, 'client', '40', NULL, 'Dalvik/2.1.0 (Linux; U; Android 6.0.1; Nexus 5 Build/MOB30Y)', '202.78.251.151', '2016-08-23 14:24:07', '0000-00-00 00:00:00'),
	(471, 40, 'client', '40', NULL, 'Dalvik/2.1.0 (Linux; U; Android 6.0.1; Nexus 5 Build/MOB30Y)', '202.78.251.151', '2016-08-24 10:21:06', '0000-00-00 00:00:00'),
	(472, 41, 'client', '41', NULL, 'User/1 CFNetwork/758.3.15 Darwin/15.5.0', '117.98.211.173', '2016-08-25 10:43:50', '0000-00-00 00:00:00'),
	(473, 41, 'client', '41', NULL, 'User/1 CFNetwork/758.3.15 Darwin/15.5.0', '117.98.211.173', '2016-08-25 10:56:25', '0000-00-00 00:00:00'),
	(474, 41, 'client', '41', NULL, 'User/1 CFNetwork/758.3.15 Darwin/15.5.0', '117.98.211.173', '2016-08-25 10:59:21', '0000-00-00 00:00:00'),
	(475, 41, 'client', '41', NULL, 'User/1 CFNetwork/758.3.15 Darwin/15.5.0', '117.98.211.173', '2016-08-25 11:03:53', '0000-00-00 00:00:00'),
	(476, 41, 'client', '41', NULL, 'User/1 CFNetwork/758.3.15 Darwin/15.5.0', '117.98.211.173', '2016-08-25 11:07:24', '0000-00-00 00:00:00'),
	(477, 41, 'client', '41', NULL, 'User/1 CFNetwork/758.3.15 Darwin/15.5.0', '117.98.211.173', '2016-08-25 11:11:49', '0000-00-00 00:00:00'),
	(478, 41, 'client', '41', NULL, 'User/1 CFNetwork/758.3.15 Darwin/15.5.0', '117.98.211.173', '2016-08-25 11:16:35', '0000-00-00 00:00:00'),
	(479, 41, 'client', '41', NULL, 'User/1 CFNetwork/758.3.15 Darwin/15.5.0', '117.98.211.173', '2016-08-25 11:20:14', '0000-00-00 00:00:00'),
	(480, 41, 'client', '41', NULL, 'User/1 CFNetwork/758.3.15 Darwin/15.5.0', '117.98.211.173', '2016-08-25 11:21:34', '0000-00-00 00:00:00'),
	(481, 41, 'client', '41', NULL, 'User/1 CFNetwork/758.3.15 Darwin/15.5.0', '117.98.211.173', '2016-08-25 11:22:16', '0000-00-00 00:00:00'),
	(482, 41, 'client', '41', NULL, 'User/1 CFNetwork/758.3.15 Darwin/15.5.0', '171.49.228.211', '2016-08-25 23:21:03', '0000-00-00 00:00:00'),
	(483, 41, 'client', '41', NULL, 'User/1 CFNetwork/758.3.15 Darwin/15.5.0', '171.49.228.211', '2016-08-26 00:07:30', '0000-00-00 00:00:00'),
	(484, 41, 'client', '41', NULL, 'User/1 CFNetwork/758.3.15 Darwin/15.5.0', '171.49.228.211', '2016-08-26 00:08:54', '0000-00-00 00:00:00'),
	(485, 41, 'client', '41', NULL, 'User/1 CFNetwork/758.3.15 Darwin/15.5.0', '171.49.228.211', '2016-08-26 00:15:51', '0000-00-00 00:00:00'),
	(486, 41, 'client', '41', NULL, 'User/1 CFNetwork/758.3.15 Darwin/15.5.0', '171.49.228.211', '2016-08-26 00:18:29', '0000-00-00 00:00:00'),
	(487, 41, 'client', '41', NULL, 'User/1 CFNetwork/758.3.15 Darwin/15.5.0', '171.49.228.211', '2016-08-26 00:19:35', '0000-00-00 00:00:00'),
	(488, 41, 'client', '41', NULL, 'User/1 CFNetwork/758.3.15 Darwin/15.5.0', '171.49.228.211', '2016-08-26 00:22:15', '0000-00-00 00:00:00'),
	(489, 41, 'client', '41', NULL, 'User/1 CFNetwork/758.3.15 Darwin/15.5.0', '171.49.228.211', '2016-08-26 00:53:19', '0000-00-00 00:00:00'),
	(490, 41, 'client', '41', NULL, 'User/1 CFNetwork/758.3.15 Darwin/15.5.0', '171.49.228.211', '2016-08-26 01:30:19', '0000-00-00 00:00:00'),
	(491, 41, 'client', '41', NULL, 'User/1 CFNetwork/758.3.15 Darwin/15.5.0', '171.49.228.211', '2016-08-26 01:44:15', '0000-00-00 00:00:00'),
	(492, 41, 'client', '41', NULL, 'User/1 CFNetwork/758.3.15 Darwin/15.5.0', '171.49.228.211', '2016-08-26 01:45:51', '0000-00-00 00:00:00'),
	(493, 41, 'client', '41', NULL, 'User/1 CFNetwork/758.3.15 Darwin/15.5.0', '171.49.228.211', '2016-08-26 01:52:03', '0000-00-00 00:00:00'),
	(494, 41, 'client', '41', NULL, 'User/1 CFNetwork/758.3.15 Darwin/15.5.0', '171.49.228.211', '2016-08-26 01:58:36', '0000-00-00 00:00:00'),
	(495, 41, 'client', '41', NULL, 'User/1 CFNetwork/758.3.15 Darwin/15.5.0', '171.49.228.211', '2016-08-26 02:03:44', '0000-00-00 00:00:00'),
	(496, 41, 'client', '41', NULL, 'User/1 CFNetwork/758.3.15 Darwin/15.5.0', '171.49.228.211', '2016-08-26 02:30:58', '0000-00-00 00:00:00'),
	(497, 41, 'client', '41', NULL, 'User/1 CFNetwork/758.3.15 Darwin/15.5.0', '171.49.226.171', '2016-08-26 23:04:29', '0000-00-00 00:00:00'),
	(498, 41, 'client', '41', NULL, 'User/1 CFNetwork/758.3.15 Darwin/15.5.0', '171.49.226.171', '2016-08-26 23:14:13', '0000-00-00 00:00:00'),
	(499, 41, 'client', '41', NULL, 'User/1 CFNetwork/758.3.15 Darwin/15.5.0', '171.49.226.171', '2016-08-26 23:18:42', '0000-00-00 00:00:00'),
	(500, 41, 'client', '41', NULL, 'User/1 CFNetwork/758.3.15 Darwin/15.5.0', '171.49.226.171', '2016-08-26 23:22:42', '0000-00-00 00:00:00'),
	(501, 41, 'client', '41', NULL, 'User/1 CFNetwork/758.3.15 Darwin/15.5.0', '171.49.226.171', '2016-08-26 23:27:35', '0000-00-00 00:00:00'),
	(502, 41, 'client', '41', NULL, 'User/1 CFNetwork/758.3.15 Darwin/15.5.0', '171.49.226.171', '2016-08-26 23:42:40', '0000-00-00 00:00:00'),
	(503, 41, 'client', '41', NULL, 'User/1 CFNetwork/758.3.15 Darwin/15.5.0', '171.49.226.171', '2016-08-26 23:46:50', '0000-00-00 00:00:00'),
	(504, 41, 'client', '41', NULL, 'User/1 CFNetwork/758.3.15 Darwin/15.5.0', '171.49.226.171', '2016-08-26 23:47:43', '0000-00-00 00:00:00'),
	(505, 41, 'client', '41', NULL, 'User/1 CFNetwork/758.3.15 Darwin/15.5.0', '171.49.226.171', '2016-08-26 23:54:53', '0000-00-00 00:00:00'),
	(506, 42, 'client', '42', NULL, 'Lawyer/1 CFNetwork/758.3.15 Darwin/15.5.0', '171.49.226.171', '2016-08-27 00:03:04', '0000-00-00 00:00:00'),
	(507, 41, 'client', '41', NULL, 'User/1 CFNetwork/758.3.15 Darwin/15.5.0', '171.49.226.171', '2016-08-27 00:08:15', '0000-00-00 00:00:00'),
	(508, 42, 'client', '42', NULL, 'Lawyer/1 CFNetwork/758.3.15 Darwin/15.5.0', '171.49.226.171', '2016-08-27 00:10:14', '0000-00-00 00:00:00'),
	(509, 42, 'client', '42', NULL, 'Lawyer/1 CFNetwork/758.3.15 Darwin/15.5.0', '171.49.226.171', '2016-08-27 19:29:00', '0000-00-00 00:00:00'),
	(510, 42, 'client', '42', NULL, 'Lawyer/1 CFNetwork/758.3.15 Darwin/15.5.0', '171.49.226.171', '2016-08-27 19:35:36', '0000-00-00 00:00:00'),
	(511, 42, 'client', '42', NULL, 'Lawyer/1 CFNetwork/758.3.15 Darwin/15.5.0', '171.49.226.171', '2016-08-27 19:37:32', '0000-00-00 00:00:00'),
	(512, 42, 'client', '42', NULL, 'Lawyer/1 CFNetwork/758.3.15 Darwin/15.5.0', '171.49.226.171', '2016-08-27 19:47:25', '0000-00-00 00:00:00'),
	(513, 42, 'client', '42', NULL, 'Lawyer/1 CFNetwork/758.3.15 Darwin/15.5.0', '171.49.226.171', '2016-08-27 19:48:26', '0000-00-00 00:00:00'),
	(514, 42, 'client', '42', NULL, 'Lawyer/1 CFNetwork/758.3.15 Darwin/15.5.0', '171.49.226.171', '2016-08-27 22:13:07', '0000-00-00 00:00:00'),
	(515, 42, 'client', '42', NULL, 'Lawyer/1 CFNetwork/758.3.15 Darwin/15.5.0', '117.98.222.124', '2016-08-28 20:33:09', '0000-00-00 00:00:00'),
	(516, 41, 'client', '41', NULL, 'User/1 CFNetwork/758.3.15 Darwin/15.5.0', '117.98.222.124', '2016-08-28 20:34:15', '0000-00-00 00:00:00'),
	(517, 42, 'client', '42', NULL, 'Lawyer/1 CFNetwork/758.3.15 Darwin/15.5.0', '117.98.222.124', '2016-08-28 20:39:24', '0000-00-00 00:00:00'),
	(518, 42, 'client', '42', NULL, 'Lawyer/1 CFNetwork/758.3.15 Darwin/15.5.0', '117.98.222.124', '2016-08-28 20:53:30', '0000-00-00 00:00:00'),
	(519, 42, 'client', '42', NULL, 'Lawyer/1 CFNetwork/758.3.15 Darwin/15.5.0', '117.98.222.124', '2016-08-28 21:34:36', '0000-00-00 00:00:00'),
	(520, 42, 'client', '42', NULL, 'Lawyer/1 CFNetwork/758.3.15 Darwin/15.5.0', '117.98.222.124', '2016-08-28 22:00:16', '0000-00-00 00:00:00'),
	(521, 42, 'client', '42', NULL, 'Lawyer/1 CFNetwork/758.3.15 Darwin/15.5.0', '117.98.222.124', '2016-08-28 22:02:59', '0000-00-00 00:00:00'),
	(522, 42, 'client', '42', NULL, 'Lawyer/1 CFNetwork/758.3.15 Darwin/15.5.0', '117.98.222.124', '2016-08-28 22:13:50', '0000-00-00 00:00:00'),
	(523, 42, 'client', '42', NULL, 'Lawyer/1 CFNetwork/758.3.15 Darwin/15.5.0', '117.98.222.124', '2016-08-28 22:40:36', '0000-00-00 00:00:00'),
	(524, 42, 'client', '42', NULL, 'Lawyer/1 CFNetwork/758.3.15 Darwin/15.5.0', '117.98.222.124', '2016-08-28 22:45:23', '0000-00-00 00:00:00'),
	(525, 42, 'client', '42', NULL, 'Lawyer/1 CFNetwork/758.3.15 Darwin/15.5.0', '117.98.222.124', '2016-08-28 22:57:06', '0000-00-00 00:00:00'),
	(526, 42, 'client', '42', NULL, 'Lawyer/1 CFNetwork/758.3.15 Darwin/15.5.0', '117.98.216.127', '2016-08-29 23:47:44', '0000-00-00 00:00:00'),
	(527, 42, 'client', '42', NULL, 'Lawyer/1 CFNetwork/758.3.15 Darwin/15.5.0', '117.98.216.127', '2016-08-29 23:58:22', '0000-00-00 00:00:00'),
	(528, 42, 'client', '42', NULL, 'Lawyer/1 CFNetwork/758.3.15 Darwin/15.5.0', '117.98.216.127', '2016-08-30 00:01:43', '0000-00-00 00:00:00'),
	(529, 42, 'client', '42', NULL, 'Lawyer/1 CFNetwork/758.3.15 Darwin/15.5.0', '117.98.216.127', '2016-08-30 00:03:55', '0000-00-00 00:00:00'),
	(530, 41, 'client', '41', NULL, 'User/1 CFNetwork/758.3.15 Darwin/15.5.0', '117.98.216.127', '2016-08-30 00:15:51', '0000-00-00 00:00:00'),
	(531, 41, 'client', '41', NULL, 'User/1 CFNetwork/758.3.15 Darwin/15.5.0', '117.98.216.127', '2016-08-30 00:26:26', '0000-00-00 00:00:00'),
	(532, 2, 'client', '2', NULL, 'Mozilla/5.0 (Windows NT 6.1) AppleWebKit/537.36 (KHTML, like Gecko) Chrome/52.0.2743.116 Safari/537.36', '103.206.107.28', '2016-08-30 08:46:04', '0000-00-00 00:00:00'),
	(533, 43, 'client', '43', NULL, 'Mozilla/5.0 (Windows NT 6.1) AppleWebKit/537.36 (KHTML, like Gecko) Chrome/52.0.2743.116 Safari/537.36', '103.206.107.28', '2016-08-30 08:47:10', '0000-00-00 00:00:00'),
	(534, 44, 'client', '44', NULL, 'Mozilla/5.0 (Windows NT 6.1) AppleWebKit/537.36 (KHTML, like Gecko) Chrome/52.0.2743.116 Safari/537.36', '103.206.107.28', '2016-08-30 08:50:58', '0000-00-00 00:00:00'),
	(535, 44, 'client', '44', NULL, 'Mozilla/5.0 (Windows NT 6.1) AppleWebKit/537.36 (KHTML, like Gecko) Chrome/52.0.2743.116 Safari/537.36', '103.206.107.28', '2016-08-30 08:55:49', '0000-00-00 00:00:00'),
	(536, 40, 'client', '40', NULL, 'Mozilla/5.0 (Windows NT 10.0; WOW64) AppleWebKit/537.36 (KHTML, like Gecko) Chrome/52.0.2743.116 Safari/537.36', '202.78.251.130', '2016-08-30 09:28:57', '0000-00-00 00:00:00'),
	(537, 45, 'client', '45', NULL, 'Mozilla/5.0 (Windows NT 10.0; WOW64) AppleWebKit/537.36 (KHTML, like Gecko) Chrome/52.0.2743.116 Safari/537.36', '202.78.251.130', '2016-08-30 10:00:25', '0000-00-00 00:00:00'),
	(538, 46, 'client', '46', NULL, 'Mozilla/5.0 (Windows NT 10.0; WOW64) AppleWebKit/537.36 (KHTML, like Gecko) Chrome/52.0.2743.116 Safari/537.36', '202.78.251.130', '2016-08-30 10:05:31', '0000-00-00 00:00:00'),
	(539, 3, 'client', '3', NULL, 'User/1 CFNetwork/758.3.15 Darwin/15.5.0', '117.98.216.127', '2016-08-30 11:02:35', '0000-00-00 00:00:00'),
	(540, 3, 'client', '3', NULL, 'User/1 CFNetwork/758.3.15 Darwin/15.5.0', '117.98.216.127', '2016-08-30 11:06:14', '0000-00-00 00:00:00'),
	(541, 3, 'client', '3', NULL, 'User/1 CFNetwork/758.3.15 Darwin/15.5.0', '117.98.216.127', '2016-08-30 11:11:53', '0000-00-00 00:00:00'),
	(542, 3, 'client', '3', NULL, 'User/1 CFNetwork/758.3.15 Darwin/15.5.0', '117.98.216.127', '2016-08-30 11:13:20', '0000-00-00 00:00:00'),
	(543, 3, 'client', '3', NULL, 'User/1 CFNetwork/758.3.15 Darwin/15.5.0', '117.98.216.127', '2016-08-30 11:16:25', '0000-00-00 00:00:00'),
	(544, 3, 'client', '3', NULL, 'User/1 CFNetwork/758.3.15 Darwin/15.5.0', '117.98.216.127', '2016-08-30 11:28:08', '0000-00-00 00:00:00'),
	(545, 3, 'client', '3', NULL, 'User/1 CFNetwork/758.3.15 Darwin/15.5.0', '117.98.216.127', '2016-08-30 11:32:02', '0000-00-00 00:00:00'),
	(546, 3, 'client', '3', NULL, 'User/1 CFNetwork/758.3.15 Darwin/15.5.0', '117.98.216.127', '2016-08-30 11:36:16', '0000-00-00 00:00:00'),
	(547, 3, 'client', '3', NULL, 'User/1 CFNetwork/758.3.15 Darwin/15.5.0', '117.98.216.127', '2016-08-30 23:41:04', '0000-00-00 00:00:00'),
	(548, 3, 'client', '3', NULL, 'User/1 CFNetwork/758.3.15 Darwin/15.5.0', '117.98.216.127', '2016-08-30 23:44:40', '0000-00-00 00:00:00'),
	(549, 3, 'client', '3', NULL, 'User/1 CFNetwork/758.3.15 Darwin/15.5.0', '117.98.216.127', '2016-08-30 23:46:22', '0000-00-00 00:00:00'),
	(550, 3, 'client', '3', NULL, 'User/1 CFNetwork/758.3.15 Darwin/15.5.0', '117.98.216.127', '2016-08-31 00:14:58', '0000-00-00 00:00:00'),
	(551, 3, 'client', '3', NULL, 'User/1 CFNetwork/758.3.15 Darwin/15.5.0', '117.98.216.127', '2016-08-31 00:32:55', '0000-00-00 00:00:00'),
	(552, 3, 'client', '3', NULL, 'User/1 CFNetwork/758.3.15 Darwin/15.5.0', '117.98.216.127', '2016-08-31 00:35:13', '0000-00-00 00:00:00'),
	(553, 42, 'client', '42', NULL, 'Lawyer/1 CFNetwork/758.3.15 Darwin/15.5.0', '117.98.216.127', '2016-08-31 00:37:00', '0000-00-00 00:00:00'),
	(554, 42, 'client', '42', NULL, 'Lawyer/1 CFNetwork/758.3.15 Darwin/15.5.0', '117.98.216.127', '2016-08-31 00:37:25', '0000-00-00 00:00:00'),
	(555, 45, 'client', '45', NULL, 'Dalvik/2.1.0 (Linux; U; Android 6.0.1; Nexus 5 Build/MOB30Y)', '202.78.251.151', '2016-09-01 13:26:19', '0000-00-00 00:00:00'),
	(556, 3, 'client', '3', NULL, 'User/1 CFNetwork/758.5.3 Darwin/15.6.0', '117.98.152.200', '2016-09-02 09:51:03', '0000-00-00 00:00:00'),
	(557, 45, 'client', '45', NULL, 'Dalvik/1.6.0 (Linux; U; Android 4.4.2; Brace-X1 Build/KOT49H)', '202.78.251.151', '2016-09-02 11:17:27', '0000-00-00 00:00:00'),
	(558, 3, 'client', '3', NULL, 'User/1 CFNetwork/758.5.3 Darwin/15.6.0', '117.98.152.200', '2016-09-02 11:20:30', '0000-00-00 00:00:00'),
	(559, 3, 'client', '3', NULL, 'User/1 CFNetwork/758.5.3 Darwin/15.6.0', '117.98.152.200', '2016-09-02 11:22:35', '0000-00-00 00:00:00'),
	(560, 45, 'client', '45', NULL, 'Dalvik/2.1.0 (Linux; U; Android 6.0.1; Nexus 5 Build/MOB30Y)', '202.78.251.151', '2016-09-02 14:48:45', '0000-00-00 00:00:00'),
	(561, 47, 'client', '47', NULL, 'Dalvik/2.1.0 (Linux; U; Android 5.1.1; C6902 Build/14.6.A.1.236)', '182.73.145.138', '2016-09-02 16:58:06', '0000-00-00 00:00:00'),
	(562, 45, 'client', '45', NULL, 'Dalvik/1.6.0 (Linux; U; Android 4.4.2; Brace-X1 Build/KOT49H)', '202.78.251.151', '2016-09-02 17:06:30', '0000-00-00 00:00:00'),
	(563, 45, 'client', '45', NULL, 'Dalvik/2.1.0 (Linux; U; Android 6.0.1; Nexus 5 Build/MOB30Y)', '202.78.251.151', '2016-09-03 10:14:14', '0000-00-00 00:00:00'),
	(564, 42, 'client', '42', NULL, 'Lawyer/1 CFNetwork/758.5.3 Darwin/15.6.0', '117.98.145.251', '2016-09-03 10:59:10', '0000-00-00 00:00:00'),
	(565, 41, 'client', '41', NULL, 'User/1 CFNetwork/758.5.3 Darwin/15.6.0', '117.98.145.251', '2016-09-03 11:03:59', '0000-00-00 00:00:00'),
	(566, 45, 'client', '45', NULL, 'Dalvik/2.1.0 (Linux; U; Android 6.0.1; Nexus 5 Build/MOB30Y)', '202.78.251.151', '2016-09-06 12:20:21', '0000-00-00 00:00:00'),
	(567, 45, 'client', '45', NULL, 'Dalvik/2.1.0 (Linux; U; Android 6.0.1; Nexus 5 Build/MOB30Y)', '202.78.251.151', '2016-09-06 17:24:07', '0000-00-00 00:00:00'),
	(568, 48, 'client', '48', NULL, 'Mozilla/5.0 (Windows NT 6.1) AppleWebKit/537.36 (KHTML, like Gecko) Chrome/52.0.2743.116 Safari/537.36', '103.232.131.7', '2016-09-06 21:44:31', '0000-00-00 00:00:00'),
	(569, 49, 'client', '49', NULL, 'Mozilla/5.0 (Windows NT 6.1) AppleWebKit/537.36 (KHTML, like Gecko) Chrome/52.0.2743.116 Safari/537.36', '103.232.131.7', '2016-09-06 21:45:10', '0000-00-00 00:00:00'),
	(570, 50, 'client', '50', NULL, 'Mozilla/5.0 (Windows NT 6.1; WOW64) AppleWebKit/537.36 (KHTML, like Gecko) Chrome/52.0.2743.116 Safari/537.36', '183.83.158.111', '2016-09-06 22:58:35', '0000-00-00 00:00:00'),
	(571, 1, 'client', '1', NULL, 'Dalvik/2.1.0 (Linux; U; Android 6.0.1; SM-G900F Build/MMB29M)', '93.168.247.200', '2016-09-07 05:40:12', '0000-00-00 00:00:00'),
	(572, 50, 'client', '50', NULL, 'Mozilla/5.0 (Windows NT 10.0; Win64; x64) AppleWebKit/537.36 (KHTML, like Gecko) Chrome/52.0.2743.116 Safari/537.36', '202.78.251.130', '2016-09-07 09:34:37', '0000-00-00 00:00:00'),
	(573, 51, 'client', '51', NULL, 'Dalvik/2.1.0 (Linux; U; Android 6.0.1; Nexus 5 Build/MOB30Y)', '202.78.251.151', '2016-09-07 09:56:16', '0000-00-00 00:00:00'),
	(574, 51, 'client', '51', NULL, 'Mozilla/5.0 (Windows NT 10.0; Win64; x64) AppleWebKit/537.36 (KHTML, like Gecko) Chrome/52.0.2743.116 Safari/537.36', '202.78.251.130', '2016-09-07 09:57:46', '0000-00-00 00:00:00'),
	(575, 51, 'client', '51', NULL, 'Dalvik/1.6.0 (Linux; U; Android 4.4.2; Brace-X1 Build/KOT49H)', '202.78.251.151', '2016-09-07 12:26:42', '0000-00-00 00:00:00'),
	(576, 51, 'client', '51', NULL, 'Mozilla/5.0 (Windows NT 10.0; Win64; x64) AppleWebKit/537.36 (KHTML, like Gecko) Chrome/52.0.2743.116 Safari/537.36', '202.78.251.130', '2016-09-07 14:49:54', '0000-00-00 00:00:00'),
	(577, 51, 'client', '51', NULL, 'Mozilla/5.0 (Windows NT 10.0; WOW64) AppleWebKit/537.36 (KHTML, like Gecko) Chrome/53.0.2785.89 Safari/537.36', '202.78.251.130', '2016-09-07 14:50:58', '0000-00-00 00:00:00'),
	(578, 45, 'client', '45', NULL, 'Mozilla/5.0 (Windows NT 10.0; WOW64) AppleWebKit/537.36 (KHTML, like Gecko) Chrome/53.0.2785.89 Safari/537.36', '202.78.251.130', '2016-09-07 14:54:17', '0000-00-00 00:00:00'),
	(579, 45, 'client', '45', NULL, 'Dalvik/2.1.0 (Linux; U; Android 6.0.1; Nexus 5 Build/MOB30Y)', '202.78.251.151', '2016-09-07 15:06:02', '0000-00-00 00:00:00'),
	(580, 45, 'client', '45', NULL, 'Dalvik/2.1.0 (Linux; U; Android 6.0.1; Nexus 5 Build/MOB30Y)', '202.78.251.151', '2016-09-07 15:08:36', '0000-00-00 00:00:00'),
	(581, 45, 'client', '45', NULL, 'Dalvik/2.1.0 (Linux; U; Android 6.0.1; Nexus 5 Build/MOB30Y)', '183.82.113.202', '2016-09-07 19:00:16', '0000-00-00 00:00:00'),
	(582, 2, 'client', '2', NULL, 'Apache-HttpClient/4.4.1 (Java/1.8.0_77)', '103.232.131.7', '2016-09-07 21:21:32', '0000-00-00 00:00:00'),
	(583, 43, 'client', '43', NULL, 'Apache-HttpClient/4.4.1 (Java/1.8.0_77)', '103.232.131.7', '2016-09-07 21:21:51', '0000-00-00 00:00:00'),
	(584, 43, 'client', '43', NULL, 'Apache-HttpClient/4.4.1 (Java/1.8.0_77)', '103.232.131.7', '2016-09-07 21:29:24', '0000-00-00 00:00:00'),
	(585, 43, 'client', '43', NULL, 'Apache-HttpClient/4.4.1 (Java/1.8.0_77)', '103.232.131.7', '2016-09-07 21:57:01', '0000-00-00 00:00:00'),
	(586, 2, 'client', '2', NULL, 'Apache-HttpClient/4.4.1 (Java/1.8.0_77)', '103.232.131.7', '2016-09-07 21:57:24', '0000-00-00 00:00:00'),
	(587, 43, 'client', '43', NULL, 'Apache-HttpClient/4.4.1 (Java/1.8.0_77)', '103.232.131.7', '2016-09-07 22:05:47', '0000-00-00 00:00:00'),
	(588, 43, 'client', '43', NULL, 'Apache-HttpClient/4.4.1 (Java/1.8.0_77)', '103.232.131.7', '2016-09-07 22:06:08', '0000-00-00 00:00:00'),
	(589, 49, 'client', '49', NULL, 'Mozilla/5.0 (Windows NT 6.1) AppleWebKit/537.36 (KHTML, like Gecko) Chrome/52.0.2743.116 Safari/537.36', '103.232.131.7', '2016-09-07 22:10:03', '0000-00-00 00:00:00'),
	(590, 43, 'client', '43', NULL, 'Mozilla/5.0 (Windows NT 6.1) AppleWebKit/537.36 (KHTML, like Gecko) Chrome/52.0.2743.116 Safari/537.36', '103.232.131.7', '2016-09-07 22:20:29', '0000-00-00 00:00:00'),
	(591, 43, 'client', '43', NULL, 'Mozilla/5.0 (Windows NT 6.1) AppleWebKit/537.36 (KHTML, like Gecko) Chrome/52.0.2743.116 Safari/537.36', '103.232.131.7', '2016-09-07 22:23:07', '0000-00-00 00:00:00'),
	(592, 52, 'client', '52', NULL, 'Mozilla/5.0 (Windows NT 6.1) AppleWebKit/537.36 (KHTML, like Gecko) Chrome/52.0.2743.116 Safari/537.36', '103.232.131.7', '2016-09-07 22:25:29', '0000-00-00 00:00:00'),
	(593, 50, 'client', '50', NULL, 'Mozilla/5.0 (Windows NT 6.1) AppleWebKit/537.36 (KHTML, like Gecko) Chrome/52.0.2743.116 Safari/537.36', '103.232.131.7', '2016-09-07 22:26:53', '0000-00-00 00:00:00'),
	(594, 51, 'client', '51', NULL, 'Dalvik/2.1.0 (Linux; U; Android 6.0.1; Nexus 5 Build/MOB30Y)', '183.83.183.114', '2016-09-07 23:06:38', '0000-00-00 00:00:00'),
	(595, 53, 'client', '53', NULL, 'Dalvik/2.1.0 (Linux; U; Android 6.0.1; Nexus 5 Build/MOB30Y)', '202.78.251.151', '2016-09-08 10:32:05', '0000-00-00 00:00:00'),
	(596, 53, 'client', '53', NULL, 'Mozilla/5.0 (Windows NT 10.0; Win64; x64) AppleWebKit/537.36 (KHTML, like Gecko) Chrome/52.0.2743.116 Safari/537.36', '202.78.251.130', '2016-09-08 10:34:20', '0000-00-00 00:00:00'),
	(597, 53, 'client', '53', NULL, 'Dalvik/2.1.0 (Linux; U; Android 6.0.1; Nexus 5 Build/MOB30Y)', '202.78.251.151', '2016-09-08 10:39:07', '0000-00-00 00:00:00'),
	(598, 53, 'client', '53', NULL, 'Dalvik/2.1.0 (Linux; U; Android 6.0.1; Nexus 5 Build/MOB30Y)', '202.78.251.151', '2016-09-08 11:01:21', '0000-00-00 00:00:00'),
	(599, 46, 'client', '46', NULL, 'Dalvik/2.1.0 (Linux; U; Android 6.0.1; Nexus 5 Build/MOB30Y)', '202.78.251.151', '2016-09-08 11:09:07', '0000-00-00 00:00:00'),
	(600, 51, 'client', '51', NULL, 'Dalvik/2.1.0 (Linux; U; Android 6.0.1; Nexus 5 Build/MOB30Y)', '202.78.251.151', '2016-09-08 16:35:24', '0000-00-00 00:00:00'),
	(601, 45, 'client', '45', NULL, 'Mozilla/5.0 (Windows NT 10.0; Win64; x64) AppleWebKit/537.36 (KHTML, like Gecko) Chrome/52.0.2743.116 Safari/537.36', '202.78.251.130', '2016-09-09 12:25:30', '0000-00-00 00:00:00'),
	(602, 43, 'client', '43', NULL, 'Mozilla/5.0 (Windows NT 10.0; WOW64) AppleWebKit/537.36 (KHTML, like Gecko) Chrome/53.0.2785.89 Safari/537.36', '202.78.251.130', '2016-09-09 15:02:59', '0000-00-00 00:00:00'),
	(603, 45, 'client', '45', NULL, 'Mozilla/5.0 (Windows NT 10.0; WOW64) AppleWebKit/537.36 (KHTML, like Gecko) Chrome/53.0.2785.89 Safari/537.36', '202.78.251.130', '2016-09-09 15:07:28', '0000-00-00 00:00:00'),
	(604, 46, 'client', '46', NULL, 'Mozilla/5.0 (Windows NT 10.0; WOW64) AppleWebKit/537.36 (KHTML, like Gecko) Chrome/53.0.2785.89 Safari/537.36', '202.78.251.130', '2016-09-09 15:17:05', '0000-00-00 00:00:00'),
	(605, 45, 'client', '45', NULL, 'Dalvik/2.1.0 (Linux; U; Android 6.0.1; Nexus 5 Build/MOB30Y)', '183.82.113.202', '2016-09-10 11:01:34', '0000-00-00 00:00:00'),
	(606, 46, 'client', '46', NULL, 'Dalvik/2.1.0 (Linux; U; Android 6.0.1; Nexus 5 Build/MOB30Y)', '183.82.113.202', '2016-09-10 11:02:46', '0000-00-00 00:00:00'),
	(607, 45, 'client', '45', NULL, 'Dalvik/2.1.0 (Linux; U; Android 6.0.1; Nexus 5 Build/MOB30Y)', '183.82.113.202', '2016-09-10 12:53:52', '0000-00-00 00:00:00'),
	(608, 45, 'client', '45', NULL, 'Dalvik/2.1.0 (Linux; U; Android 6.0.1; Nexus 5 Build/MOB30Y)', '183.82.113.202', '2016-09-10 12:54:02', '0000-00-00 00:00:00'),
	(609, 45, 'client', '45', NULL, 'Dalvik/2.1.0 (Linux; U; Android 6.0.1; Nexus 5 Build/MOB30Y)', '183.82.113.202', '2016-09-10 12:59:45', '0000-00-00 00:00:00'),
	(610, 50, 'client', '50', NULL, 'Dalvik/2.1.0 (Linux; U; Android 6.0.1; Nexus 5 Build/MOB31E)', '202.78.251.151', '2016-09-12 10:26:12', '0000-00-00 00:00:00'),
	(611, 50, 'client', '50', NULL, 'Dalvik/2.1.0 (Linux; U; Android 6.0.1; Nexus 5 Build/MOB31E)', '202.78.251.151', '2016-09-12 11:11:36', '0000-00-00 00:00:00'),
	(612, 50, 'client', '50', NULL, 'Dalvik/2.1.0 (Linux; U; Android 6.0.1; Nexus 5 Build/MOB31E)', '202.78.251.151', '2016-09-12 16:37:46', '0000-00-00 00:00:00'),
	(613, 50, 'client', '50', NULL, 'Dalvik/2.1.0 (Linux; U; Android 5.0.1; MicromaxP480 Build/LRX21M)', '202.78.251.151', '2016-09-14 10:17:21', '0000-00-00 00:00:00'),
	(614, 46, 'client', '46', NULL, 'Dalvik/2.1.0 (Linux; U; Android 6.0.1; Nexus 5 Build/MOB31E)', '202.78.251.151', '2016-09-14 11:27:51', '0000-00-00 00:00:00'),
	(615, 46, 'client', '46', NULL, 'Mozilla/5.0 (Windows NT 10.0; WOW64) AppleWebKit/537.36 (KHTML, like Gecko) Chrome/53.0.2785.113 Safari/537.36', '202.78.251.130', '2016-09-14 11:49:49', '0000-00-00 00:00:00'),
	(616, 46, 'client', '46', NULL, 'Dalvik/2.1.0 (Linux; U; Android 6.0.1; Nexus 5 Build/MOB31E)', '202.78.251.151', '2016-09-14 12:21:32', '0000-00-00 00:00:00'),
	(617, 46, 'client', '46', NULL, 'Mozilla/5.0 (Windows NT 10.0; WOW64) AppleWebKit/537.36 (KHTML, like Gecko) Chrome/53.0.2785.113 Safari/537.36', '202.78.251.130', '2016-09-14 12:41:23', '0000-00-00 00:00:00'),
	(618, 50, 'client', '50', NULL, 'Dalvik/2.1.0 (Linux; U; Android 6.0.1; Nexus 5 Build/MOB31E)', '202.78.251.151', '2016-09-15 09:53:01', '0000-00-00 00:00:00'),
	(619, 46, 'client', '46', NULL, 'Dalvik/2.1.0 (Linux; U; Android 5.1.1; Android SDK built for x86 Build/LMY48X)', '202.78.251.130', '2016-09-15 10:38:57', '0000-00-00 00:00:00'),
	(620, 46, 'client', '46', NULL, 'Mozilla/5.0 (Windows NT 10.0; WOW64) AppleWebKit/537.36 (KHTML, like Gecko) Chrome/53.0.2785.113 Safari/537.36', '202.78.251.130', '2016-09-15 10:53:23', '0000-00-00 00:00:00'),
	(621, 46, 'client', '46', NULL, 'Dalvik/2.1.0 (Linux; U; Android 5.1.1; Android SDK built for x86 Build/LMY48X)', '202.78.251.130', '2016-09-15 11:20:45', '0000-00-00 00:00:00'),
	(622, 46, 'client', '46', NULL, 'Dalvik/2.1.0 (Linux; U; Android 6.0.1; Nexus 5 Build/MOB31E)', '202.78.251.151', '2016-09-15 13:04:13', '0000-00-00 00:00:00'),
	(623, 46, 'client', '46', NULL, 'Dalvik/2.1.0 (Linux; U; Android 6.0.1; Nexus 5 Build/MOB31E)', '202.78.251.151', '2016-09-15 14:02:49', '0000-00-00 00:00:00'),
	(624, 50, 'client', '50', NULL, 'Dalvik/2.1.0 (Linux; U; Android 5.0.1; MicromaxP480 Build/LRX21M)', '202.78.251.151', '2016-09-15 14:09:34', '0000-00-00 00:00:00'),
	(625, 50, 'client', '50', NULL, 'Mozilla/5.0 (Windows NT 10.0; Win64; x64) AppleWebKit/537.36 (KHTML, like Gecko) Chrome/52.0.2743.116 Safari/537.36', '202.78.251.130', '2016-09-15 14:11:51', '0000-00-00 00:00:00'),
	(626, 46, 'client', '46', NULL, 'Dalvik/2.1.0 (Linux; U; Android 6.0.1; Nexus 5 Build/MOB31E)', '202.78.251.151', '2016-09-15 14:14:51', '0000-00-00 00:00:00'),
	(627, 50, 'client', '50', NULL, 'Dalvik/2.1.0 (Linux; U; Android 5.0.1; MicromaxP480 Build/LRX21M)', '202.78.251.151', '2016-09-15 14:16:55', '0000-00-00 00:00:00'),
	(628, 50, 'client', '50', NULL, 'Mozilla/5.0 (Windows NT 10.0; Win64; x64) AppleWebKit/537.36 (KHTML, like Gecko) Chrome/52.0.2743.116 Safari/537.36', '202.78.251.130', '2016-09-15 14:18:48', '0000-00-00 00:00:00'),
	(629, 50, 'client', '50', NULL, 'Dalvik/2.1.0 (Linux; U; Android 5.0.1; MicromaxP480 Build/LRX21M)', '202.78.251.151', '2016-09-15 14:19:39', '0000-00-00 00:00:00'),
	(630, 46, 'client', '46', NULL, 'Dalvik/2.1.0 (Linux; U; Android 5.1.1; Android SDK built for x86 Build/LMY48X)', '202.78.251.130', '2016-09-15 14:27:39', '0000-00-00 00:00:00'),
	(631, 50, 'client', '50', NULL, 'Dalvik/2.1.0 (Linux; U; Android 5.0.1; MicromaxP480 Build/LRX21M)', '202.78.251.151', '2016-09-15 14:29:13', '0000-00-00 00:00:00'),
	(632, 46, 'client', '46', NULL, 'Dalvik/2.1.0 (Linux; U; Android 6.0.1; Nexus 5 Build/MOB31E)', '202.78.251.151', '2016-09-15 14:50:59', '0000-00-00 00:00:00'),
	(633, 46, 'client', '46', NULL, 'Dalvik/2.1.0 (Linux; U; Android 6.0.1; Nexus 5 Build/MOB31E)', '202.78.251.151', '2016-09-15 14:51:34', '0000-00-00 00:00:00'),
	(634, 54, 'client', '54', NULL, 'Dalvik/2.1.0 (Linux; U; Android 5.0.1; MicromaxP480 Build/LRX21M)', '202.78.251.151', '2016-09-15 16:01:29', '0000-00-00 00:00:00'),
	(635, 46, 'client', '46', NULL, 'Mozilla/5.0 (Windows NT 10.0; WOW64) AppleWebKit/537.36 (KHTML, like Gecko) Chrome/53.0.2785.116 Safari/537.36', '202.78.251.130', '2016-09-16 09:53:52', '0000-00-00 00:00:00'),
	(636, 46, 'client', '46', NULL, 'Mozilla/5.0 (Windows NT 10.0; WOW64) AppleWebKit/537.36 (KHTML, like Gecko) Chrome/53.0.2785.116 Safari/537.36', '202.78.251.130', '2016-09-16 09:54:11', '0000-00-00 00:00:00'),
	(637, 46, 'client', '46', NULL, 'Dalvik/2.1.0 (Linux; U; Android 5.0.1; MicromaxP480 Build/LRX21M)', '202.78.251.151', '2016-09-16 10:31:33', '0000-00-00 00:00:00'),
	(638, 46, 'client', '46', NULL, 'Dalvik/2.1.0 (Linux; U; Android 6.0.1; Nexus 5 Build/MOB31E)', '202.78.251.151', '2016-09-16 14:02:54', '0000-00-00 00:00:00'),
	(639, 42, 'client', '42', NULL, 'Lawyer/1 CFNetwork/758.3.15 Darwin/15.5.0', '183.82.113.202', '2016-09-17 12:11:44', '0000-00-00 00:00:00'),
	(640, 3, 'client', '3', NULL, 'User/1 CFNetwork/758.3.15 Darwin/15.5.0', '183.82.113.202', '2016-09-17 12:13:26', '0000-00-00 00:00:00'),
	(641, 46, 'client', '46', NULL, 'Dalvik/2.1.0 (Linux; U; Android 6.0.1; Nexus 5 Build/MOB31E)', '183.82.113.202', '2016-09-17 12:15:21', '0000-00-00 00:00:00'),
	(642, 46, 'client', '46', NULL, 'Lawyer/1 CFNetwork/758.3.15 Darwin/15.5.0', '183.82.113.202', '2016-09-17 12:20:07', '0000-00-00 00:00:00'),
	(643, 46, 'client', '46', NULL, 'Lawyer/1 CFNetwork/758.3.15 Darwin/15.5.0', '183.82.113.202', '2016-09-17 12:22:35', '0000-00-00 00:00:00'),
	(644, 46, 'client', '46', NULL, 'Dalvik/2.1.0 (Linux; U; Android 6.0.1; Nexus 5 Build/MOB31E)', '183.82.113.202', '2016-09-17 12:24:29', '0000-00-00 00:00:00'),
	(645, 3, 'client', '3', NULL, 'User/1 CFNetwork/758.3.15 Darwin/15.5.0', '183.82.113.202', '2016-09-17 12:30:51', '0000-00-00 00:00:00'),
	(646, 46, 'client', '46', NULL, 'Lawyer/1 CFNetwork/758.3.15 Darwin/15.5.0', '183.82.113.202', '2016-09-17 12:51:06', '0000-00-00 00:00:00'),
	(647, 46, 'client', '46', NULL, 'Lawyer/1 CFNetwork/758.3.15 Darwin/15.5.0', '183.82.113.202', '2016-09-17 12:54:47', '0000-00-00 00:00:00'),
	(648, 46, 'client', '46', NULL, 'Lawyer/1 CFNetwork/758.3.15 Darwin/15.5.0', '183.82.113.202', '2016-09-17 12:55:59', '0000-00-00 00:00:00'),
	(649, 46, 'client', '46', NULL, 'Lawyer/1 CFNetwork/758.3.15 Darwin/15.5.0', '183.82.113.202', '2016-09-17 12:59:19', '0000-00-00 00:00:00'),
	(650, 46, 'client', '46', NULL, 'Lawyer/1 CFNetwork/758.3.15 Darwin/15.5.0', '183.82.113.202', '2016-09-17 13:01:55', '0000-00-00 00:00:00'),
	(651, 55, 'client', '55', NULL, 'Dalvik/2.1.0 (Linux; U; Android 6.0.1; Nexus 5 Build/MOB31E)', '183.82.113.202', '2016-09-17 13:07:39', '0000-00-00 00:00:00'),
	(652, 46, 'client', '46', NULL, 'Lawyer/1 CFNetwork/758.3.15 Darwin/15.5.0', '183.82.113.202', '2016-09-17 13:08:26', '0000-00-00 00:00:00'),
	(653, 46, 'client', '46', NULL, 'Lawyer/1 CFNetwork/758.3.15 Darwin/15.5.0', '183.82.113.202', '2016-09-17 13:41:38', '0000-00-00 00:00:00'),
	(654, 46, 'client', '46', NULL, 'Lawyer/1 CFNetwork/758.3.15 Darwin/15.5.0', '183.82.113.202', '2016-09-17 13:45:24', '0000-00-00 00:00:00'),
	(655, 46, 'client', '46', NULL, 'Lawyer/1 CFNetwork/758.3.15 Darwin/15.5.0', '183.82.113.202', '2016-09-17 13:50:01', '0000-00-00 00:00:00'),
	(656, 46, 'client', '46', NULL, 'Lawyer/1 CFNetwork/758.3.15 Darwin/15.5.0', '183.82.113.202', '2016-09-17 13:52:07', '0000-00-00 00:00:00'),
	(657, 46, 'client', '46', NULL, 'Lawyer/1 CFNetwork/758.3.15 Darwin/15.5.0', '183.82.113.202', '2016-09-17 13:57:56', '0000-00-00 00:00:00'),
	(658, 46, 'client', '46', NULL, 'Lawyer/1 CFNetwork/758.3.15 Darwin/15.5.0', '183.82.113.202', '2016-09-17 14:00:18', '0000-00-00 00:00:00'),
	(659, 46, 'client', '46', NULL, 'Lawyer/1 CFNetwork/758.3.15 Darwin/15.5.0', '183.82.113.202', '2016-09-17 14:21:18', '0000-00-00 00:00:00'),
	(660, 46, 'client', '46', NULL, 'Lawyer/1 CFNetwork/758.3.15 Darwin/15.5.0', '183.82.113.202', '2016-09-17 14:23:23', '0000-00-00 00:00:00'),
	(661, 46, 'client', '46', NULL, 'Lawyer/1 CFNetwork/758.5.3 Darwin/15.6.0', '183.82.113.202', '2016-09-17 14:28:06', '0000-00-00 00:00:00'),
	(662, 46, 'client', '46', NULL, 'Lawyer/1 CFNetwork/758.5.3 Darwin/15.6.0', '183.82.113.202', '2016-09-17 14:31:16', '0000-00-00 00:00:00'),
	(663, 46, 'client', '46', NULL, 'Lawyer/1 CFNetwork/758.5.3 Darwin/15.6.0', '183.82.113.202', '2016-09-17 14:32:58', '0000-00-00 00:00:00'),
	(664, 46, 'client', '46', NULL, 'Lawyer/1 CFNetwork/758.3.15 Darwin/15.5.0', '183.82.113.202', '2016-09-17 14:34:45', '0000-00-00 00:00:00'),
	(665, 2, 'client', '2', NULL, 'Mozilla/5.0 (Windows NT 6.1) AppleWebKit/537.36 (KHTML, like Gecko) Chrome/52.0.2743.116 Safari/537.36', '103.206.107.55', '2016-09-17 22:52:01', '0000-00-00 00:00:00'),
	(666, 2, 'client', '2', NULL, 'Mozilla/5.0 (Windows NT 6.1) AppleWebKit/537.36 (KHTML, like Gecko) Chrome/52.0.2743.116 Safari/537.36', '103.206.107.55', '2016-09-17 22:55:20', '0000-00-00 00:00:00'),
	(667, 46, 'client', '46', NULL, 'Dalvik/1.6.0 (Linux; U; Android 4.4.2; Brace-X1 Build/KOT49H)', '202.78.251.151', '2016-09-19 11:19:20', '0000-00-00 00:00:00'),
	(668, 46, 'client', '46', NULL, 'Dalvik/2.1.0 (Linux; U; Android 6.0.1; Nexus 5 Build/MOB31E)', '202.78.251.151', '2016-09-19 15:15:34', '0000-00-00 00:00:00'),
	(669, 46, 'client', '46', NULL, 'Dalvik/2.1.0 (Linux; U; Android 6.0.1; Nexus 5 Build/MOB31E)', '202.78.251.151', '2016-09-19 15:29:43', '0000-00-00 00:00:00'),
	(670, 46, 'client', '46', NULL, 'Mozilla/5.0 (Windows NT 10.0; WOW64) AppleWebKit/537.36 (KHTML, like Gecko) Chrome/53.0.2785.116 Safari/537.36', '202.78.251.130', '2016-09-21 12:33:03', '0000-00-00 00:00:00'),
	(671, 46, 'client', '46', NULL, 'Dalvik/2.1.0 (Linux; U; Android 6.0.1; Nexus 5 Build/MOB31E)', '202.78.251.151', '2016-09-21 12:40:29', '0000-00-00 00:00:00'),
	(672, 50, 'client', '50', NULL, 'Mozilla/5.0 (Windows NT 10.0; Win64; x64) AppleWebKit/537.36 (KHTML, like Gecko) Chrome/53.0.2785.116 Safari/537.36', '202.78.251.130', '2016-09-22 14:55:21', '0000-00-00 00:00:00'),
	(673, 54, 'client', '54', NULL, 'Mozilla/5.0 (Windows NT 10.0; Win64; x64) AppleWebKit/537.36 (KHTML, like Gecko) Chrome/53.0.2785.116 Safari/537.36', '202.78.251.130', '2016-09-26 15:20:46', '0000-00-00 00:00:00'),
	(674, 3, 'client', '3', NULL, 'User/1 CFNetwork/758.3.15 Darwin/15.5.0', '117.98.220.19', '2016-09-28 00:20:48', '0000-00-00 00:00:00'),
	(675, 3, 'client', '3', NULL, 'User/1 CFNetwork/758.3.15 Darwin/15.5.0', '117.98.220.19', '2016-09-28 00:26:22', '0000-00-00 00:00:00'),
	(676, 46, 'client', '46', NULL, 'Dalvik/2.1.0 (Linux; U; Android 6.0.1; Nexus 5 Build/MOB31E)', '183.82.113.202', '2016-10-02 12:31:32', '0000-00-00 00:00:00'),
	(677, 50, 'client', '50', NULL, 'Dalvik/2.1.0 (Linux; U; Android 6.0.1; Nexus 5 Build/MOB31E)', '202.78.251.151', '2016-10-03 11:34:03', '0000-00-00 00:00:00'),
	(678, 50, 'client', '50', NULL, 'Mozilla/5.0 (Windows NT 10.0; WOW64) AppleWebKit/537.36 (KHTML, like Gecko) Chrome/53.0.2785.116 Safari/537.36', '202.78.251.130', '2016-10-03 11:39:34', '0000-00-00 00:00:00'),
	(679, 46, 'client', '46', NULL, 'Mozilla/5.0 (Windows NT 10.0; WOW64) AppleWebKit/537.36 (KHTML, like Gecko) Chrome/53.0.2785.116 Safari/537.36', '202.78.251.130', '2016-10-03 12:47:38', '0000-00-00 00:00:00'),
	(680, 46, 'client', '46', NULL, 'Mozilla/5.0 (Windows NT 10.0; Win64; x64) AppleWebKit/537.36 (KHTML, like Gecko) Chrome/53.0.2785.116 Safari/537.36', '202.78.251.130', '2016-10-03 12:59:43', '0000-00-00 00:00:00'),
	(681, 50, 'client', '50', NULL, 'Dalvik/2.1.0 (Linux; U; Android 6.0.1; Nexus 5 Build/MOB31E)', '202.78.251.151', '2016-10-03 13:21:39', '0000-00-00 00:00:00'),
	(682, 50, 'client', '50', NULL, 'Mozilla/5.0 (Windows NT 10.0; WOW64) AppleWebKit/537.36 (KHTML, like Gecko) Chrome/53.0.2785.116 Safari/537.36', '202.78.251.130', '2016-10-03 13:22:54', '0000-00-00 00:00:00'),
	(683, 50, 'client', '50', NULL, 'Dalvik/2.1.0 (Linux; U; Android 6.0.1; Nexus 5 Build/MOB31E)', '202.78.251.151', '2016-10-03 15:03:03', '0000-00-00 00:00:00'),
	(684, 42, 'client', '42', NULL, 'Lawyer/1 CFNetwork/808.0.2 Darwin/15.6.0', '117.98.148.67', '2016-10-03 23:54:23', '0000-00-00 00:00:00'),
	(685, 42, 'client', '42', NULL, 'Lawyer/1 CFNetwork/808.0.2 Darwin/15.6.0', '117.98.148.67', '2016-10-03 23:55:13', '0000-00-00 00:00:00'),
	(686, 42, 'client', '42', NULL, 'Lawyer/1 CFNetwork/808.0.2 Darwin/15.6.0', '117.98.148.67', '2016-10-03 23:56:35', '0000-00-00 00:00:00'),
	(687, 42, 'client', '42', NULL, 'Lawyer/1 CFNetwork/808.0.2 Darwin/15.6.0', '117.98.148.67', '2016-10-03 23:57:25', '0000-00-00 00:00:00'),
	(688, 42, 'client', '42', NULL, 'Lawyer/1 CFNetwork/808.0.2 Darwin/15.6.0', '117.98.148.67', '2016-10-04 00:01:09', '0000-00-00 00:00:00'),
	(689, 42, 'client', '42', NULL, 'Lawyer/1 CFNetwork/808.0.2 Darwin/15.6.0', '117.98.148.67', '2016-10-04 00:02:24', '0000-00-00 00:00:00'),
	(690, 42, 'client', '42', NULL, 'Lawyer/1 CFNetwork/808.0.2 Darwin/15.6.0', '117.98.148.67', '2016-10-04 00:02:41', '0000-00-00 00:00:00'),
	(691, 42, 'client', '42', NULL, 'Lawyer/1 CFNetwork/808.0.2 Darwin/15.6.0', '117.98.148.67', '2016-10-04 00:04:48', '0000-00-00 00:00:00'),
	(692, 42, 'client', '42', NULL, 'Lawyer/1 CFNetwork/808.0.2 Darwin/15.6.0', '117.98.148.67', '2016-10-04 00:08:52', '0000-00-00 00:00:00'),
	(693, 42, 'client', '42', NULL, 'Lawyer/1 CFNetwork/808.0.2 Darwin/15.6.0', '117.98.148.67', '2016-10-04 00:12:28', '0000-00-00 00:00:00'),
	(694, 42, 'client', '42', NULL, 'Lawyer/1 CFNetwork/808.0.2 Darwin/15.6.0', '117.98.148.67', '2016-10-04 00:16:02', '0000-00-00 00:00:00'),
	(695, 42, 'client', '42', NULL, 'Lawyer/1 CFNetwork/808.0.2 Darwin/15.6.0', '117.98.148.67', '2016-10-04 00:32:59', '0000-00-00 00:00:00'),
	(696, 42, 'client', '42', NULL, 'Lawyer/1 CFNetwork/808.0.2 Darwin/15.6.0', '117.98.148.67', '2016-10-04 00:34:33', '0000-00-00 00:00:00'),
	(697, 42, 'client', '42', NULL, 'Lawyer/1 CFNetwork/808.0.2 Darwin/15.6.0', '117.98.148.67', '2016-10-04 00:34:46', '0000-00-00 00:00:00'),
	(698, 50, 'client', '50', NULL, 'Dalvik/2.1.0 (Linux; U; Android 6.0.1; Nexus 5 Build/MOB31E)', '202.78.251.151', '2016-10-04 10:55:09', '0000-00-00 00:00:00'),
	(699, 50, 'client', '50', NULL, 'Mozilla/5.0 (Windows NT 10.0; Win64; x64) AppleWebKit/537.36 (KHTML, like Gecko) Chrome/53.0.2785.116 Safari/537.36', '202.78.251.130', '2016-10-04 11:27:03', '0000-00-00 00:00:00'),
	(700, 46, 'client', '46', NULL, 'Dalvik/2.1.0 (Linux; U; Android 5.0.1; MicromaxP480 Build/LRX21M)', '202.78.251.151', '2016-10-04 12:33:45', '0000-00-00 00:00:00'),
	(701, 56, 'client', '56', NULL, 'Dalvik/2.1.0 (Linux; U; Android 5.1.1; C6902 Build/14.6.A.1.236)', '182.73.145.138', '2016-10-04 12:42:56', '0000-00-00 00:00:00'),
	(702, 50, 'client', '50', NULL, 'Mozilla/5.0 (Windows NT 10.0; Win64; x64) AppleWebKit/537.36 (KHTML, like Gecko) Chrome/53.0.2785.116 Safari/537.36', '202.78.251.130', '2016-10-04 13:07:33', '0000-00-00 00:00:00'),
	(703, 50, 'client', '50', NULL, 'Dalvik/2.1.0 (Linux; U; Android 6.0.1; Nexus 5 Build/MOB31E)', '202.78.251.151', '2016-10-04 14:58:09', '0000-00-00 00:00:00'),
	(704, 50, 'client', '50', NULL, 'Mozilla/5.0 (Windows NT 10.0; WOW64) AppleWebKit/537.36 (KHTML, like Gecko) Chrome/53.0.2785.116 Safari/537.36', '202.78.251.130', '2016-10-05 11:16:56', '0000-00-00 00:00:00'),
	(705, 50, 'client', '50', NULL, 'Dalvik/2.1.0 (Linux; U; Android 5.0.1; MicromaxP480 Build/LRX21M)', '202.78.251.151', '2016-10-05 12:14:52', '0000-00-00 00:00:00'),
	(706, 50, 'client', '50', NULL, 'Mozilla/5.0 (Windows NT 10.0; Win64; x64) AppleWebKit/537.36 (KHTML, like Gecko) Chrome/53.0.2785.143 Safari/537.36', '202.78.251.130', '2016-10-05 15:08:47', '0000-00-00 00:00:00'),
	(707, 50, 'client', '50', NULL, 'Dalvik/2.1.0 (Linux; U; Android 6.0.1; Nexus 5 Build/MOB31E)', '202.78.251.151', '2016-10-05 15:21:51', '0000-00-00 00:00:00'),
	(708, 50, 'client', '50', NULL, 'Dalvik/2.1.0 (Linux; U; Android 6.0.1; Nexus 5 Build/MOB31E)', '202.78.251.151', '2016-10-05 15:24:00', '0000-00-00 00:00:00'),
	(709, 50, 'client', '50', NULL, 'Dalvik/1.6.0 (Linux; U; Android 4.4.2; Brace-X1 Build/KOT49H)', '202.78.251.151', '2016-10-05 15:30:44', '0000-00-00 00:00:00'),
	(710, 42, 'client', '42', NULL, 'Lawyer/1 CFNetwork/808.0.2 Darwin/15.6.0', '117.98.223.134', '2016-10-05 21:45:39', '0000-00-00 00:00:00'),
	(711, 42, 'client', '42', NULL, 'Lawyer/1 CFNetwork/808.0.2 Darwin/15.6.0', '117.98.223.134', '2016-10-05 21:46:31', '0000-00-00 00:00:00'),
	(712, 42, 'client', '42', NULL, 'Lawyer/1 CFNetwork/808.0.2 Darwin/15.6.0', '117.98.223.134', '2016-10-05 21:49:03', '0000-00-00 00:00:00'),
	(713, 42, 'client', '42', NULL, 'Lawyer/1 CFNetwork/808.0.2 Darwin/15.6.0', '117.98.223.134', '2016-10-05 21:56:30', '0000-00-00 00:00:00'),
	(714, 42, 'client', '42', NULL, 'Lawyer/1 CFNetwork/808.0.2 Darwin/15.6.0', '117.98.223.134', '2016-10-05 21:57:10', '0000-00-00 00:00:00'),
	(715, 42, 'client', '42', NULL, 'Lawyer/1 CFNetwork/808.0.2 Darwin/15.6.0', '117.98.223.134', '2016-10-05 21:57:34', '0000-00-00 00:00:00'),
	(716, 42, 'client', '42', NULL, 'Lawyer/1 CFNetwork/808.0.2 Darwin/15.6.0', '117.98.223.134', '2016-10-05 21:58:49', '0000-00-00 00:00:00'),
	(717, 42, 'client', '42', NULL, 'Lawyer/1 CFNetwork/808.0.2 Darwin/15.6.0', '117.98.223.134', '2016-10-05 22:00:33', '0000-00-00 00:00:00'),
	(718, 42, 'client', '42', NULL, 'Lawyer/1 CFNetwork/808.0.2 Darwin/15.6.0', '117.98.223.134', '2016-10-05 22:02:33', '0000-00-00 00:00:00'),
	(719, 42, 'client', '42', NULL, 'Lawyer/1 CFNetwork/808.0.2 Darwin/15.6.0', '117.98.223.134', '2016-10-05 22:04:03', '0000-00-00 00:00:00'),
	(720, 42, 'client', '42', NULL, 'Dalvik/1.6.0 (Linux; U; Android 4.4.2; ASUS_T00J Build/KVT49L)', '117.98.223.134', '2016-10-05 22:45:33', '0000-00-00 00:00:00'),
	(721, 42, 'client', '42', NULL, 'Lawyer/1 CFNetwork/808.0.2 Darwin/15.6.0', '117.98.223.134', '2016-10-05 22:45:45', '0000-00-00 00:00:00'),
	(722, 42, 'client', '42', NULL, 'Dalvik/1.6.0 (Linux; U; Android 4.4.2; ASUS_T00J Build/KVT49L)', '117.98.223.134', '2016-10-05 22:47:05', '0000-00-00 00:00:00'),
	(723, 42, 'client', '42', NULL, 'Dalvik/1.6.0 (Linux; U; Android 4.4.2; ASUS_T00J Build/KVT49L)', '117.98.223.134', '2016-10-05 22:58:19', '0000-00-00 00:00:00'),
	(724, 47, 'client', '47', NULL, 'Dalvik/2.1.0 (Linux; U; Android 5.1.1; C6902 Build/14.6.A.1.236)', '182.73.145.138', '2016-10-06 10:28:45', '0000-00-00 00:00:00'),
	(725, 42, 'client', '42', NULL, 'Lawyer/1 CFNetwork/808.0.2 Darwin/15.6.0', '117.98.223.134', '2016-10-06 10:32:44', '0000-00-00 00:00:00'),
	(726, 42, 'client', '42', NULL, 'Lawyer/1 CFNetwork/808.0.2 Darwin/15.6.0', '117.98.223.134', '2016-10-06 10:50:54', '0000-00-00 00:00:00'),
	(727, 42, 'client', '42', NULL, 'Lawyer/1 CFNetwork/808.0.2 Darwin/15.6.0', '117.98.223.134', '2016-10-06 10:54:49', '0000-00-00 00:00:00'),
	(728, 47, 'client', '47', NULL, 'Dalvik/2.1.0 (Linux; U; Android 6.0.1; Nexus 5 Build/MOB31E)', '202.78.251.151', '2016-10-06 10:58:29', '0000-00-00 00:00:00'),
	(729, 47, 'client', '47', NULL, 'Mozilla/5.0 (Windows NT 10.0; WOW64) AppleWebKit/537.36 (KHTML, like Gecko) Chrome/53.0.2785.143 Safari/537.36', '202.78.251.130', '2016-10-06 11:10:46', '0000-00-00 00:00:00'),
	(730, 47, 'client', '47', NULL, 'Dalvik/2.1.0 (Linux; U; Android 6.0.1; Nexus 5 Build/MOB31E)', '202.78.251.151', '2016-10-06 11:31:33', '0000-00-00 00:00:00'),
	(731, 54, 'client', '54', NULL, 'Dalvik/2.1.0 (Linux; U; Android 6.0.1; Nexus 5 Build/MOB31E)', '202.78.251.151', '2016-10-06 15:25:47', '0000-00-00 00:00:00'),
	(732, 54, 'client', '54', NULL, 'Dalvik/2.1.0 (Linux; U; Android 6.0.1; Nexus 5 Build/MOB31E)', '202.78.251.151', '2016-10-06 16:36:07', '0000-00-00 00:00:00'),
	(733, 54, 'client', '54', NULL, 'Dalvik/2.1.0 (Linux; U; Android 6.0.1; Nexus 5 Build/MOB31E)', '202.78.251.151', '2016-10-06 16:58:54', '0000-00-00 00:00:00'),
	(734, 42, 'client', '42', NULL, 'Dalvik/1.6.0 (Linux; U; Android 4.4.2; ASUS_T00J Build/KVT49L)', '117.98.204.89', '2016-10-06 23:11:03', '0000-00-00 00:00:00'),
	(735, 42, 'client', '42', NULL, 'Lawyer/1 CFNetwork/808.0.2 Darwin/15.6.0', '117.98.204.89', '2016-10-06 23:37:42', '0000-00-00 00:00:00'),
	(736, 42, 'client', '42', NULL, 'Lawyer/1 CFNetwork/808.0.2 Darwin/15.6.0', '117.98.204.89', '2016-10-06 23:55:30', '0000-00-00 00:00:00'),
	(737, 42, 'client', '42', NULL, 'Lawyer/1 CFNetwork/808.0.2 Darwin/15.6.0', '117.98.204.89', '2016-10-06 23:57:27', '0000-00-00 00:00:00'),
	(738, 42, 'client', '42', NULL, 'Lawyer/1 CFNetwork/808.0.2 Darwin/15.6.0', '117.98.204.89', '2016-10-07 00:00:29', '0000-00-00 00:00:00'),
	(739, 42, 'client', '42', NULL, 'Lawyer/1 CFNetwork/808.0.2 Darwin/15.6.0', '117.98.204.89', '2016-10-07 00:11:08', '0000-00-00 00:00:00'),
	(740, 42, 'client', '42', NULL, 'Lawyer/1 CFNetwork/808.0.2 Darwin/15.6.0', '117.98.204.89', '2016-10-07 00:16:03', '0000-00-00 00:00:00'),
	(741, 42, 'client', '42', NULL, 'Lawyer/1 CFNetwork/808.0.2 Darwin/15.6.0', '117.98.204.89', '2016-10-07 00:18:42', '0000-00-00 00:00:00'),
	(742, 42, 'client', '42', NULL, 'Lawyer/1 CFNetwork/808.0.2 Darwin/15.6.0', '117.98.204.89', '2016-10-07 00:20:34', '0000-00-00 00:00:00'),
	(743, 42, 'client', '42', NULL, 'Lawyer/1 CFNetwork/808.0.2 Darwin/15.6.0', '117.98.204.89', '2016-10-07 00:22:51', '0000-00-00 00:00:00'),
	(744, 42, 'client', '42', NULL, 'Lawyer/1 CFNetwork/808.0.2 Darwin/15.6.0', '117.98.204.89', '2016-10-07 00:23:57', '0000-00-00 00:00:00'),
	(745, 42, 'client', '42', NULL, 'Lawyer/1 CFNetwork/808.0.2 Darwin/15.6.0', '117.98.204.89', '2016-10-07 00:26:54', '0000-00-00 00:00:00'),
	(746, 42, 'client', '42', NULL, 'Lawyer/1 CFNetwork/808.0.2 Darwin/15.6.0', '117.98.204.89', '2016-10-07 00:33:31', '0000-00-00 00:00:00'),
	(747, 42, 'client', '42', NULL, 'Lawyer/1 CFNetwork/808.0.2 Darwin/15.6.0', '117.98.204.89', '2016-10-07 09:58:58', '0000-00-00 00:00:00'),
	(748, 42, 'client', '42', NULL, 'Lawyer/1 CFNetwork/808.0.2 Darwin/15.6.0', '117.98.204.89', '2016-10-07 10:00:58', '0000-00-00 00:00:00'),
	(749, 42, 'client', '42', NULL, 'Lawyer/1 CFNetwork/808.0.2 Darwin/15.6.0', '117.98.204.89', '2016-10-07 10:17:14', '0000-00-00 00:00:00'),
	(750, 42, 'client', '42', NULL, 'Lawyer/1 CFNetwork/808.0.2 Darwin/15.6.0', '117.98.204.89', '2016-10-07 10:38:21', '0000-00-00 00:00:00'),
	(751, 42, 'client', '42', NULL, 'Lawyer/1 CFNetwork/808.0.2 Darwin/15.6.0', '117.98.204.89', '2016-10-07 10:38:32', '0000-00-00 00:00:00'),
	(752, 42, 'client', '42', NULL, 'Lawyer/1 CFNetwork/808.0.2 Darwin/15.6.0', '117.98.204.89', '2016-10-07 11:09:16', '0000-00-00 00:00:00'),
	(753, 42, 'client', '42', NULL, 'Lawyer/1 CFNetwork/808.0.2 Darwin/15.6.0', '117.98.204.89', '2016-10-07 11:13:23', '0000-00-00 00:00:00'),
	(754, 42, 'client', '42', NULL, 'Lawyer/1 CFNetwork/808.0.2 Darwin/15.6.0', '117.98.204.89', '2016-10-07 11:14:36', '0000-00-00 00:00:00'),
	(755, 42, 'client', '42', NULL, 'Lawyer/1 CFNetwork/808.0.2 Darwin/15.6.0', '117.98.204.89', '2016-10-07 11:16:32', '0000-00-00 00:00:00'),
	(756, 42, 'client', '42', NULL, 'Lawyer/1 CFNetwork/808.0.2 Darwin/15.6.0', '117.98.204.89', '2016-10-07 22:32:12', '0000-00-00 00:00:00'),
	(757, 42, 'client', '42', NULL, 'Lawyer/1 CFNetwork/808.0.2 Darwin/15.6.0', '117.98.204.89', '2016-10-07 22:34:55', '0000-00-00 00:00:00'),
	(758, 42, 'client', '42', NULL, 'Lawyer/1 CFNetwork/808.0.2 Darwin/15.6.0', '117.98.204.89', '2016-10-08 09:35:53', '0000-00-00 00:00:00'),
	(759, 42, 'client', '42', NULL, 'Lawyer/1 CFNetwork/808.0.2 Darwin/15.6.0', '183.82.113.202', '2016-10-08 11:48:59', '0000-00-00 00:00:00'),
	(760, 42, 'client', '42', NULL, 'Lawyer/1 CFNetwork/808.0.2 Darwin/15.6.0', '183.82.113.202', '2016-10-08 11:51:25', '0000-00-00 00:00:00'),
	(761, 42, 'client', '42', NULL, 'Lawyer/1 CFNetwork/808.0.2 Darwin/15.6.0', '183.82.113.202', '2016-10-08 12:03:50', '0000-00-00 00:00:00'),
	(762, 41, 'client', '41', NULL, 'User/1 CFNetwork/758.5.3 Darwin/15.6.0', '183.82.113.202', '2016-10-08 12:42:32', '0000-00-00 00:00:00'),
	(763, 42, 'client', '42', NULL, 'Lawyer/1 CFNetwork/808.0.2 Darwin/15.6.0', '183.82.113.202', '2016-10-08 12:44:59', '0000-00-00 00:00:00'),
	(764, 42, 'client', '42', NULL, 'Lawyer/1 CFNetwork/808.0.2 Darwin/15.6.0', '183.82.113.202', '2016-10-08 12:45:06', '0000-00-00 00:00:00'),
	(765, 42, 'client', '42', NULL, 'Lawyer/1 CFNetwork/808.0.2 Darwin/15.6.0', '183.82.113.202', '2016-10-08 12:45:26', '0000-00-00 00:00:00'),
	(766, 42, 'client', '42', NULL, 'Lawyer/1 CFNetwork/808.0.2 Darwin/15.6.0', '183.82.113.202', '2016-10-08 12:46:17', '0000-00-00 00:00:00'),
	(767, 42, 'client', '42', NULL, 'Lawyer/1 CFNetwork/808.0.2 Darwin/15.6.0', '183.82.113.202', '2016-10-08 12:48:29', '0000-00-00 00:00:00'),
	(768, 42, 'client', '42', NULL, 'Lawyer/1 CFNetwork/808.0.2 Darwin/15.6.0', '183.82.113.202', '2016-10-08 12:49:28', '0000-00-00 00:00:00'),
	(769, 42, 'client', '42', NULL, 'Lawyer/1 CFNetwork/758.5.3 Darwin/15.6.0', '183.82.113.202', '2016-10-08 12:55:26', '0000-00-00 00:00:00'),
	(770, 42, 'client', '42', NULL, 'Lawyer/1 CFNetwork/808.0.2 Darwin/15.6.0', '183.82.113.202', '2016-10-08 12:56:57', '0000-00-00 00:00:00'),
	(771, 42, 'client', '42', NULL, 'Dalvik/2.1.0 (Linux; U; Android 5.1.1; C6902 Build/14.6.A.1.236)', '183.82.113.202', '2016-10-08 13:04:15', '0000-00-00 00:00:00'),
	(772, 42, 'client', '42', NULL, 'Lawyer/1 CFNetwork/808.0.2 Darwin/15.6.0', '183.82.113.202', '2016-10-08 13:10:31', '0000-00-00 00:00:00'),
	(773, 56, 'client', '56', NULL, 'Dalvik/2.1.0 (Linux; U; Android 5.1.1; C6902 Build/14.6.A.1.236)', '183.82.113.202', '2016-10-08 13:11:02', '0000-00-00 00:00:00'),
	(774, 42, 'client', '42', NULL, 'Lawyer/1 CFNetwork/758.5.3 Darwin/15.6.0', '183.82.113.202', '2016-10-08 13:21:32', '0000-00-00 00:00:00'),
	(775, 42, 'client', '42', NULL, 'Lawyer/1 CFNetwork/808.0.2 Darwin/15.6.0', '183.82.113.202', '2016-10-08 13:28:08', '0000-00-00 00:00:00'),
	(776, 42, 'client', '42', NULL, 'Lawyer/1 CFNetwork/808.0.2 Darwin/15.6.0', '183.82.113.202', '2016-10-08 13:28:11', '0000-00-00 00:00:00'),
	(777, 42, 'client', '42', NULL, 'Lawyer/1 CFNetwork/808.0.2 Darwin/15.6.0', '183.82.113.202', '2016-10-08 13:29:58', '0000-00-00 00:00:00'),
	(778, 42, 'client', '42', NULL, 'Lawyer/1 CFNetwork/808.0.2 Darwin/15.6.0', '183.82.113.202', '2016-10-08 13:31:42', '0000-00-00 00:00:00'),
	(779, 42, 'client', '42', NULL, 'Lawyer/1 CFNetwork/808.0.2 Darwin/15.6.0', '183.82.113.202', '2016-10-08 13:32:34', '0000-00-00 00:00:00'),
	(780, 42, 'client', '42', NULL, 'Lawyer/1 CFNetwork/808.0.2 Darwin/15.6.0', '183.82.113.202', '2016-10-08 13:35:33', '0000-00-00 00:00:00'),
	(781, 42, 'client', '42', NULL, 'Lawyer/1 CFNetwork/808.0.2 Darwin/15.6.0', '183.82.113.202', '2016-10-08 13:44:21', '0000-00-00 00:00:00'),
	(782, 42, 'client', '42', NULL, 'Lawyer/1 CFNetwork/808.0.2 Darwin/15.6.0', '183.82.113.202', '2016-10-08 14:00:08', '0000-00-00 00:00:00'),
	(783, 42, 'client', '42', NULL, 'Lawyer/1 CFNetwork/808.0.2 Darwin/15.6.0', '183.82.113.202', '2016-10-08 14:02:40', '0000-00-00 00:00:00'),
	(784, 42, 'client', '42', NULL, 'Lawyer/1 CFNetwork/808.0.2 Darwin/15.6.0', '183.82.113.202', '2016-10-08 14:04:22', '0000-00-00 00:00:00'),
	(785, 42, 'client', '42', NULL, 'Lawyer/1 CFNetwork/808.0.2 Darwin/15.6.0', '183.82.113.202', '2016-10-08 14:05:47', '0000-00-00 00:00:00'),
	(786, 42, 'client', '42', NULL, 'Lawyer/1 CFNetwork/808.0.2 Darwin/15.6.0', '183.82.113.202', '2016-10-08 14:07:27', '0000-00-00 00:00:00'),
	(787, 42, 'client', '42', NULL, 'Lawyer/1 CFNetwork/808.0.2 Darwin/15.6.0', '183.82.113.202', '2016-10-08 14:08:46', '0000-00-00 00:00:00'),
	(788, 42, 'client', '42', NULL, 'Lawyer/1 CFNetwork/808.0.2 Darwin/15.6.0', '183.82.113.202', '2016-10-08 14:09:45', '0000-00-00 00:00:00'),
	(789, 42, 'client', '42', NULL, 'Lawyer/1 CFNetwork/808.0.2 Darwin/15.6.0', '183.82.113.202', '2016-10-08 14:12:32', '0000-00-00 00:00:00'),
	(790, 42, 'client', '42', NULL, 'Lawyer/1 CFNetwork/808.0.2 Darwin/15.6.0', '183.82.113.202', '2016-10-08 14:13:58', '0000-00-00 00:00:00'),
	(791, 42, 'client', '42', NULL, 'Lawyer/1 CFNetwork/808.0.2 Darwin/15.6.0', '183.82.113.202', '2016-10-08 14:16:33', '0000-00-00 00:00:00'),
	(792, 42, 'client', '42', NULL, 'Lawyer/1 CFNetwork/808.0.2 Darwin/15.6.0', '183.82.113.202', '2016-10-08 14:16:39', '0000-00-00 00:00:00'),
	(793, 42, 'client', '42', NULL, 'Lawyer/1 CFNetwork/808.0.2 Darwin/15.6.0', '183.82.113.202', '2016-10-08 14:18:36', '0000-00-00 00:00:00'),
	(794, 42, 'client', '42', NULL, 'Lawyer/1 CFNetwork/808.0.2 Darwin/15.6.0', '183.82.113.202', '2016-10-08 14:19:38', '0000-00-00 00:00:00'),
	(795, 42, 'client', '42', NULL, 'Lawyer/1 CFNetwork/808.0.2 Darwin/15.6.0', '183.82.113.202', '2016-10-08 14:22:13', '0000-00-00 00:00:00'),
	(796, 42, 'client', '42', NULL, 'Lawyer/1 CFNetwork/808.0.2 Darwin/15.6.0', '183.82.113.202', '2016-10-08 14:23:13', '0000-00-00 00:00:00'),
	(797, 42, 'client', '42', NULL, 'Lawyer/1 CFNetwork/808.0.2 Darwin/15.6.0', '183.82.113.202', '2016-10-08 14:24:10', '0000-00-00 00:00:00'),
	(798, 42, 'client', '42', NULL, 'Lawyer/1 CFNetwork/808.0.2 Darwin/15.6.0', '183.82.113.202', '2016-10-08 14:24:35', '0000-00-00 00:00:00'),
	(799, 42, 'client', '42', NULL, 'Lawyer/1 CFNetwork/808.0.2 Darwin/15.6.0', '183.82.113.202', '2016-10-08 14:28:45', '0000-00-00 00:00:00'),
	(800, 42, 'client', '42', NULL, 'Lawyer/1 CFNetwork/808.0.2 Darwin/15.6.0', '183.82.113.202', '2016-10-08 14:35:24', '0000-00-00 00:00:00'),
	(801, 42, 'client', '42', NULL, 'Lawyer/1 CFNetwork/808.0.2 Darwin/15.6.0', '183.82.113.202', '2016-10-08 14:36:44', '0000-00-00 00:00:00'),
	(802, 42, 'client', '42', NULL, 'Lawyer/1 CFNetwork/808.0.2 Darwin/15.6.0', '183.82.113.202', '2016-10-08 14:37:59', '0000-00-00 00:00:00'),
	(803, 42, 'client', '42', NULL, 'Lawyer/1 CFNetwork/808.0.2 Darwin/15.6.0', '183.82.113.202', '2016-10-08 14:55:34', '0000-00-00 00:00:00'),
	(804, 42, 'client', '42', NULL, 'Lawyer/1 CFNetwork/808.0.2 Darwin/15.6.0', '183.82.113.202', '2016-10-08 14:55:43', '0000-00-00 00:00:00'),
	(805, 42, 'client', '42', NULL, 'Lawyer/1 CFNetwork/808.0.2 Darwin/15.6.0', '183.82.113.202', '2016-10-08 14:57:03', '0000-00-00 00:00:00'),
	(806, 42, 'client', '42', NULL, 'Lawyer/1 CFNetwork/808.0.2 Darwin/15.6.0', '183.82.113.202', '2016-10-08 15:54:43', '0000-00-00 00:00:00'),
	(807, 42, 'client', '42', NULL, 'Lawyer/1 CFNetwork/808.0.2 Darwin/15.6.0', '183.82.113.202', '2016-10-08 15:56:57', '0000-00-00 00:00:00'),
	(808, 42, 'client', '42', NULL, 'Lawyer/1 CFNetwork/808.0.2 Darwin/15.6.0', '183.82.113.202', '2016-10-08 16:00:32', '0000-00-00 00:00:00'),
	(809, 42, 'client', '42', NULL, 'Lawyer/1 CFNetwork/808.0.2 Darwin/15.6.0', '183.82.113.202', '2016-10-08 16:03:30', '0000-00-00 00:00:00'),
	(810, 42, 'client', '42', NULL, 'Lawyer/1 CFNetwork/808.0.2 Darwin/15.6.0', '183.82.113.202', '2016-10-08 16:04:27', '0000-00-00 00:00:00'),
	(811, 42, 'client', '42', NULL, 'Lawyer/1 CFNetwork/808.0.2 Darwin/15.6.0', '183.82.113.202', '2016-10-08 16:16:48', '0000-00-00 00:00:00'),
	(812, 42, 'client', '42', NULL, 'Lawyer/1 CFNetwork/808.0.2 Darwin/15.6.0', '183.82.113.202', '2016-10-08 16:32:31', '0000-00-00 00:00:00'),
	(813, 42, 'client', '42', NULL, 'Lawyer/1 CFNetwork/808.0.2 Darwin/15.6.0', '183.82.113.202', '2016-10-08 16:33:22', '0000-00-00 00:00:00'),
	(814, 42, 'client', '42', NULL, 'Lawyer/1 CFNetwork/808.0.2 Darwin/15.6.0', '183.82.113.202', '2016-10-08 16:35:37', '0000-00-00 00:00:00'),
	(815, 42, 'client', '42', NULL, 'Lawyer/1 CFNetwork/808.0.2 Darwin/15.6.0', '183.82.113.202', '2016-10-08 16:40:29', '0000-00-00 00:00:00'),
	(816, 42, 'client', '42', NULL, 'Lawyer/1 CFNetwork/808.0.2 Darwin/15.6.0', '183.82.113.202', '2016-10-08 16:43:24', '0000-00-00 00:00:00'),
	(817, 42, 'client', '42', NULL, 'Lawyer/1 CFNetwork/808.0.2 Darwin/15.6.0', '183.82.113.202', '2016-10-08 16:45:16', '0000-00-00 00:00:00'),
	(818, 42, 'client', '42', NULL, 'Lawyer/1 CFNetwork/808.0.2 Darwin/15.6.0', '117.98.152.109', '2016-10-08 22:36:40', '0000-00-00 00:00:00'),
	(819, 42, 'client', '42', NULL, 'Lawyer/1 CFNetwork/808.0.2 Darwin/15.6.0', '117.98.152.109', '2016-10-08 22:36:57', '0000-00-00 00:00:00'),
	(820, 42, 'client', '42', NULL, 'Lawyer/1 CFNetwork/808.0.2 Darwin/15.6.0', '117.98.152.109', '2016-10-08 22:57:28', '0000-00-00 00:00:00'),
	(821, 42, 'client', '42', NULL, 'Lawyer/1 CFNetwork/808.0.2 Darwin/15.6.0', '117.98.152.109', '2016-10-08 22:57:37', '0000-00-00 00:00:00'),
	(822, 42, 'client', '42', NULL, 'Lawyer/1 CFNetwork/808.0.2 Darwin/15.6.0', '117.98.218.141', '2016-10-09 13:17:00', '0000-00-00 00:00:00'),
	(823, 42, 'client', '42', NULL, 'Lawyer/1 CFNetwork/808.0.2 Darwin/15.6.0', '117.98.218.141', '2016-10-09 13:26:46', '0000-00-00 00:00:00'),
	(824, 42, 'client', '42', NULL, 'Lawyer/1 CFNetwork/808.0.2 Darwin/15.6.0', '117.98.218.141', '2016-10-09 13:35:24', '0000-00-00 00:00:00'),
	(825, 42, 'client', '42', NULL, 'Lawyer/1 CFNetwork/808.0.2 Darwin/15.6.0', '117.98.218.141', '2016-10-09 13:38:51', '0000-00-00 00:00:00'),
	(826, 42, 'client', '42', NULL, 'Lawyer/1 CFNetwork/808.0.2 Darwin/15.6.0', '117.98.218.141', '2016-10-09 13:43:17', '0000-00-00 00:00:00'),
	(827, 42, 'client', '42', NULL, 'Lawyer/1 CFNetwork/808.0.2 Darwin/15.6.0', '117.98.218.141', '2016-10-09 13:45:38', '0000-00-00 00:00:00'),
	(828, 42, 'client', '42', NULL, 'Lawyer/1 CFNetwork/808.0.2 Darwin/15.6.0', '117.98.218.141', '2016-10-09 13:45:42', '0000-00-00 00:00:00'),
	(829, 42, 'client', '42', NULL, 'Lawyer/1 CFNetwork/808.0.2 Darwin/15.6.0', '117.98.218.141', '2016-10-09 13:47:19', '0000-00-00 00:00:00'),
	(830, 42, 'client', '42', NULL, 'Lawyer/1 CFNetwork/808.0.2 Darwin/15.6.0', '117.98.218.141', '2016-10-09 14:05:02', '0000-00-00 00:00:00'),
	(831, 42, 'client', '42', NULL, 'Lawyer/1 CFNetwork/808.0.2 Darwin/15.6.0', '117.98.218.141', '2016-10-09 14:07:42', '0000-00-00 00:00:00'),
	(832, 42, 'client', '42', NULL, 'Lawyer/1 CFNetwork/808.0.2 Darwin/15.6.0', '117.98.218.141', '2016-10-09 14:08:09', '0000-00-00 00:00:00'),
	(833, 42, 'client', '42', NULL, 'Lawyer/1 CFNetwork/808.0.2 Darwin/15.6.0', '117.98.218.141', '2016-10-09 14:16:04', '0000-00-00 00:00:00'),
	(834, 42, 'client', '42', NULL, 'Lawyer/1 CFNetwork/808.0.2 Darwin/15.6.0', '117.98.218.141', '2016-10-09 14:18:08', '0000-00-00 00:00:00'),
	(835, 42, 'client', '42', NULL, 'Lawyer/1 CFNetwork/808.0.2 Darwin/15.6.0', '117.98.218.141', '2016-10-09 19:46:59', '0000-00-00 00:00:00'),
	(836, 42, 'client', '42', NULL, 'Lawyer/1 CFNetwork/808.0.2 Darwin/15.6.0', '117.98.218.141', '2016-10-09 20:05:23', '0000-00-00 00:00:00'),
	(837, 42, 'client', '42', NULL, 'Lawyer/1 CFNetwork/808.0.2 Darwin/15.6.0', '117.98.218.141', '2016-10-09 20:08:04', '0000-00-00 00:00:00'),
	(838, 42, 'client', '42', NULL, 'Lawyer/1 CFNetwork/808.0.2 Darwin/15.6.0', '117.98.218.141', '2016-10-09 20:17:32', '0000-00-00 00:00:00'),
	(839, 42, 'client', '42', NULL, 'Lawyer/1 CFNetwork/808.0.2 Darwin/15.6.0', '117.98.218.141', '2016-10-09 20:19:10', '0000-00-00 00:00:00'),
	(840, 42, 'client', '42', NULL, 'Lawyer/1 CFNetwork/808.0.2 Darwin/15.6.0', '117.98.218.141', '2016-10-09 20:27:58', '0000-00-00 00:00:00'),
	(841, 42, 'client', '42', NULL, 'Lawyer/1 CFNetwork/808.0.2 Darwin/15.6.0', '117.98.218.141', '2016-10-09 20:31:35', '0000-00-00 00:00:00'),
	(842, 42, 'client', '42', NULL, 'Lawyer/1 CFNetwork/808.0.2 Darwin/15.6.0', '117.98.218.141', '2016-10-09 20:32:57', '0000-00-00 00:00:00'),
	(843, 42, 'client', '42', NULL, 'Lawyer/1 CFNetwork/808.0.2 Darwin/15.6.0', '117.98.218.141', '2016-10-09 20:40:51', '0000-00-00 00:00:00'),
	(844, 42, 'client', '42', NULL, 'Lawyer/1 CFNetwork/808.0.2 Darwin/15.6.0', '117.98.218.141', '2016-10-09 20:44:00', '0000-00-00 00:00:00'),
	(845, 42, 'client', '42', NULL, 'Lawyer/1 CFNetwork/808.0.2 Darwin/15.6.0', '117.98.218.141', '2016-10-09 20:59:05', '0000-00-00 00:00:00'),
	(846, 42, 'client', '42', NULL, 'Lawyer/1 CFNetwork/808.0.2 Darwin/15.6.0', '117.98.218.141', '2016-10-09 22:38:28', '0000-00-00 00:00:00'),
	(847, 42, 'client', '42', NULL, 'Lawyer/1 CFNetwork/808.0.2 Darwin/15.6.0', '117.98.218.141', '2016-10-09 22:40:58', '0000-00-00 00:00:00'),
	(848, 42, 'client', '42', NULL, 'Lawyer/1 CFNetwork/808.0.2 Darwin/15.6.0', '117.98.218.141', '2016-10-09 22:46:49', '0000-00-00 00:00:00'),
	(849, 42, 'client', '42', NULL, 'Lawyer/1 CFNetwork/808.0.2 Darwin/15.6.0', '117.98.218.141', '2016-10-09 23:04:51', '0000-00-00 00:00:00'),
	(850, 42, 'client', '42', NULL, 'Lawyer/1 CFNetwork/808.0.2 Darwin/15.6.0', '117.98.218.141', '2016-10-09 23:08:32', '0000-00-00 00:00:00'),
	(851, 42, 'client', '42', NULL, 'Lawyer/1 CFNetwork/808.0.2 Darwin/15.6.0', '117.98.218.141', '2016-10-09 23:10:59', '0000-00-00 00:00:00'),
	(852, 42, 'client', '42', NULL, 'Lawyer/1 CFNetwork/808.0.2 Darwin/15.6.0', '117.98.218.141', '2016-10-09 23:13:08', '0000-00-00 00:00:00'),
	(853, 42, 'client', '42', NULL, 'Lawyer/1 CFNetwork/808.0.2 Darwin/15.6.0', '117.98.218.141', '2016-10-09 23:14:13', '0000-00-00 00:00:00'),
	(854, 42, 'client', '42', NULL, 'Lawyer/1 CFNetwork/808.0.2 Darwin/15.6.0', '117.98.218.141', '2016-10-09 23:15:56', '0000-00-00 00:00:00'),
	(855, 42, 'client', '42', NULL, 'Lawyer/1 CFNetwork/808.0.2 Darwin/15.6.0', '117.98.218.141', '2016-10-09 23:20:09', '0000-00-00 00:00:00'),
	(856, 42, 'client', '42', NULL, 'Lawyer/1 CFNetwork/808.0.2 Darwin/15.6.0', '117.98.218.141', '2016-10-09 23:23:01', '0000-00-00 00:00:00'),
	(857, 42, 'client', '42', NULL, 'Lawyer/1 CFNetwork/808.0.2 Darwin/15.6.0', '117.98.218.141', '2016-10-09 23:27:15', '0000-00-00 00:00:00'),
	(858, 42, 'client', '42', NULL, 'Lawyer/1 CFNetwork/808.0.2 Darwin/15.6.0', '117.98.218.141', '2016-10-09 23:30:15', '0000-00-00 00:00:00'),
	(859, 42, 'client', '42', NULL, 'Lawyer/1 CFNetwork/808.0.2 Darwin/15.6.0', '117.98.218.141', '2016-10-09 23:32:31', '0000-00-00 00:00:00'),
	(860, 42, 'client', '42', NULL, 'Lawyer/1 CFNetwork/808.0.2 Darwin/15.6.0', '117.98.218.141', '2016-10-09 23:35:46', '0000-00-00 00:00:00'),
	(861, 42, 'client', '42', NULL, 'Lawyer/1 CFNetwork/808.0.2 Darwin/15.6.0', '117.98.218.141', '2016-10-09 23:38:15', '0000-00-00 00:00:00'),
	(862, 42, 'client', '42', NULL, 'Lawyer/1 CFNetwork/808.0.2 Darwin/15.6.0', '117.98.218.141', '2016-10-09 23:40:57', '0000-00-00 00:00:00'),
	(863, 42, 'client', '42', NULL, 'Lawyer/1 CFNetwork/808.0.2 Darwin/15.6.0', '117.98.218.141', '2016-10-09 23:46:45', '0000-00-00 00:00:00'),
	(864, 42, 'client', '42', NULL, 'Lawyer/1 CFNetwork/808.0.2 Darwin/15.6.0', '117.98.145.171', '2016-10-10 19:13:16', '0000-00-00 00:00:00'),
	(865, 42, 'client', '42', NULL, 'Lawyer/1 CFNetwork/808.0.2 Darwin/15.6.0', '117.98.145.171', '2016-10-10 23:39:43', '0000-00-00 00:00:00'),
	(866, 42, 'client', '42', NULL, 'Lawyer/1 CFNetwork/808.0.2 Darwin/15.6.0', '117.98.145.171', '2016-10-10 23:53:00', '0000-00-00 00:00:00'),
	(867, 42, 'client', '42', NULL, 'Lawyer/1 CFNetwork/808.0.2 Darwin/15.6.0', '117.98.145.171', '2016-10-11 00:03:38', '0000-00-00 00:00:00'),
	(868, 42, 'client', '42', NULL, 'User/1 CFNetwork/808.0.2 Darwin/15.6.0', '117.98.145.171', '2016-10-11 01:09:52', '0000-00-00 00:00:00'),
	(869, 42, 'client', '42', NULL, 'User/1 CFNetwork/808.0.2 Darwin/15.6.0', '117.98.145.171', '2016-10-11 01:15:08', '0000-00-00 00:00:00'),
	(870, 42, 'client', '42', NULL, 'User/1 CFNetwork/808.0.2 Darwin/15.6.0', '117.98.145.171', '2016-10-11 01:18:15', '0000-00-00 00:00:00'),
	(871, 42, 'client', '42', NULL, 'User/1 CFNetwork/808.0.2 Darwin/15.6.0', '117.98.145.171', '2016-10-11 01:32:23', '0000-00-00 00:00:00'),
	(872, 42, 'client', '42', NULL, 'Lawyer/1 CFNetwork/808.0.2 Darwin/15.6.0', '117.98.145.171', '2016-10-11 01:34:44', '0000-00-00 00:00:00'),
	(873, 42, 'client', '42', NULL, 'Lawyer/1 CFNetwork/808.0.2 Darwin/15.6.0', '117.98.145.171', '2016-10-11 01:47:45', '0000-00-00 00:00:00'),
	(874, 42, 'client', '42', NULL, 'Lawyer/1 CFNetwork/808.0.2 Darwin/15.6.0', '117.98.145.171', '2016-10-11 01:49:18', '0000-00-00 00:00:00'),
	(875, 54, 'client', '54', NULL, 'Dalvik/2.1.0 (Linux; U; Android 6.0.1; Nexus 5 Build/M4B30X)', '202.78.251.151', '2016-10-12 10:29:51', '0000-00-00 00:00:00'),
	(876, 57, 'client', '57', NULL, 'Mozilla/5.0 (Windows NT 10.0; Win64; x64) AppleWebKit/537.36 (KHTML, like Gecko) Chrome/53.0.2785.143 Safari/537.36', '202.78.251.130', '2016-10-12 11:50:38', '0000-00-00 00:00:00'),
	(877, 57, 'client', '57', NULL, 'Dalvik/2.1.0 (Linux; U; Android 6.0.1; Nexus 5 Build/M4B30X)', '202.78.251.151', '2016-10-12 11:51:18', '0000-00-00 00:00:00'),
	(878, 57, 'client', '57', NULL, 'Mozilla/5.0 (Windows NT 10.0; Win64; x64) AppleWebKit/537.36 (KHTML, like Gecko) Chrome/53.0.2785.143 Safari/537.36', '202.78.251.130', '2016-10-12 11:54:03', '0000-00-00 00:00:00'),
	(879, 57, 'client', '57', NULL, 'Dalvik/2.1.0 (Linux; U; Android 6.0.1; Nexus 5 Build/M4B30X)', '202.78.251.151', '2016-10-12 11:54:28', '0000-00-00 00:00:00'),
	(880, 57, 'client', '57', NULL, 'Dalvik/2.1.0 (Linux; U; Android 5.0.1; MicromaxP480 Build/LRX21M)', '202.78.251.151', '2016-10-12 14:20:13', '0000-00-00 00:00:00'),
	(881, 54, 'client', '54', NULL, 'Dalvik/2.1.0 (Linux; U; Android 5.0.1; MicromaxP480 Build/LRX21M)', '202.78.251.151', '2016-10-12 15:49:14', '0000-00-00 00:00:00'),
	(882, 42, 'client', '42', NULL, 'Lawyer/1 CFNetwork/808.0.2 Darwin/15.6.0', '117.98.145.171', '2016-10-12 23:11:15', '0000-00-00 00:00:00'),
	(883, 42, 'client', '42', NULL, 'Lawyer/1 CFNetwork/808.0.2 Darwin/15.6.0', '117.98.145.171', '2016-10-12 23:33:12', '0000-00-00 00:00:00'),
	(884, 42, 'client', '42', NULL, 'Lawyer/1 CFNetwork/808.0.2 Darwin/15.6.0', '117.98.145.171', '2016-10-12 23:56:41', '0000-00-00 00:00:00'),
	(885, 42, 'client', '42', NULL, 'Lawyer/1 CFNetwork/808.0.2 Darwin/15.6.0', '117.98.145.171', '2016-10-13 00:45:44', '0000-00-00 00:00:00'),
	(886, 42, 'client', '42', NULL, 'Lawyer/1 CFNetwork/808.0.2 Darwin/15.6.0', '117.98.145.171', '2016-10-13 00:50:42', '0000-00-00 00:00:00'),
	(887, 42, 'client', '42', NULL, 'Lawyer/1 CFNetwork/808.0.2 Darwin/15.6.0', '117.98.145.171', '2016-10-13 00:55:25', '0000-00-00 00:00:00'),
	(888, 42, 'client', '42', NULL, 'Lawyer/1 CFNetwork/808.0.2 Darwin/15.6.0', '117.98.145.171', '2016-10-13 01:07:38', '0000-00-00 00:00:00'),
	(889, 42, 'client', '42', NULL, 'Lawyer/1 CFNetwork/808.0.2 Darwin/15.6.0', '117.98.145.171', '2016-10-13 01:09:44', '0000-00-00 00:00:00'),
	(890, 42, 'client', '42', NULL, 'Lawyer/1 CFNetwork/808.0.2 Darwin/15.6.0', '117.98.145.171', '2016-10-13 01:11:09', '0000-00-00 00:00:00'),
	(891, 42, 'client', '42', NULL, 'Lawyer/1 CFNetwork/808.0.2 Darwin/15.6.0', '117.98.145.171', '2016-10-13 01:19:26', '0000-00-00 00:00:00'),
	(892, 54, 'client', '54', NULL, 'Dalvik/2.1.0 (Linux; U; Android 6.0.1; Nexus 5 Build/M4B30X)', '202.78.251.151', '2016-10-14 12:20:02', '0000-00-00 00:00:00'),
	(893, 54, 'client', '54', NULL, 'Dalvik/2.1.0 (Linux; U; Android 6.0.1; Nexus 5 Build/M4B30X)', '202.78.251.151', '2016-10-15 11:59:18', '0000-00-00 00:00:00'),
	(894, 1, 'client', '1', NULL, 'Dalvik/2.1.0 (Linux; U; Android 6.0.1; SM-G900F Build/MMB29M)', '93.168.236.51', '2016-10-15 21:11:55', '0000-00-00 00:00:00'),
	(895, 58, 'client', '58', NULL, 'Dalvik/2.1.0 (Linux; U; Android 6.0.1; SM-G900F Build/MMB29M)', '93.168.236.51', '2016-10-15 21:12:45', '0000-00-00 00:00:00'),
	(896, 58, 'client', '58', NULL, 'Dalvik/2.1.0 (Linux; U; Android 6.0.1; F8332 Build/39.0.A.1.250)', '49.207.135.135', '2016-10-15 21:22:35', '0000-00-00 00:00:00'),
	(897, 54, 'client', '54', NULL, 'Dalvik/1.6.0 (Linux; U; Android 4.4.2; Brace-X1 Build/KOT49H)', '202.78.251.151', '2016-10-17 10:30:33', '0000-00-00 00:00:00'),
	(898, 54, 'client', '54', NULL, 'Dalvik/2.1.0 (Linux; U; Android 6.0.1; Nexus 5 Build/M4B30X)', '202.78.251.151', '2016-10-17 16:55:42', '0000-00-00 00:00:00'),
	(899, 42, 'client', '42', NULL, 'Lawyer/1 CFNetwork/808.0.2 Darwin/15.6.0', '117.98.223.23', '2016-10-18 15:12:29', '0000-00-00 00:00:00'),
	(900, 42, 'client', '42', NULL, 'Lawyer/1 CFNetwork/808.0.2 Darwin/15.6.0', '117.98.223.23', '2016-10-18 15:59:32', '0000-00-00 00:00:00'),
	(901, 42, 'client', '42', NULL, 'Lawyer/1 CFNetwork/808.0.2 Darwin/15.6.0', '117.98.223.23', '2016-10-18 22:12:35', '0000-00-00 00:00:00'),
	(902, 42, 'client', '42', NULL, 'Lawyer/1 CFNetwork/808.0.2 Darwin/15.6.0', '117.98.223.23', '2016-10-18 22:15:31', '0000-00-00 00:00:00'),
	(903, 42, 'client', '42', NULL, 'Lawyer/1 CFNetwork/808.0.2 Darwin/15.6.0', '117.98.223.23', '2016-10-18 22:16:01', '0000-00-00 00:00:00'),
	(904, 42, 'client', '42', NULL, 'User/1 CFNetwork/808.0.2 Darwin/15.6.0', '117.98.223.23', '2016-10-18 22:18:52', '0000-00-00 00:00:00'),
	(905, 42, 'client', '42', NULL, 'User/1 CFNetwork/808.0.2 Darwin/15.6.0', '117.98.223.23', '2016-10-18 22:25:58', '0000-00-00 00:00:00'),
	(906, 42, 'client', '42', NULL, 'User/1 CFNetwork/808.0.2 Darwin/15.6.0', '117.98.223.23', '2016-10-18 22:26:30', '0000-00-00 00:00:00'),
	(907, 42, 'client', '42', NULL, 'User/1 CFNetwork/808.0.2 Darwin/15.6.0', '117.98.223.23', '2016-10-18 22:27:33', '0000-00-00 00:00:00'),
	(908, 42, 'client', '42', NULL, 'User/1 CFNetwork/808.0.2 Darwin/15.6.0', '117.98.223.23', '2016-10-18 22:27:44', '0000-00-00 00:00:00'),
	(909, 42, 'client', '42', NULL, 'User/1 CFNetwork/808.0.2 Darwin/15.6.0', '117.98.223.23', '2016-10-18 22:27:55', '0000-00-00 00:00:00'),
	(910, 42, 'client', '42', NULL, 'Lawyer/1 CFNetwork/808.0.2 Darwin/15.5.0', '183.82.98.119', '2016-10-19 19:04:52', '0000-00-00 00:00:00'),
	(911, 42, 'client', '42', NULL, 'User/1 CFNetwork/808.0.2 Darwin/15.5.0', '183.82.98.119', '2016-10-19 19:08:46', '0000-00-00 00:00:00'),
	(912, 42, 'client', '42', NULL, 'Lawyer/1 CFNetwork/808.0.2 Darwin/15.5.0', '183.82.98.119', '2016-10-19 19:10:00', '0000-00-00 00:00:00'),
	(913, 42, 'client', '42', NULL, 'Lawyer/1 CFNetwork/808.0.2 Darwin/15.5.0', '183.82.98.119', '2016-10-19 19:14:22', '0000-00-00 00:00:00'),
	(914, 42, 'client', '42', NULL, 'Lawyer/1 CFNetwork/808.0.2 Darwin/15.5.0', '183.82.98.119', '2016-10-19 19:22:14', '0000-00-00 00:00:00'),
	(915, 42, 'client', '42', NULL, 'Lawyer/1 CFNetwork/808.0.2 Darwin/15.5.0', '183.82.98.119', '2016-10-19 19:23:53', '0000-00-00 00:00:00'),
	(916, 42, 'client', '42', NULL, 'Lawyer/1 CFNetwork/808.0.2 Darwin/15.5.0', '183.82.98.119', '2016-10-19 19:29:27', '0000-00-00 00:00:00'),
	(917, 42, 'client', '42', NULL, 'Lawyer/1 CFNetwork/808.0.2 Darwin/15.5.0', '183.82.98.119', '2016-10-19 19:46:15', '0000-00-00 00:00:00'),
	(918, 42, 'client', '42', NULL, 'Lawyer/1 CFNetwork/808.0.2 Darwin/15.5.0', '183.82.98.119', '2016-10-19 19:48:39', '0000-00-00 00:00:00'),
	(919, 42, 'client', '42', NULL, 'Lawyer/1 CFNetwork/808.0.2 Darwin/15.5.0', '183.82.98.119', '2016-10-19 20:31:55', '0000-00-00 00:00:00'),
	(920, 42, 'client', '42', NULL, 'User/1 CFNetwork/808.0.2 Darwin/15.5.0', '183.82.98.119', '2016-10-19 20:44:13', '0000-00-00 00:00:00'),
	(921, 42, 'client', '42', NULL, 'User/1 CFNetwork/808.0.2 Darwin/15.5.0', '183.82.98.119', '2016-10-19 20:48:39', '0000-00-00 00:00:00'),
	(922, 42, 'client', '42', NULL, 'User/1 CFNetwork/808.0.2 Darwin/15.5.0', '183.82.98.119', '2016-10-19 20:52:00', '0000-00-00 00:00:00'),
	(923, 42, 'client', '42', NULL, 'User/1 CFNetwork/808.0.2 Darwin/15.5.0', '183.82.98.119', '2016-10-19 20:55:00', '0000-00-00 00:00:00'),
	(924, 42, 'client', '42', NULL, 'Lawyer/1 CFNetwork/808.0.2 Darwin/15.6.0', '117.98.148.191', '2016-10-19 22:48:55', '0000-00-00 00:00:00'),
	(925, 42, 'client', '42', NULL, 'Lawyer/1 CFNetwork/808.0.2 Darwin/15.6.0', '117.98.148.191', '2016-10-20 09:48:50', '0000-00-00 00:00:00'),
	(926, 42, 'client', '42', NULL, 'Lawyer/1 CFNetwork/808.0.2 Darwin/15.6.0', '117.98.148.191', '2016-10-20 09:56:04', '0000-00-00 00:00:00'),
	(927, 42, 'client', '42', NULL, 'Lawyer/1 CFNetwork/808.0.2 Darwin/15.6.0', '117.98.148.191', '2016-10-20 09:59:48', '0000-00-00 00:00:00'),
	(928, 42, 'client', '42', NULL, 'User/1 CFNetwork/808.0.2 Darwin/15.6.0', '117.98.148.191', '2016-10-20 12:00:57', '0000-00-00 00:00:00'),
	(929, 42, 'client', '42', NULL, 'User/1 CFNetwork/808.0.2 Darwin/15.6.0', '117.98.148.191', '2016-10-20 12:06:26', '0000-00-00 00:00:00'),
	(930, 42, 'client', '42', NULL, 'User/1 CFNetwork/808.0.2 Darwin/15.6.0', '117.98.148.191', '2016-10-20 12:07:34', '0000-00-00 00:00:00'),
	(931, 42, 'client', '42', NULL, 'User/1 CFNetwork/808.0.2 Darwin/15.6.0', '117.98.148.191', '2016-10-20 12:11:33', '0000-00-00 00:00:00'),
	(932, 42, 'client', '42', NULL, 'User/1 CFNetwork/808.0.2 Darwin/15.5.0', '183.82.98.119', '2016-10-20 19:15:27', '0000-00-00 00:00:00'),
	(933, 42, 'client', '42', NULL, 'Lawyer/1 CFNetwork/808.0.2 Darwin/15.5.0', '183.82.98.119', '2016-10-20 19:19:45', '0000-00-00 00:00:00'),
	(934, 42, 'client', '42', NULL, 'User/1 CFNetwork/808.0.2 Darwin/15.5.0', '183.82.98.119', '2016-10-20 19:21:35', '0000-00-00 00:00:00'),
	(935, 42, 'client', '42', NULL, 'User/1 CFNetwork/808.0.2 Darwin/15.5.0', '183.82.98.119', '2016-10-20 19:39:47', '0000-00-00 00:00:00'),
	(936, 42, 'client', '42', NULL, 'User/1 CFNetwork/808.0.2 Darwin/15.5.0', '183.82.98.119', '2016-10-20 19:50:44', '0000-00-00 00:00:00'),
	(937, 42, 'client', '42', NULL, 'User/1 CFNetwork/808.0.2 Darwin/15.5.0', '183.82.98.119', '2016-10-20 19:57:05', '0000-00-00 00:00:00'),
	(938, 42, 'client', '42', NULL, 'User/1 CFNetwork/808.0.2 Darwin/15.5.0', '183.82.98.119', '2016-10-20 20:11:51', '0000-00-00 00:00:00'),
	(939, 42, 'client', '42', NULL, 'User/1 CFNetwork/808.0.2 Darwin/15.5.0', '183.82.98.119', '2016-10-20 20:19:07', '0000-00-00 00:00:00'),
	(940, 42, 'client', '42', NULL, 'User/1 CFNetwork/808.0.2 Darwin/15.5.0', '183.82.98.119', '2016-10-20 20:28:59', '0000-00-00 00:00:00'),
	(941, 42, 'client', '42', NULL, 'User/1 CFNetwork/808.0.2 Darwin/15.5.0', '183.82.98.119', '2016-10-20 20:36:17', '0000-00-00 00:00:00'),
	(942, 42, 'client', '42', NULL, 'User/1 CFNetwork/808.0.2 Darwin/15.5.0', '183.82.98.119', '2016-10-20 20:45:18', '0000-00-00 00:00:00'),
	(943, 42, 'client', '42', NULL, 'User/1 CFNetwork/808.0.2 Darwin/15.5.0', '183.82.98.119', '2016-10-20 20:47:59', '0000-00-00 00:00:00'),
	(944, 42, 'client', '42', NULL, 'User/1 CFNetwork/808.0.2 Darwin/15.5.0', '183.82.98.119', '2016-10-20 20:54:19', '0000-00-00 00:00:00'),
	(945, 42, 'client', '42', NULL, 'User/1 CFNetwork/808.0.2 Darwin/15.5.0', '183.82.98.119', '2016-10-20 20:55:43', '0000-00-00 00:00:00'),
	(946, 42, 'client', '42', NULL, 'Lawyer/1 CFNetwork/808.0.2 Darwin/15.5.0', '183.82.98.119', '2016-10-20 20:57:32', '0000-00-00 00:00:00'),
	(947, 42, 'client', '42', NULL, 'User/1 CFNetwork/808.0.2 Darwin/15.5.0', '183.82.98.119', '2016-10-20 21:00:02', '0000-00-00 00:00:00'),
	(948, 42, 'client', '42', NULL, 'Lawyer/1 CFNetwork/808.0.2 Darwin/15.6.0', '117.98.204.19', '2016-10-20 23:25:33', '0000-00-00 00:00:00'),
	(949, 42, 'client', '42', NULL, 'Lawyer/1 CFNetwork/808.0.2 Darwin/15.6.0', '117.98.204.19', '2016-10-20 23:54:25', '0000-00-00 00:00:00'),
	(950, 42, 'client', '42', NULL, 'Lawyer/1 CFNetwork/808.0.2 Darwin/15.6.0', '117.98.204.19', '2016-10-21 00:01:23', '0000-00-00 00:00:00'),
	(951, 42, 'client', '42', NULL, 'Lawyer/1 CFNetwork/808.0.2 Darwin/15.6.0', '117.98.204.19', '2016-10-21 00:15:25', '0000-00-00 00:00:00'),
	(952, 42, 'client', '42', NULL, 'Lawyer/1 CFNetwork/808.0.2 Darwin/15.6.0', '117.98.204.19', '2016-10-21 00:19:03', '0000-00-00 00:00:00'),
	(953, 42, 'client', '42', NULL, 'Lawyer/1 CFNetwork/808.0.2 Darwin/15.6.0', '117.98.204.19', '2016-10-21 00:23:21', '0000-00-00 00:00:00'),
	(954, 42, 'client', '42', NULL, 'Lawyer/1 CFNetwork/808.0.2 Darwin/15.6.0', '117.98.204.19', '2016-10-21 00:30:57', '0000-00-00 00:00:00'),
	(955, 42, 'client', '42', NULL, 'Lawyer/1 CFNetwork/808.0.2 Darwin/15.6.0', '117.98.204.19', '2016-10-21 00:38:36', '0000-00-00 00:00:00'),
	(956, 42, 'client', '42', NULL, 'Lawyer/1 CFNetwork/808.0.2 Darwin/15.6.0', '117.98.204.19', '2016-10-21 00:40:13', '0000-00-00 00:00:00'),
	(957, 42, 'client', '42', NULL, 'Lawyer/1 CFNetwork/808.0.2 Darwin/15.5.0', '183.82.98.119', '2016-10-21 16:30:09', '0000-00-00 00:00:00'),
	(958, 42, 'client', '42', NULL, 'Lawyer/1 CFNetwork/808.0.2 Darwin/15.5.0', '183.82.98.119', '2016-10-21 16:34:25', '0000-00-00 00:00:00'),
	(959, 42, 'client', '42', NULL, 'Lawyer/1 CFNetwork/808.0.2 Darwin/15.5.0', '183.82.98.119', '2016-10-21 16:38:26', '0000-00-00 00:00:00'),
	(960, 42, 'client', '42', NULL, 'Lawyer/1 CFNetwork/808.0.2 Darwin/15.5.0', '183.82.98.119', '2016-10-21 16:41:32', '0000-00-00 00:00:00'),
	(961, 42, 'client', '42', NULL, 'Lawyer/1 CFNetwork/758.5.3 Darwin/15.6.0', '117.98.204.19', '2016-10-22 10:42:28', '0000-00-00 00:00:00'),
	(962, 42, 'client', '42', NULL, 'Lawyer/1 CFNetwork/758.5.3 Darwin/15.6.0', '117.98.204.19', '2016-10-22 10:49:58', '0000-00-00 00:00:00'),
	(963, 42, 'client', '42', NULL, 'Lawyer/1 CFNetwork/758.5.3 Darwin/15.6.0', '117.98.204.19', '2016-10-22 10:52:49', '0000-00-00 00:00:00'),
	(964, 42, 'client', '42', NULL, 'Lawyer/1 CFNetwork/808.0.2 Darwin/15.6.0', '117.98.204.19', '2016-10-22 13:11:21', '0000-00-00 00:00:00'),
	(965, 42, 'client', '42', NULL, 'Lawyer/1 CFNetwork/808.0.2 Darwin/15.6.0', '117.98.204.19', '2016-10-22 13:17:50', '0000-00-00 00:00:00'),
	(966, 42, 'client', '42', NULL, 'Lawyer/1 CFNetwork/808.0.2 Darwin/15.6.0', '117.98.204.19', '2016-10-22 13:21:18', '0000-00-00 00:00:00'),
	(967, 42, 'client', '42', NULL, 'Lawyer/1 CFNetwork/808.0.2 Darwin/15.6.0', '117.98.204.19', '2016-10-22 13:24:44', '0000-00-00 00:00:00'),
	(968, 42, 'client', '42', NULL, 'Lawyer/1 CFNetwork/808.0.2 Darwin/15.6.0', '117.98.204.19', '2016-10-22 13:27:59', '0000-00-00 00:00:00'),
	(969, 42, 'client', '42', NULL, 'Lawyer/1 CFNetwork/808.0.2 Darwin/15.6.0', '117.98.204.19', '2016-10-22 13:29:27', '0000-00-00 00:00:00'),
	(970, 42, 'client', '42', NULL, 'Lawyer/1 CFNetwork/808.0.2 Darwin/15.6.0', '183.82.98.119', '2016-10-22 14:29:46', '0000-00-00 00:00:00'),
	(971, 42, 'client', '42', NULL, 'Lawyer/1 CFNetwork/808.0.2 Darwin/15.6.0', '183.82.98.119', '2016-10-22 14:32:06', '0000-00-00 00:00:00'),
	(972, 42, 'client', '42', NULL, 'Dalvik/2.1.0 (Linux; U; Android 5.1; XT1033 Build/LPBS23.13-56-2)', '183.82.98.119', '2016-10-22 14:32:32', '0000-00-00 00:00:00'),
	(973, 42, 'client', '42', NULL, 'Lawyer/1 CFNetwork/808.0.2 Darwin/15.6.0', '183.82.98.119', '2016-10-22 14:38:46', '0000-00-00 00:00:00'),
	(974, 42, 'client', '42', NULL, 'Lawyer/1 CFNetwork/808.0.2 Darwin/15.6.0', '183.82.98.119', '2016-10-22 14:43:22', '0000-00-00 00:00:00'),
	(975, 42, 'client', '42', NULL, 'Lawyer/1 CFNetwork/808.0.2 Darwin/15.6.0', '183.82.98.119', '2016-10-22 14:48:14', '0000-00-00 00:00:00'),
	(976, 42, 'client', '42', NULL, 'Lawyer/1 CFNetwork/808.0.2 Darwin/15.6.0', '183.82.98.119', '2016-10-22 14:51:12', '0000-00-00 00:00:00'),
	(977, 42, 'client', '42', NULL, 'Lawyer/1 CFNetwork/808.0.2 Darwin/15.6.0', '183.82.98.119', '2016-10-22 15:00:42', '0000-00-00 00:00:00'),
	(978, 42, 'client', '42', NULL, 'Lawyer/1 CFNetwork/808.0.2 Darwin/15.6.0', '183.82.98.119', '2016-10-22 15:02:21', '0000-00-00 00:00:00'),
	(979, 42, 'client', '42', NULL, 'Lawyer/1 CFNetwork/808.0.2 Darwin/15.6.0', '183.82.98.119', '2016-10-22 15:04:34', '0000-00-00 00:00:00'),
	(980, 42, 'client', '42', NULL, 'Lawyer/1 CFNetwork/808.0.2 Darwin/15.6.0', '183.82.98.119', '2016-10-22 15:05:59', '0000-00-00 00:00:00'),
	(981, 42, 'client', '42', NULL, 'Lawyer/1 CFNetwork/808.0.2 Darwin/15.6.0', '183.82.98.119', '2016-10-22 15:10:04', '0000-00-00 00:00:00'),
	(982, 42, 'client', '42', NULL, 'Lawyer/1 CFNetwork/808.0.2 Darwin/15.6.0', '183.82.98.119', '2016-10-22 15:20:31', '0000-00-00 00:00:00'),
	(983, 42, 'client', '42', NULL, 'Lawyer/1 CFNetwork/808.0.2 Darwin/15.6.0', '183.82.98.119', '2016-10-22 15:22:03', '0000-00-00 00:00:00'),
	(984, 42, 'client', '42', NULL, 'Lawyer/1 CFNetwork/808.0.2 Darwin/15.6.0', '183.82.98.119', '2016-10-22 15:23:53', '0000-00-00 00:00:00'),
	(985, 42, 'client', '42', NULL, 'Lawyer/1 CFNetwork/808.0.2 Darwin/15.6.0', '183.82.98.119', '2016-10-22 15:25:46', '0000-00-00 00:00:00'),
	(986, 42, 'client', '42', NULL, 'Lawyer/1 CFNetwork/808.0.2 Darwin/15.6.0', '183.82.98.119', '2016-10-22 15:31:45', '0000-00-00 00:00:00'),
	(987, 42, 'client', '42', NULL, 'Lawyer/1 CFNetwork/808.0.2 Darwin/15.6.0', '183.82.98.119', '2016-10-22 15:37:49', '0000-00-00 00:00:00'),
	(988, 42, 'client', '42', NULL, 'Lawyer/1 CFNetwork/808.0.2 Darwin/15.6.0', '183.82.98.119', '2016-10-22 15:38:10', '0000-00-00 00:00:00'),
	(989, 42, 'client', '42', NULL, 'Lawyer/1 CFNetwork/808.0.2 Darwin/15.6.0', '183.82.98.119', '2016-10-22 15:56:28', '0000-00-00 00:00:00'),
	(990, 42, 'client', '42', NULL, 'Lawyer/1 CFNetwork/808.0.2 Darwin/15.6.0', '183.82.98.119', '2016-10-22 16:04:31', '0000-00-00 00:00:00'),
	(991, 42, 'client', '42', NULL, 'Lawyer/1 CFNetwork/808.0.2 Darwin/15.6.0', '183.82.98.119', '2016-10-22 16:07:30', '0000-00-00 00:00:00'),
	(992, 42, 'client', '42', NULL, 'Lawyer/1 CFNetwork/808.0.2 Darwin/15.6.0', '183.82.98.119', '2016-10-22 16:13:40', '0000-00-00 00:00:00'),
	(993, 42, 'client', '42', NULL, 'Lawyer/1 CFNetwork/808.0.2 Darwin/15.6.0', '183.82.98.119', '2016-10-22 16:13:44', '0000-00-00 00:00:00'),
	(994, 42, 'client', '42', NULL, 'Lawyer/1 CFNetwork/808.0.2 Darwin/15.5.0', '183.82.98.119', '2016-10-22 16:18:14', '0000-00-00 00:00:00'),
	(995, 42, 'client', '42', NULL, 'Lawyer/1 CFNetwork/808.0.2 Darwin/15.5.0', '183.82.98.119', '2016-10-22 16:24:42', '0000-00-00 00:00:00'),
	(996, 42, 'client', '42', NULL, 'Lawyer/1 CFNetwork/808.0.2 Darwin/15.5.0', '183.82.98.119', '2016-10-22 16:25:27', '0000-00-00 00:00:00'),
	(997, 42, 'client', '42', NULL, 'Lawyer/1 CFNetwork/808.0.2 Darwin/15.5.0', '183.82.98.119', '2016-10-22 16:28:52', '0000-00-00 00:00:00'),
	(998, 42, 'client', '42', NULL, 'User/1 CFNetwork/808.0.2 Darwin/15.6.0', '183.82.98.119', '2016-10-22 16:33:51', '0000-00-00 00:00:00'),
	(999, 42, 'client', '42', NULL, 'Lawyer/1 CFNetwork/808.0.2 Darwin/15.5.0', '183.82.98.119', '2016-10-22 16:34:41', '0000-00-00 00:00:00'),
	(1000, 42, 'client', '42', NULL, 'Lawyer/1 CFNetwork/808.0.2 Darwin/15.5.0', '183.82.98.119', '2016-10-22 16:36:21', '0000-00-00 00:00:00'),
	(1001, 42, 'client', '42', NULL, 'User/1 CFNetwork/808.0.2 Darwin/15.6.0', '183.82.98.119', '2016-10-22 16:39:07', '0000-00-00 00:00:00'),
	(1002, 42, 'client', '42', NULL, 'Lawyer/1 CFNetwork/808.0.2 Darwin/15.5.0', '183.82.98.119', '2016-10-22 16:42:17', '0000-00-00 00:00:00'),
	(1003, 42, 'client', '42', NULL, 'Lawyer/1 CFNetwork/808.0.2 Darwin/15.5.0', '183.82.98.119', '2016-10-22 16:44:49', '0000-00-00 00:00:00'),
	(1004, 42, 'client', '42', NULL, 'Lawyer/1 CFNetwork/808.0.2 Darwin/15.5.0', '183.82.98.119', '2016-10-22 16:51:01', '0000-00-00 00:00:00'),
	(1005, 42, 'client', '42', NULL, 'User/1 CFNetwork/808.0.2 Darwin/15.6.0', '183.82.98.119', '2016-10-22 16:53:02', '0000-00-00 00:00:00'),
	(1006, 42, 'client', '42', NULL, 'Lawyer/1 CFNetwork/808.0.2 Darwin/15.5.0', '183.82.98.119', '2016-10-22 17:00:03', '0000-00-00 00:00:00'),
	(1007, 42, 'client', '42', NULL, 'Lawyer/1 CFNetwork/808.0.2 Darwin/15.5.0', '183.82.98.119', '2016-10-22 17:03:15', '0000-00-00 00:00:00'),
	(1008, 42, 'client', '42', NULL, 'Lawyer/1 CFNetwork/808.0.2 Darwin/15.5.0', '183.82.98.119', '2016-10-22 17:06:15', '0000-00-00 00:00:00'),
	(1009, 42, 'client', '42', NULL, 'Lawyer/1 CFNetwork/808.0.2 Darwin/15.5.0', '183.82.98.119', '2016-10-22 17:07:02', '0000-00-00 00:00:00'),
	(1010, 42, 'client', '42', NULL, 'Lawyer/1 CFNetwork/808.0.2 Darwin/15.5.0', '183.82.98.119', '2016-10-22 17:11:06', '0000-00-00 00:00:00'),
	(1011, 42, 'client', '42', NULL, 'Lawyer/1 CFNetwork/808.0.2 Darwin/15.5.0', '183.82.98.119', '2016-10-22 17:14:40', '0000-00-00 00:00:00'),
	(1012, 42, 'client', '42', NULL, 'User/1 CFNetwork/808.0.2 Darwin/15.6.0', '183.82.98.119', '2016-10-22 17:35:03', '0000-00-00 00:00:00'),
	(1013, 42, 'client', '42', NULL, 'User/1 CFNetwork/808.0.2 Darwin/15.6.0', '183.82.98.119', '2016-10-22 17:37:54', '0000-00-00 00:00:00'),
	(1014, 42, 'client', '42', NULL, 'Lawyer/1 CFNetwork/808.0.2 Darwin/15.5.0', '183.82.98.119', '2016-10-22 17:44:22', '0000-00-00 00:00:00'),
	(1015, 42, 'client', '42', NULL, 'User/1 CFNetwork/808.0.2 Darwin/15.6.0', '183.82.98.119', '2016-10-22 17:45:45', '0000-00-00 00:00:00'),
	(1016, 42, 'client', '42', NULL, 'Lawyer/1 CFNetwork/808.0.2 Darwin/15.5.0', '183.82.98.119', '2016-10-22 17:46:33', '0000-00-00 00:00:00'),
	(1017, 42, 'client', '42', NULL, 'Lawyer/1 CFNetwork/808.0.2 Darwin/15.5.0', '183.82.98.119', '2016-10-22 17:47:07', '0000-00-00 00:00:00'),
	(1018, 42, 'client', '42', NULL, 'User/1 CFNetwork/808.0.2 Darwin/15.6.0', '183.82.98.119', '2016-10-22 17:49:00', '0000-00-00 00:00:00'),
	(1019, 42, 'client', '42', NULL, 'User/1 CFNetwork/808.0.2 Darwin/15.6.0', '183.82.98.119', '2016-10-22 17:54:00', '0000-00-00 00:00:00'),
	(1020, 42, 'client', '42', NULL, 'Lawyer/1 CFNetwork/808.0.2 Darwin/15.5.0', '183.82.98.119', '2016-10-22 17:56:28', '0000-00-00 00:00:00'),
	(1021, 42, 'client', '42', NULL, 'User/1 CFNetwork/808.0.2 Darwin/15.6.0', '183.82.98.119', '2016-10-22 17:57:30', '0000-00-00 00:00:00'),
	(1022, 42, 'client', '42', NULL, 'Lawyer/1 CFNetwork/808.0.2 Darwin/15.5.0', '183.82.98.119', '2016-10-22 18:03:57', '0000-00-00 00:00:00'),
	(1023, 42, 'client', '42', NULL, 'User/1 CFNetwork/808.0.2 Darwin/15.6.0', '183.82.98.119', '2016-10-22 18:09:39', '0000-00-00 00:00:00'),
	(1024, 42, 'client', '42', NULL, 'User/1 CFNetwork/808.0.2 Darwin/15.6.0', '183.82.98.119', '2016-10-22 18:11:05', '0000-00-00 00:00:00'),
	(1025, 3, 'client', '3', NULL, 'Dalvik/2.1.0 (Linux; U; Android 5.1; XT1033 Build/LPBS23.13-56-2)', '183.82.98.119', '2016-10-22 18:11:11', '0000-00-00 00:00:00'),
	(1026, 42, 'client', '42', NULL, 'Lawyer/1 CFNetwork/808.0.2 Darwin/15.5.0', '183.82.98.119', '2016-10-22 18:11:16', '0000-00-00 00:00:00'),
	(1027, 42, 'client', '42', NULL, 'User/1 CFNetwork/808.0.2 Darwin/15.6.0', '183.82.98.119', '2016-10-22 18:14:09', '0000-00-00 00:00:00'),
	(1028, 42, 'client', '42', NULL, 'User/1 CFNetwork/808.0.2 Darwin/15.6.0', '183.82.98.119', '2016-10-22 18:16:14', '0000-00-00 00:00:00'),
	(1029, 42, 'client', '42', NULL, 'Lawyer/1 CFNetwork/808.0.2 Darwin/15.5.0', '183.82.98.119', '2016-10-22 18:17:57', '0000-00-00 00:00:00'),
	(1030, 42, 'client', '42', NULL, 'Lawyer/1 CFNetwork/808.0.2 Darwin/15.5.0', '183.82.98.119', '2016-10-22 18:18:33', '0000-00-00 00:00:00'),
	(1031, 42, 'client', '42', NULL, 'Lawyer/1 CFNetwork/808.0.2 Darwin/15.5.0', '183.82.98.119', '2016-10-22 18:20:17', '0000-00-00 00:00:00'),
	(1032, 42, 'client', '42', NULL, 'Lawyer/1 CFNetwork/808.0.2 Darwin/15.5.0', '183.82.98.119', '2016-10-22 18:25:32', '0000-00-00 00:00:00'),
	(1033, 42, 'client', '42', NULL, 'User/1 CFNetwork/808.0.2 Darwin/15.6.0', '183.82.98.119', '2016-10-22 18:28:21', '0000-00-00 00:00:00'),
	(1034, 42, 'client', '42', NULL, 'User/1 CFNetwork/808.0.2 Darwin/15.6.0', '183.82.98.119', '2016-10-22 18:34:27', '0000-00-00 00:00:00'),
	(1035, 42, 'client', '42', NULL, 'User/1 CFNetwork/808.0.2 Darwin/15.6.0', '183.82.98.119', '2016-10-22 18:43:12', '0000-00-00 00:00:00'),
	(1036, 42, 'client', '42', NULL, 'User/1 CFNetwork/808.0.2 Darwin/15.6.0', '183.82.98.119', '2016-10-22 18:45:47', '0000-00-00 00:00:00'),
	(1037, 42, 'client', '42', NULL, 'User/1 CFNetwork/808.0.2 Darwin/15.6.0', '183.82.98.119', '2016-10-22 18:49:24', '0000-00-00 00:00:00'),
	(1038, 42, 'client', '42', NULL, 'Lawyer/1 CFNetwork/808.0.2 Darwin/15.5.0', '183.82.98.119', '2016-10-22 18:57:39', '0000-00-00 00:00:00'),
	(1039, 42, 'client', '42', NULL, 'Lawyer/1 CFNetwork/808.0.2 Darwin/15.5.0', '183.82.98.119', '2016-10-22 19:03:13', '0000-00-00 00:00:00'),
	(1040, 42, 'client', '42', NULL, 'Lawyer/1 CFNetwork/808.0.2 Darwin/15.5.0', '183.82.98.119', '2016-10-22 19:03:34', '0000-00-00 00:00:00'),
	(1041, 42, 'client', '42', NULL, 'Lawyer/1 CFNetwork/808.0.2 Darwin/15.5.0', '183.82.98.119', '2016-10-22 19:04:39', '0000-00-00 00:00:00'),
	(1042, 42, 'client', '42', NULL, 'Lawyer/1 CFNetwork/808.0.2 Darwin/15.5.0', '183.82.98.119', '2016-10-22 19:06:36', '0000-00-00 00:00:00'),
	(1043, 42, 'client', '42', NULL, 'Lawyer/1 CFNetwork/808.0.2 Darwin/15.5.0', '183.82.98.119', '2016-10-22 19:08:39', '0000-00-00 00:00:00'),
	(1044, 42, 'client', '42', NULL, 'Lawyer/1 CFNetwork/808.0.2 Darwin/15.5.0', '183.82.98.119', '2016-10-22 19:20:16', '0000-00-00 00:00:00'),
	(1045, 42, 'client', '42', NULL, 'Lawyer/1 CFNetwork/808.0.2 Darwin/15.5.0', '183.82.98.119', '2016-10-22 19:24:18', '0000-00-00 00:00:00'),
	(1046, 42, 'client', '42', NULL, 'Lawyer/1 CFNetwork/808.0.2 Darwin/15.5.0', '183.82.98.119', '2016-10-22 19:24:47', '0000-00-00 00:00:00'),
	(1047, 42, 'client', '42', NULL, 'Lawyer/1 CFNetwork/808.0.2 Darwin/15.5.0', '183.82.98.119', '2016-10-22 19:25:12', '0000-00-00 00:00:00'),
	(1048, 42, 'client', '42', NULL, 'Lawyer/1 CFNetwork/808.0.2 Darwin/15.5.0', '183.82.98.119', '2016-10-22 19:26:54', '0000-00-00 00:00:00'),
	(1049, 42, 'client', '42', NULL, 'Lawyer/1 CFNetwork/808.0.2 Darwin/15.5.0', '183.82.98.119', '2016-10-22 19:29:07', '0000-00-00 00:00:00'),
	(1050, 57, 'client', '57', NULL, 'Mozilla/5.0 (Windows NT 10.0; Win64; x64) AppleWebKit/537.36 (KHTML, like Gecko) Chrome/53.0.2785.143 Safari/537.36', '202.78.251.130', '2016-10-24 12:47:42', '0000-00-00 00:00:00'),
	(1051, 54, 'client', '54', NULL, 'Dalvik/2.1.0 (Linux; U; Android 6.0.1; Nexus 5 Build/M4B30X)', '202.78.251.151', '2016-10-24 15:10:15', '0000-00-00 00:00:00'),
	(1052, 42, 'client', '42', NULL, 'Lawyer/1 CFNetwork/808.0.2 Darwin/15.5.0', '183.82.98.119', '2016-10-25 15:40:20', '0000-00-00 00:00:00'),
	(1053, 42, 'client', '42', NULL, 'Lawyer/1 CFNetwork/808.0.2 Darwin/15.5.0', '183.82.98.119', '2016-10-25 15:43:27', '0000-00-00 00:00:00'),
	(1054, 42, 'client', '42', NULL, 'Lawyer/1 CFNetwork/808.0.2 Darwin/15.5.0', '183.82.98.119', '2016-10-25 15:44:34', '0000-00-00 00:00:00'),
	(1055, 42, 'client', '42', NULL, 'Lawyer/1 CFNetwork/808.0.2 Darwin/15.5.0', '183.82.98.119', '2016-10-25 15:46:50', '0000-00-00 00:00:00'),
	(1056, 42, 'client', '42', NULL, 'Lawyer/1 CFNetwork/808.0.2 Darwin/15.5.0', '183.82.98.119', '2016-10-25 15:47:57', '0000-00-00 00:00:00'),
	(1057, 42, 'client', '42', NULL, 'Lawyer/1 CFNetwork/808.0.2 Darwin/15.5.0', '183.82.98.119', '2016-10-25 15:51:21', '0000-00-00 00:00:00'),
	(1058, 42, 'client', '42', NULL, 'Lawyer/1 CFNetwork/808.0.2 Darwin/15.5.0', '183.82.98.119', '2016-10-25 15:52:32', '0000-00-00 00:00:00'),
	(1059, 42, 'client', '42', NULL, 'Lawyer/1 CFNetwork/808.0.2 Darwin/15.5.0', '183.82.98.119', '2016-10-25 16:07:12', '0000-00-00 00:00:00'),
	(1060, 42, 'client', '42', NULL, 'Lawyer/1 CFNetwork/808.0.2 Darwin/15.5.0', '183.82.98.119', '2016-10-25 16:08:57', '0000-00-00 00:00:00'),
	(1061, 42, 'client', '42', NULL, 'Lawyer/1 CFNetwork/808.0.2 Darwin/15.5.0', '183.82.98.119', '2016-10-25 16:11:45', '0000-00-00 00:00:00'),
	(1062, 42, 'client', '42', NULL, 'Dalvik/2.1.0 (Linux; U; Android 5.1; XT1033 Build/LPBS23.13-56-2)', '183.82.98.119', '2016-10-25 16:13:06', '0000-00-00 00:00:00'),
	(1063, 42, 'client', '42', NULL, 'Dalvik/2.1.0 (Linux; U; Android 5.1; XT1033 Build/LPBS23.13-56-2)', '183.82.98.119', '2016-10-25 16:18:12', '0000-00-00 00:00:00'),
	(1064, 42, 'client', '42', NULL, 'Lawyer/1 CFNetwork/808.0.2 Darwin/15.5.0', '183.82.98.119', '2016-10-25 16:30:21', '0000-00-00 00:00:00'),
	(1065, 42, 'client', '42', NULL, 'Lawyer/1 CFNetwork/808.0.2 Darwin/15.5.0', '183.82.98.119', '2016-10-25 16:47:33', '0000-00-00 00:00:00'),
	(1066, 42, 'client', '42', NULL, 'Lawyer/1 CFNetwork/808.0.2 Darwin/15.5.0', '183.82.98.119', '2016-10-25 16:49:19', '0000-00-00 00:00:00'),
	(1067, 42, 'client', '42', NULL, 'Lawyer/1 CFNetwork/808.0.2 Darwin/15.6.0', '117.98.153.17', '2016-10-29 15:18:52', '0000-00-00 00:00:00'),
	(1068, 42, 'client', '42', NULL, 'User/1 CFNetwork/808.0.2 Darwin/15.6.0', '117.98.153.17', '2016-10-29 15:35:37', '0000-00-00 00:00:00'),
	(1069, 42, 'client', '42', NULL, 'User/1 CFNetwork/808.0.2 Darwin/15.6.0', '117.98.153.17', '2016-10-29 15:41:54', '0000-00-00 00:00:00'),
	(1070, 42, 'client', '42', NULL, 'User/1 CFNetwork/808.0.2 Darwin/15.6.0', '117.98.153.17', '2016-10-29 15:43:23', '0000-00-00 00:00:00'),
	(1071, 42, 'client', '42', NULL, 'Lawyer/1 CFNetwork/758.5.3 Darwin/15.6.0', '117.98.153.17', '2016-10-29 15:52:07', '0000-00-00 00:00:00'),
	(1072, 42, 'client', '42', NULL, 'User/1 CFNetwork/758.5.3 Darwin/15.6.0', '117.98.153.17', '2016-10-29 16:03:53', '0000-00-00 00:00:00'),
	(1073, 42, 'client', '42', NULL, 'User/1 CFNetwork/808.1.4 Darwin/16.1.0', '117.98.153.17', '2016-10-29 17:22:32', '0000-00-00 00:00:00'),
	(1074, 42, 'client', '42', NULL, 'User/1 CFNetwork/808.1.4 Darwin/16.1.0', '117.98.153.17', '2016-10-29 17:31:26', '0000-00-00 00:00:00'),
	(1075, 42, 'client', '42', NULL, 'Lawyer/1 CFNetwork/808.1.4 Darwin/16.1.0', '117.98.153.17', '2016-10-29 17:35:21', '0000-00-00 00:00:00'),
	(1076, 57, 'client', '57', NULL, 'Dalvik/2.1.0 (Linux; U; Android 5.1; XT1033 Build/LPBS23.13-56-2)', '183.82.98.119', '2016-11-16 13:35:47', '0000-00-00 00:00:00'),
	(1077, 57, 'client', '57', NULL, 'Dalvik/2.1.0 (Linux; U; Android 5.1; XT1033 Build/LPBS23.13-56-2)', '183.82.98.119', '2016-11-16 13:37:53', '0000-00-00 00:00:00'),
	(1078, 54, 'client', '54', NULL, 'Dalvik/2.1.0 (Linux; U; Android 5.1; XT1033 Build/LPBS23.13-56-2)', '183.82.98.119', '2016-11-16 13:41:25', '0000-00-00 00:00:00'),
	(1079, 54, 'client', '54', NULL, 'Dalvik/2.1.0 (Linux; U; Android 5.1; XT1033 Build/LPBS23.13-56-2)', '183.82.98.119', '2016-11-16 13:42:19', '0000-00-00 00:00:00'),
	(1080, 54, 'client', '54', NULL, 'Dalvik/2.1.0 (Linux; U; Android 5.1; XT1033 Build/LPBS23.13-56-2)', '183.82.98.119', '2016-11-16 13:46:38', '0000-00-00 00:00:00'),
	(1081, 16, 'client', '16', NULL, 'Dalvik/2.1.0 (Linux; U; Android 6.0.1; F8332 Build/39.0.A.3.30)', '14.140.147.148', '2016-11-21 14:33:16', '0000-00-00 00:00:00'),
	(1082, 18, 'client', '18', NULL, 'Mozilla/5.0 (Windows NT 6.3; WOW64) AppleWebKit/537.36 (KHTML, like Gecko) Chrome/55.0.2883.87 Safari/537.36', '0', '2017-01-15 12:55:21', '0000-00-00 00:00:00'),
	(1083, 18, 'client', '18', NULL, '', '0', '2017-01-15 12:57:36', '0000-00-00 00:00:00');
/*!40000 ALTER TABLE `oauth_sessions` ENABLE KEYS */;


-- Dumping structure for table lawmsac_lawyer.oauth_session_scopes
CREATE TABLE IF NOT EXISTS `oauth_session_scopes` (
  `id` int(11) unsigned NOT NULL AUTO_INCREMENT,
  `session_id` int(10) unsigned NOT NULL,
  `scope_id` int(11) NOT NULL,
  `created_at` timestamp NOT NULL DEFAULT '0000-00-00 00:00:00',
  `updated_at` timestamp NOT NULL DEFAULT CURRENT_TIMESTAMP ON UPDATE CURRENT_TIMESTAMP,
  PRIMARY KEY (`id`),
  KEY `oauth_session_scopes_session_id_index` (`session_id`),
  KEY `oauth_session_scopes_scope_id_index` (`scope_id`)
) ENGINE=InnoDB DEFAULT CHARSET=utf8 COLLATE=utf8_unicode_ci;

-- Dumping data for table lawmsac_lawyer.oauth_session_scopes: ~0 rows (approximately)
/*!40000 ALTER TABLE `oauth_session_scopes` DISABLE KEYS */;
/*!40000 ALTER TABLE `oauth_session_scopes` ENABLE KEYS */;


-- Dumping structure for table lawmsac_lawyer.rating
CREATE TABLE IF NOT EXISTS `rating` (
  `id_rating` int(11) NOT NULL AUTO_INCREMENT,
  `lawyer_id` int(11) DEFAULT NULL,
  `user_id` int(11) DEFAULT NULL,
  `rating` int(11) DEFAULT NULL,
  `reference_type` varchar(225) NOT NULL,
  `reference_id` int(11) NOT NULL,
  `type` varchar(225) NOT NULL DEFAULT 'lawyer',
  `created_date_time` timestamp NOT NULL DEFAULT CURRENT_TIMESTAMP,
  PRIMARY KEY (`id_rating`)
) ENGINE=InnoDB AUTO_INCREMENT=46 DEFAULT CHARSET=latin1;

-- Dumping data for table lawmsac_lawyer.rating: ~43 rows (approximately)
/*!40000 ALTER TABLE `rating` DISABLE KEYS */;
INSERT INTO `rating` (`id_rating`, `lawyer_id`, `user_id`, `rating`, `reference_type`, `reference_id`, `type`, `created_date_time`) VALUES
	(1, 7, 8, 4, '', 0, 'lawyer', '2016-08-13 16:27:38'),
	(2, 7, NULL, 4, '', 0, 'lawyer', '2016-08-23 15:11:15'),
	(3, 7, NULL, 5, '', 0, 'lawyer', '2016-08-23 15:11:44'),
	(4, 3, NULL, 5, '', 0, 'lawyer', '2016-08-23 15:17:28'),
	(5, 3, NULL, 5, '', 0, 'lawyer', '2016-08-23 15:17:50'),
	(6, 5, NULL, 5, '', 0, 'lawyer', '2016-08-23 15:18:26'),
	(7, 3, NULL, 5, '', 0, 'lawyer', '2016-08-23 15:19:17'),
	(8, NULL, 4, 3, 'company', 2, 'lawyer', '2016-08-23 23:12:11'),
	(9, 3, 4, 3, 'company', 3, 'lawyer', '2016-08-23 23:12:52'),
	(10, 3, 4, 1, 'appeal', 1, 'lawyer', '2016-08-23 23:22:22'),
	(11, 25, NULL, 5, '', 0, 'lawyer', '2016-09-02 11:44:57'),
	(12, 3, NULL, 4, '', 0, 'lawyer', '2016-09-02 17:03:18'),
	(13, 15, NULL, 5, '', 0, 'lawyer', '2016-09-07 11:23:14'),
	(14, 15, NULL, 5, '', 0, 'lawyer', '2016-09-07 11:23:23'),
	(15, 15, NULL, 5, '', 0, 'lawyer', '2016-09-07 11:23:38'),
	(16, 3, NULL, 5, '', 0, 'lawyer', '2016-09-07 11:24:18'),
	(17, 25, NULL, 5, '', 0, 'lawyer', '2016-09-07 11:24:25'),
	(18, 2, NULL, 5, '', 0, 'lawyer', '2016-09-07 11:24:38'),
	(19, 15, NULL, 5, '', 0, 'lawyer', '2016-09-07 11:25:14'),
	(20, 15, NULL, 5, '', 0, 'lawyer', '2016-09-07 11:25:22'),
	(21, 25, NULL, 5, '', 0, 'lawyer', '2016-09-07 11:25:36'),
	(22, 25, NULL, 5, '', 0, 'lawyer', '2016-09-07 16:42:50'),
	(23, 7, 6, 3, 'consultation', 19, 'lawyer', '2016-09-10 12:45:23'),
	(24, 25, NULL, 3, '', 0, 'lawyer', '2016-09-12 10:28:58'),
	(25, 25, NULL, 5, '', 0, 'lawyer', '2016-09-12 17:56:41'),
	(26, 25, NULL, 4, '', 0, 'lawyer', '2016-09-15 11:42:47'),
	(27, 25, NULL, 4, '', 0, 'lawyer', '2016-09-15 16:17:59'),
	(28, 25, NULL, 5, '', 0, 'lawyer', '2016-09-16 10:49:14'),
	(29, 3, 4, 3, 'contract', 2, 'lawyer', '2016-09-17 14:18:08'),
	(30, 3, 4, 1, 'contract', 3, 'lawyer', '2016-09-17 14:20:35'),
	(31, 25, NULL, 5, '', 0, 'lawyer', '2016-09-22 17:22:31'),
	(32, 25, NULL, 5, '', 0, 'lawyer', '2016-09-23 10:44:54'),
	(33, 3, 4, 3, 'consultation', 33, 'lawyer', '2016-09-25 20:39:09'),
	(34, 3, 4, 5, 'consultation', 43, 'lawyer', '2016-09-25 21:36:10'),
	(35, 7, 6, 3, 'consultation', 44, 'lawyer', '2016-09-26 13:26:27'),
	(36, 7, 8, 2, 'contract', 1, 'user', '2016-09-28 23:03:26'),
	(37, 25, 34, 4, 'consultation', 39, 'user', '2016-10-03 10:47:03'),
	(38, 25, 40, 5, 'company', 30, 'user', '2016-10-03 10:57:35'),
	(39, 25, 40, 5, 'company', 29, 'user', '2016-10-03 10:58:22'),
	(40, 25, 6, 3, 'consultation', 56, 'lawyer', '2016-10-08 12:01:42'),
	(41, 15, 6, 1, 'company', 33, 'lawyer', '2016-10-08 13:20:20'),
	(42, 15, 6, 3, 'company', 31, 'lawyer', '2016-10-08 13:21:13'),
	(43, 52, 6, 4, 'company', 34, 'lawyer', '2016-11-20 11:49:03'),
	(44, 66, 65, 5, 'consultation', 75, 'lawyer', '2016-12-16 12:18:05'),
	(45, 67, 65, 5, 'consultation', 80, 'lawyer', '2017-01-03 17:28:11');
/*!40000 ALTER TABLE `rating` ENABLE KEYS */;


-- Dumping structure for table lawmsac_lawyer.service
CREATE TABLE IF NOT EXISTS `service` (
  `id_service` int(11) NOT NULL AUTO_INCREMENT,
  `language_id` int(11) DEFAULT NULL,
  `service_title` varchar(255) CHARACTER SET utf8 DEFAULT NULL,
  `service_flag` int(11) DEFAULT NULL,
  `service_status` tinyint(255) DEFAULT '1',
  `color_code` varchar(225) CHARACTER SET utf8 DEFAULT NULL,
  `icon` varchar(225) CHARACTER SET utf8 DEFAULT NULL,
  `service_key` varchar(225) DEFAULT NULL,
  PRIMARY KEY (`id_service`)
) ENGINE=MyISAM AUTO_INCREMENT=17 DEFAULT CHARSET=latin1;

-- Dumping data for table lawmsac_lawyer.service: 8 rows
/*!40000 ALTER TABLE `service` DISABLE KEYS */;
INSERT INTO `service` (`id_service`, `language_id`, `service_title`, `service_flag`, `service_status`, `color_code`, `icon`, `service_key`) VALUES
	(3, 1, 'Consultation', 1, 1, '#6ACA25', '', 'consultation'),
	(4, 2, 'تشاور', 1, 1, '#6ACA25', '', 'consultation'),
	(5, 1, 'Contract Writing', 2, 1, '#4182E8', '', 'contract-writing'),
	(6, 2, 'الكتابة عقد', 2, 1, '#4182E8', '', 'contract-writing'),
	(7, 1, 'Establish Company', 3, 1, '#FF9900', '', 'company'),
	(8, 2, 'تأسيس شركة', 3, 1, '#FF9900', '', 'company'),
	(9, 1, 'Appeal', 4, 1, '#f54337', '', 'appeal'),
	(10, 2, 'مناشدة', 4, 1, '#f54337', '', 'appeal');
/*!40000 ALTER TABLE `service` ENABLE KEYS */;


-- Dumping structure for table lawmsac_lawyer.service_transaction
CREATE TABLE IF NOT EXISTS `service_transaction` (
  `id_service_transaction` int(11) NOT NULL AUTO_INCREMENT,
  `reference_type` varchar(255) DEFAULT NULL,
  `reference_id` int(11) DEFAULT NULL,
  `amount` int(11) DEFAULT NULL,
  `response_code` varchar(255) DEFAULT NULL,
  `response_message` varchar(255) DEFAULT NULL,
  `created_date_time` timestamp NULL DEFAULT CURRENT_TIMESTAMP ON UPDATE CURRENT_TIMESTAMP,
  `user_id` int(11) DEFAULT NULL,
  PRIMARY KEY (`id_service_transaction`)
) ENGINE=InnoDB AUTO_INCREMENT=18 DEFAULT CHARSET=utf8;

-- Dumping data for table lawmsac_lawyer.service_transaction: ~14 rows (approximately)
/*!40000 ALTER TABLE `service_transaction` DISABLE KEYS */;
INSERT INTO `service_transaction` (`id_service_transaction`, `reference_type`, `reference_id`, `amount`, `response_code`, `response_message`, `created_date_time`, `user_id`) VALUES
	(1, 'consultation', 49, 2000, '14000', 'Success', NULL, 30),
	(2, 'consultation', 52, 2000, '14000', 'Success', '2016-10-05 10:33:52', 30),
	(3, 'consultation', 53, 2000, '14000', 'Success', '2016-10-05 11:15:24', 30),
	(4, 'appeal', 35, 2000, '14000', 'Success', '2016-10-05 13:05:52', 30),
	(5, 'company', 27, 2000, '14000', 'Success', '2016-10-05 15:57:48', 30),
	(6, 'consultation', 60, 2000, '14000', 'عملية ناجحة', '2016-10-24 12:14:22', 40),
	(7, 'consultation', 60, 2000, '14000', 'Success', '2016-10-24 12:39:25', 40),
	(8, 'consultation', 60, 2000, '14000', 'Success', '2016-10-24 12:47:55', 55),
	(9, 'consultation', 65, 1000, '14000', 'Success', '2016-10-24 15:00:16', 40),
	(10, 'consultation', 66, 1000, '14000', 'عملية ناجحة', '2016-10-24 15:13:11', 40),
	(11, 'consultation', 66, 1000, '14000', 'Success', '2016-10-24 15:16:14', 40),
	(12, 'consultation', 67, 1000, '14000', 'عملية ناجحة', '2016-10-24 15:28:06', 40),
	(13, 'consultation', 68, 1000, '14000', 'عملية ناجحة', '2016-10-24 15:35:47', 40),
	(14, 'consultation', 69, 1000, '14000', 'Success', '2016-10-24 16:26:21', 40),
	(15, 'consultation', 76, 1000, '00010', 'Invalid access code', '2017-01-07 11:00:31', 65),
	(16, 'appeal', 44, 1000, '00010', 'Invalid access code', '2017-01-12 06:48:15', 65),
	(17, 'appeal', 44, 1000, '00008', 'Signature mismatch', '2017-01-12 06:54:22', 65);
/*!40000 ALTER TABLE `service_transaction` ENABLE KEYS */;


-- Dumping structure for table lawmsac_lawyer.speciality
CREATE TABLE IF NOT EXISTS `speciality` (
  `id_speciality` int(11) NOT NULL AUTO_INCREMENT,
  `speciality` varchar(255) CHARACTER SET utf8 DEFAULT NULL,
  PRIMARY KEY (`id_speciality`)
) ENGINE=InnoDB AUTO_INCREMENT=4 DEFAULT CHARSET=latin1;

-- Dumping data for table lawmsac_lawyer.speciality: ~2 rows (approximately)
/*!40000 ALTER TABLE `speciality` DISABLE KEYS */;
INSERT INTO `speciality` (`id_speciality`, `speciality`) VALUES
	(1, 'Speciality'),
	(3, 'speciality-1');
/*!40000 ALTER TABLE `speciality` ENABLE KEYS */;


-- Dumping structure for table lawmsac_lawyer.user
CREATE TABLE IF NOT EXISTS `user` (
  `id_user` int(11) NOT NULL AUTO_INCREMENT,
  `user_type_id` int(11) NOT NULL,
  `first_name` varchar(45) CHARACTER SET utf8 DEFAULT NULL,
  `father_name` varchar(255) CHARACTER SET utf8 DEFAULT NULL,
  `last_name` varchar(45) CHARACTER SET utf8 DEFAULT NULL,
  `email` varchar(45) CHARACTER SET utf8 DEFAULT NULL,
  `username` varchar(255) CHARACTER SET utf8 DEFAULT NULL,
  `password` varchar(45) CHARACTER SET utf8 NOT NULL,
  `gender` varchar(45) CHARACTER SET utf8 NOT NULL,
  `speciality_id` int(11) DEFAULT NULL,
  `is_certification` tinyint(2) NOT NULL,
  `mobile_number` bigint(20) NOT NULL,
  `country_id` int(11) DEFAULT NULL,
  `user_image` varchar(500) CHARACTER SET utf8 DEFAULT NULL,
  `experience` int(11) NOT NULL,
  `certification_attachment` varchar(500) CHARACTER SET utf8 DEFAULT NULL,
  `user_status` tinyint(2) NOT NULL DEFAULT '0',
  `created_date_time` timestamp NULL DEFAULT CURRENT_TIMESTAMP,
  PRIMARY KEY (`id_user`) USING BTREE,
  KEY `fk_users_user_role_idx` (`user_type_id`),
  KEY `country_id` (`country_id`),
  CONSTRAINT `user_ibfk_2` FOREIGN KEY (`user_type_id`) REFERENCES `user_type` (`id_user_type`)
) ENGINE=InnoDB AUTO_INCREMENT=74 DEFAULT CHARSET=latin1;

-- Dumping data for table lawmsac_lawyer.user: ~54 rows (approximately)
/*!40000 ALTER TABLE `user` DISABLE KEYS */;
INSERT INTO `user` (`id_user`, `user_type_id`, `first_name`, `father_name`, `last_name`, `email`, `username`, `password`, `gender`, `speciality_id`, `is_certification`, `mobile_number`, `country_id`, `user_image`, `experience`, `certification_attachment`, `user_status`, `created_date_time`) VALUES
	(1, 3, 'Abdullah', 'Saleh', 'Dabil', 'asdabil@gmail.com', 'asdabil', '690a8f7fdc6829e8392004996cf175a9', 'male', NULL, 0, 966553478499, 1, 'http://lawm.sa/uploads/1473597914.png', 0, NULL, 1, '2016-08-13 12:00:26'),
	(2, 1, 'admin', NULL, NULL, 'admin@lawm.sa', 'Admin', '5a05254570cc97ac9582ad7c5877f1ad', '', NULL, 0, 0, NULL, NULL, 0, NULL, 0, '2016-08-13 12:08:04'),
	(3, 2, 'basha', 'subhani', 'shaik', 'sthanka9@gmail.com', 'sthanka', 'e10adc3949ba59abbe56e057f20f883e', 'male', 1, 0, 1234567895, 1, 'http://lawm.sa/admin/uploads/Hydrangeas_1475003462.jpg', 4, '', 1, '2016-08-13 13:16:34'),
	(4, 3, 'sthanka', '', '', 'sthanka9@gmail.com', 'sthanka', 'e10adc3949ba59abbe56e057f20f883e', 'male', NULL, 0, 0, 0, 'http://lawm.sa/uploads/1478282992anthemum.jpg', 0, NULL, 1, '2016-08-13 13:19:46'),
	(5, 2, 'Abdullah', 'Dabil', 'Saleh', 'asdabil@gmail.com', 'asdabil', '6a76ae5ea7341ab185ba6cff4e20e39c', 'male', 3, 1, 966553478499, 1, '', 6, 'http://lawm.sa/uploads/1471083423.jpg', 1, '2016-08-13 15:47:03'),
	(6, 3, 'Mohammed Arif', 'Firoz', 'Adoni', 'mdarif@yahoo.com', 'mdarif', '106be9639095b3a8eab63a4553bc0434', 'male', NULL, 0, 9849333201, 1, 'http://lawm.sa/uploads/1471083942.jpg', 0, NULL, 1, '2016-08-13 15:55:42'),
	(7, 2, 'Mohammed Arif', 'Firoz', 'Adoni', 'mdarif@yahoo.com', 'mdarif', 'd45bc890ff9e72c40ee3a8f214c7f78a', 'male', 1, 0, 919849333201, 1, 'http://lawm.sa/uploads/1473490013.jpg', 3, '', 1, '2016-08-13 16:03:14'),
	(8, 3, 'malli', 'malli', 'malli', 'malli@gmail.com', 'malli', '9b69efa4247a1b7e7ddc1814bae141d7', 'male', NULL, 0, 1111111111, 1, NULL, 0, NULL, 1, '2016-08-13 16:11:31'),
	(9, 3, '', '', '', 'sthanka@gmail.com', 'sthanka1', 'e10adc3949ba59abbe56e057f20f883e', 'Select Gender', NULL, 0, 0, 0, NULL, 0, NULL, 0, '2016-08-18 01:08:52'),
	(10, 3, 'ss', 'ss', 'ss', 'mlqof1@gmail.com', 'ss', '9f6e6800cfae7749eb6c486619254b9c', 'male', NULL, 0, 2189, 1, NULL, 0, NULL, 0, '2016-08-21 03:09:50'),
	(11, 3, 'ganga', 'raju', 'raju', 'graju83.b@gmail.com', 'raju', '827ccb0eea8a706c4c34a16891f84e7b', 'male', NULL, 0, 8886392972, 1, NULL, 0, NULL, 1, '2016-08-25 00:07:00'),
	(12, 3, 'Raju12', 'Raju', 'Raju', 'raju83.b@gmail.comg', 'Ganga', '202cb962ac59075b964b07152d234b70', 'male', 0, 0, 124, 0, '', 0, '0', 1, '2016-08-25 09:30:29'),
	(13, 3, 'bb', 'dd', 'cc', 'graju.b@gmail.com', 'aa', '24901038dd537faf66af16e30d57f982', 'male', 0, 0, 123, 0, '', 0, '0', 1, '2016-08-25 10:43:15'),
	(14, 3, 'aa', 'bb', 'cc', 'graju1.b@gmail.com', '123', '202cb962ac59075b964b07152d234b70', 'male', NULL, 0, 123, 1, NULL, 0, NULL, 1, '2016-08-25 10:57:27'),
	(15, 2, 'Raju123', 'ganga', 'Raju', 'graju.b@gmail.com', 'Ganga', '202cb962ac59075b964b07152d234b70', 'male', 0, 0, 124, 0, 'http://lawm.sa/uploads/14761236220150918_193707601.jpg', 1, '0', 1, '2016-08-27 00:02:44'),
	(24, 3, 'malli1', 'malli1', 'malli1', 'malli1@gmail.com', 'malli1', '025dde0aea16a7e4e61b7a949ca4af2f', 'male', 1, 0, 11111111111, 1, 'http://lawm.sa/rest_api/uploads/ink_1472531414.png', 0, '0', 1, '2016-08-30 10:00:14'),
	(25, 2, 'mallikarjun', 'mallikarjun', 'mallikarjun', 'mallikarjun@gmail.com', 'mallikarjun', 'dc51780172dadb1b13c059bc1cb68557', 'Female', 1, 0, 11111111111, 1, 'http://lawm.sa/rest_api/uploads/IMG_20160916_103203_1474002143.jpg', 5, 'http://lawm.sa/rest_api/uploads/ink_1472531496.png', 1, '2016-08-30 10:01:36'),
	(26, 3, 'raju', 'Ganga1234', 'ganga', 'graju2.b@gmail.com', 'ganaga', '202cb962ac59075b964b07152d234b70', 'male', 0, 0, 123, 0, 'http://lawm.sa/uploads/1472583697.png', 0, '0', 1, '2016-08-30 11:02:14'),
	(27, 2, 'a', '', 'b', 'abc7891@gmail.com', '789', 'e10adc3949ba59abbe56e057f20f883e', 'male', 0, 0, 123, 1, '', 0, '0', 1, '2016-09-06 21:42:07'),
	(28, 3, 'a', '', 'b', 'abc7891@gmail.com', '789', 'e10adc3949ba59abbe56e057f20f883e', 'male', 0, 0, 123, 1, '', 0, '0', 1, '2016-09-06 21:45:02'),
	(29, 3, 'ae', '', 'op', 'tester@gmail.com', 'tester@gmail.com', '2d8bd74cee3bed8873a458727fd0710d', 'male', 0, 0, 123, 1, '', 0, '0', 1, '2016-09-06 22:24:11'),
	(30, 3, 'tester5', 'tester5', 'tester5', 'tester5@gmail.com', 'tester5@gmail.com', '5a1478e5582745d17f96e88ff33730cd', 'male', 0, 0, 1111111111, 1, 'http://lawm.sa/rest_api/uploads/IMG_20160915_142638_1473929821.jpg', 0, '0', 1, '2016-09-06 22:57:22'),
	(31, 3, 'tester6', 'tester6', 'tester6', 'tester6@gmail.com', 'tester6@gmail.com', 'e10adc3949ba59abbe56e057f20f883e', 'male', 0, 0, 1111111111, 1, 'http://lawm.sa/rest_api/uploads/Penguins_1473183108.jpg', 0, '0', 1, '2016-09-06 23:01:48'),
	(32, 3, 'tester8', 'tester8', 'tester8', 'tester8@gmail.com', 'tester8@gmail.com', 'e10adc3949ba59abbe56e057f20f883e', 'male', 0, 0, 1111111111, 1, 'http://lawm.sa/rest_api/uploads/Penguins_1473183560.jpg', 0, '0', 1, '2016-09-06 23:09:20'),
	(33, 3, 'tester7', 'tester7', 'tester7', 'tester7@gmail.com', 'tester7@gmail.com', 'e10adc3949ba59abbe56e057f20f883e', 'male', 0, 0, 1111111111, 1, 'http://lawm.sa/rest_api/uploads/Penguins_1473183634.jpg', 0, '0', 1, '2016-09-06 23:10:34'),
	(34, 3, 'tester999', 'tester999', 'tester999', 'tester999@gmail.com', 'tester999', 'bf2f5b382eccfa3da50ba904ddbc72b9', 'male', 0, 0, 1111111111, 1, 'http://lawm.sa/rest_api/uploads/android-wallpaper5_2560x1600_1_1473222356.jpg', 0, '0', 1, '2016-09-07 09:55:56'),
	(35, 2, 'tester999', 'tester999', 'tester999', 'tester999@gmail.com', 'tester999', 'e10adc3949ba59abbe56e057f20f883e', 'Male', 1, 0, 1111111111, 1, 'http://lawm.sa/rest_api/uploads/IMG_20160907_180654_1473251875.jpg', 1, 'http://lawm.sa/rest_api/uploads/IMG_20160907_180642_1473251875.jpg', 1, '2016-09-07 18:07:55'),
	(36, 2, 'tester5', 'tester5', 'tester5', 'tester5@gmail.com', 'tester5', 'e10adc3949ba59abbe56e057f20f883e', 'Male', 1, 0, 1111111111, 1, 'http://lawm.sa/rest_api/uploads/IMG_20160907_181131_1473252332.jpg', 5, 'http://lawm.sa/rest_api/uploads/android-wallpaper5_2560x1600_1_1473252332.jpg', 0, '2016-09-07 18:15:32'),
	(37, 3, 'a', '', 'b', 'abc78915@gmail.com', '789', 'e10adc3949ba59abbe56e057f20f883e', 'male', 0, 0, 123456789, 1, 'http://lawm.sa/rest_api/uploads/Koala_1473267289.jpg', 0, '0', 1, '2016-09-07 22:24:49'),
	(38, 3, 'user', 'user', 'user', 'user@gmail.com', 'user', 'e10adc3949ba59abbe56e057f20f883e', 'male', 0, 0, 1111111111, 1, 'http://lawm.sa/rest_api/uploads/IMG_20160908_103013_1473310907.jpg', 0, '0', 1, '2016-09-08 10:31:47'),
	(39, 3, '9102016', '9102010', '', '1mdarif@yahoo.com', 'm', '3ce4c5f7f8d5ac1353cb2183bc7150ba', '', NULL, 0, 0, 0, NULL, 0, NULL, 1, '2016-09-10 12:02:53'),
	(40, 3, 'Tester9', 'Tester9', 'Tester9', 'tester9@gmail.com', 'Tester9', 'e10adc3949ba59abbe56e057f20f883e', 'male', 0, 0, 8758888889, 1, 'http://lawm.sa/rest_api/uploads/IMG_20160915_155751_1473935469.jpg', 0, '0', 1, '2016-09-15 16:01:09'),
	(41, 3, 'malli2', 'malli2', 'malli2', 'malli2@gmail.com', 'malli2', 'e10adc3949ba59abbe56e057f20f883e', 'male', 0, 0, 1111111111, 1, 'http://lawm.sa/rest_api/uploads/Screenshot_20160907-170429_1474097839.png', 0, '0', 1, '2016-09-17 13:07:19'),
	(42, 3, 'sara', 'test', 'test', 'sarahquda@gmail.com', 'sarahtest', 'e10adc3949ba59abbe56e057f20f883e', 'female', NULL, 0, 570072390, 1, NULL, 0, NULL, 1, '2016-09-18 14:54:00'),
	(43, 3, 'raju', 'raju', 'raju', 'raju@gmail', 'ganga', '202cb962ac59075b964b07152d234b70', 'male', 0, 0, 45345345345345, 0, '', 0, '0', 1, '2016-09-28 00:19:40'),
	(44, 3, '', '', '', 'sdf@gmail.com', 'sdf', '7367cc4cee061a476290d18978830414', 'male', NULL, 0, 1234567892, 1, NULL, 0, NULL, 1, '2016-10-02 19:13:53'),
	(51, 2, 'mohanbabu', 'subramanyam', 'pachipala', 'palaekirimohanbabu@gmail.com', 'pachipala', '69a65c7b6538b45fa127c226ac69fe3c', 'male', NULL, 0, 9581565753, 1, 'http://lawm.sa/uploads/1475421849-bg-new.jpg', 0, NULL, 1, '2016-10-02 20:54:10'),
	(52, 2, 'lawyer', 'lawyer', 'lawyer', 'dabilas@yahoo.com', 'lawyer', '66a0ce57791f7377b483ca9ad333ecaf', 'male', 1, 0, 9581565753, 1, '', 2, '', 1, '2016-10-02 21:06:59'),
	(53, 2, 'Test1', 'Test3', 'Test2', 'est@gmail.comT', 'Test', '202cb962ac59075b964b07152d234b70', 'male', 0, 0, 12345, 0, '', 1, '0', 0, '2016-10-03 23:49:46'),
	(54, 2, 'Tester', 'Tester', 't', 'tester@gmail.com', 'Tester', '27421e87ffe4c010adbce6ef17624218', 'Male', 1, 0, 111111111, 1, '', 1, '0', 1, '2016-10-12 11:42:52'),
	(55, 2, 'tester9', 'tester9', 't9', 'tester9@gmail.com', 'tester9', 'e10adc3949ba59abbe56e057f20f883e', 'Male', 1, 0, 1111111111, 1, 'http://lawm.sa/admin/uploads/115x140(F)_1476253400.png', 1, '0', 1, '2016-10-12 11:47:03'),
	(56, 3, 'FNTest', 'FTest', 'LTest', 'ftest@ftest.com', 'ftest', '16d7a4fca7442dda3ad93c9a726597e4', 'male', NULL, 0, 2323232323, 1, NULL, 0, NULL, 0, '2016-10-15 21:34:48'),
	(57, 2, 'ftest1', 'ftest1', 'ftest1', 'ftest12@ftest.com', 'fteee', 'bcfe94820b4ea7fc2d0371adf69b517a', 'female', 3, 1, 1234567890, 1, NULL, 14, NULL, 0, '2016-10-15 21:43:35'),
	(58, 2, 'Tatam', 'Apparao', 'Reddy', 'Tatammareddybvv@gmail.com', 'Tatam', 'ef6524580a13b7adf317acb8a0da6047', 'female', 0, 0, 9704519119, 0, '', 1, '0', 0, '2016-10-17 16:52:23'),
	(59, 2, 'محمد', 'حمد', 'الدوسري', 'info@almurafaat.com', ' محمد الدوسري', 'a63eb62e1a1a3718dd18fcf682b4edd1', 'male', 1, 1, 500000771, 1, '', 10, 'http://lawm.sa/uploads/1478013842izeRender.jpg', 1, '2016-11-01 20:54:02'),
	(60, 2, 'ganga', 'aa', 'raju', 'graju3.b@gmail.com', 'aa', 'd6bb9df9f513745c0aff2f454cd110ad', 'Male', 1, 0, 4444444444, 1, 'http://lawm.sa/rest_api/uploads/P_20160114_075853_1479701793.jpg', 1, 'http://lawm.sa/rest_api/uploads/IMG_20161121_094525_1479701793.jpg', 0, '2016-11-21 09:46:33'),
	(61, 2, 'ganga', 'ss', 'raju', 'graju4.b@gmail.com', 'aa', '202cb962ac59075b964b07152d234b70', 'Male', 1, 0, 55555555, 1, 'http://lawm.sa/rest_api/uploads/IMG_20161121_094906_1479701986.jpg', 1, '0', 0, '2016-11-21 09:49:46'),
	(62, 3, 'ganga', 'raju', 'raju', 'graju4.b@gmail.com', 'raju123', 'da5b273624c7abea15496b5730e7ca26', 'male', NULL, 0, 324234234, 1, NULL, 0, NULL, 0, '2016-11-21 11:47:38'),
	(63, 2, 'ajay', 'narayana', 'oarvathi=oju', 'parvathoju.rajkumar@gmail.com', 'parvathoju.rajkumar@gmail.com', '7e39de6dc4673837e766453822b3af7e', 'male', NULL, 0, 123456789, 1, 'http://lawm.sa/uploads/1479718475ins.jpg', 0, NULL, 1, '2016-11-21 14:24:36'),
	(64, 2, 'Aravind ', 'Muralidhar ', 'Prasad ', 'aravind@mparkoffices.com', 'aravind2', 'af6278bc69c25f2698c421ac3a0e44f2', 'Male', 1, 0, 9885272889, 1, 'http://lawm.sa/rest_api/uploads/sunil_1479718870.jpg', 7, '0', 0, '2016-11-21 14:31:10'),
	(65, 3, 'Arun', 'Prasad', 'Kotha', 'kothaarungupta@gmail.com', 'arun@user', 'e4567b3d41e57783d0008e76b66288ec', 'male', NULL, 0, 0, 1, 'http://localhost/lawm/uploads/1481599235.jpg', 0, NULL, 1, '2016-12-13 08:05:57'),
	(66, 2, 'Arun', 'Prasad', 'Kotha', 'kothaarungupta@gmail.com', 'arun@lawyer', 'e4567b3d41e57783d0008e76b66288ec', 'male', 1, 0, 0, 1, 'http://localhost/lawm/uploads/1481599235.jpg', 0, NULL, 1, '2016-12-13 08:05:57'),
	(67, 2, 'Arun', 'Prasad G', 'Kotha', 'iamarunkotha@gmail.com', 'arun.lawyer', 'e4567b3d41e57783d0008e76b66288ec', 'male', 1, 1, 9876543211, 1, 'http://localhost/lawm/admin/uploads/14666298_10207137695952909_6129964269217311201_n_1484650414.jpg', 2, 'http://localhost/lawm/uploads/1481874998r-Collage-8.jpg', 1, '2016-12-16 13:26:38'),
	(72, 3, NULL, NULL, NULL, 'kothaarungupta@gmail.co', 'kothaarungupta@gmail.co', 'e4567b3d41e57783d0008e76b66288ec', 'male', NULL, 0, 0, NULL, NULL, 0, NULL, 1, '2017-01-16 12:56:38'),
	(73, 3, NULL, NULL, NULL, 'test@gmail.com', 'test@gmail.com', '16d7a4fca7442dda3ad93c9a726597e4', 'male', NULL, 0, 0, NULL, NULL, 0, NULL, 1, '2017-01-16 17:49:26');
/*!40000 ALTER TABLE `user` ENABLE KEYS */;


-- Dumping structure for table lawmsac_lawyer.user_type
CREATE TABLE IF NOT EXISTS `user_type` (
  `id_user_type` int(11) NOT NULL AUTO_INCREMENT,
  `user_type` varchar(255) CHARACTER SET utf8 NOT NULL,
  `created_date_time` timestamp NULL DEFAULT CURRENT_TIMESTAMP,
  PRIMARY KEY (`id_user_type`)
) ENGINE=InnoDB AUTO_INCREMENT=4 DEFAULT CHARSET=latin1;

-- Dumping data for table lawmsac_lawyer.user_type: ~3 rows (approximately)
/*!40000 ALTER TABLE `user_type` DISABLE KEYS */;
INSERT INTO `user_type` (`id_user_type`, `user_type`, `created_date_time`) VALUES
	(1, 'Admin', '2016-04-16 22:14:48'),
	(2, 'Lawyer', '2016-04-16 22:14:58'),
	(3, 'Client', '2016-04-16 22:15:10');
/*!40000 ALTER TABLE `user_type` ENABLE KEYS */;
/*!40101 SET SQL_MODE=IFNULL(@OLD_SQL_MODE, '') */;
/*!40014 SET FOREIGN_KEY_CHECKS=IF(@OLD_FOREIGN_KEY_CHECKS IS NULL, 1, @OLD_FOREIGN_KEY_CHECKS) */;
/*!40101 SET CHARACTER_SET_CLIENT=@OLD_CHARACTER_SET_CLIENT */;
